company_name,n,observed,expected,rate_pct,sir,p_value,q_value,signal,outlier
ADVANCED RESOLUTION SERVICES INC.,2481,2480.0,1337.780319934989,99.95969367190649,1.8538170752284042,6.234540556892597e-171,2.4742219524353767e-169,WORSE than expected,above 99.8% limit
"CASCADE CISS HOLDINGS, LLC",1684,1684.0,923.2811975763234,100.0,1.8239297024791752,2.9615631874447967e-111,7.910790898770813e-110,WORSE than expected,above 99.8% limit
LCI ACQUISITION INC.,3119,3119.0,1748.0123867596633,100.0,1.7843122987141828,3.856691315825761e-191,1.7856480792273273e-189,WORSE than expected,above 99.8% limit
"FACTORTRUST, INC.",1915,1912.0,1083.419119079357,99.84334203655352,1.7647833293035622,6.277836455230463e-114,1.7795744563908393e-112,WORSE than expected,above 99.8% limit
"BETTERNOI, LLC",132,132.0,75.19015449163436,100.0,1.7555489929826689,4.053036147076435e-09,1.6130851599682432e-08,WORSE than expected,above 99.8% limit
"CARCO GROUP, INC.",148,148.0,85.32827191761129,100.0,1.7344778778937584,1.0044257348108752e-09,4.227719229249411e-09,WORSE than expected,above 99.8% limit
ENTRATA INC.,350,344.0,199.38320069862306,98.28571428571429,1.7253208835782106,2.1326277963503763e-20,1.4737412980749617e-19,WORSE than expected,above 99.8% limit
"OPEN DEALER EXCHANGE, LLC",1507,1507.0,885.990281183276,100.0,1.700921592488961,5.7114483376445974e-80,1.1018335751372703e-78,WORSE than expected,above 99.8% limit
CONTEMPORARY INFORMATION CORP,475,475.0,279.6447949951801,100.0,1.6985833761296611,3.1383363902905883e-26,2.519739448620594e-25,WORSE than expected,above 99.8% limit
MICROBILT / PRBC (FORMERLY CL VERIFY),2125,2125.0,1262.8725640421019,100.0,1.6826717600059893,6.276929456237925e-108,1.556902681199014e-106,WORSE than expected,above 99.8% limit
PARK HILL HOLDINGS,482,479.0,285.5604169076209,99.37759336099585,1.677403350181258,2.2941809349258893e-25,1.8105780219386708e-24,WORSE than expected,above 99.8% limit
"APPFOLIO, INC.",215,215.0,129.72174952895054,100.0,1.657393619656799,9.753448677317387e-12,4.753522881682053e-11,WORSE than expected,above 99.8% limit
"MIB GROUP, INC.",526,526.0,318.6726933597575,100.0,1.6505963986258012,3.195622112460978e-26,2.5509879966714357e-25,WORSE than expected,above 99.8% limit
"CROSSCHECK, INC.",242,242.0,147.56991833410194,100.0,1.6399006161411978,1.3688737038473127e-12,6.939290418408457e-12,WORSE than expected,above 99.8% limit
LOQBOX US INC,128,126.0,77.62802360235142,98.4375,1.6231251828003948,5.720413614623289e-07,1.8521339185808272e-06,WORSE than expected,above 99.8% limit
THE ALIGNED COMPANY DBA EXTRA,165,164.0,101.18029386277739,99.39393939393939,1.6208689828715053,1.2141843499319495e-08,4.5581136812310215e-08,WORSE than expected,above 99.8% limit
"WILLIAM D. MEEKER ENTERPRISES, INC.",287,287.0,177.16109159014556,100.0,1.6199945339237465,4.528290543642147e-14,2.4762974665822605e-13,WORSE than expected,above 99.8% limit
"ADVANTAGE CREDIT, INC.",365,365.0,228.89915751488064,100.0,1.5945886562569436,1.5311998296528472e-16,9.247115492990455e-16,WORSE than expected,above 99.8% limit
GROW CREDIT INC,256,253.0,159.72117849210966,98.828125,1.5840103509660641,1.2523074888332624e-11,5.977508941544335e-11,WORSE than expected,above 99.8% limit
CORELOGIC INC,9550,9546.0,6067.780308217009,99.95811518324608,1.5732276903751399,0.0,0.0,WORSE than expected,above 99.8% limit
VERISK ANALYTICS INC,435,434.0,276.2932960079664,99.77011494252874,1.5707945370758705,2.4741222208284997e-18,1.613406462314923e-17,WORSE than expected,above 99.8% limit
"FIDELITY NATIONAL INFORMATION SERVICES, INC. (FNIS)",20217,20215.0,12870.32696190558,99.9901073354108,1.570667167961906,0.0,0.0,WORSE than expected,above 99.8% limit
"NATIONAL CONSUMER TELECOM & UTILITIES EXCHANGE, INC.",2005,1996.0,1271.6285780374567,99.55112219451371,1.569640722513871,2.912015271816535e-78,5.3930522834042225e-77,WORSE than expected,above 99.8% limit
ONE SOURCE TECHNOLOGY,338,338.0,215.80774840935885,100.0,1.5662088247121626,1.911882201998569e-14,1.0622417514304049e-13,WORSE than expected,above 99.8% limit
"AVA FINANCE, INC",1009,1006.0,647.1334596685795,99.70267591674926,1.5545479606559196,8.833411629591132e-39,9.088599076668208e-38,WORSE than expected,above 99.8% limit
KOVO,1064,1061.0,684.9098622429067,99.71804511278195,1.5491089535862328,3.121091922113307e-40,3.284239908951048e-39,WORSE than expected,above 99.8% limit
"CHECKR, INC",1889,1888.0,1222.1659770199078,99.94706193753309,1.544798362497082,1.965402095377074e-69,3.329199403022873e-68,WORSE than expected,above 99.8% limit
SELF FINANCIAL INC.,12503,12397.0,8039.572938024363,99.15220347116691,1.5419973294062095,0.0,0.0,WORSE than expected,above 99.8% limit
FIRST PORTFOLIO SERVICING INC,1590,1590.0,1033.7553641618358,100.0,1.5380814988942426,1.0782656431735814e-57,1.4129348852529287e-56,WORSE than expected,above 99.8% limit
FIRST ADVANTAGE CORPORATION,1820,1819.0,1193.8518728405504,99.94505494505495,1.5236396083812516,3.716215482684062e-63,5.49130138877464e-62,WORSE than expected,above 99.8% limit
"LENTEGRITY MANAGEMENT, LLC",162,162.0,106.4005080572616,100.0,1.5225491208445772,6.573073736625479e-07,2.108544900732746e-06,WORSE than expected,above 99.8% limit
IPAC'S INC.,533,533.0,350.6781289272105,100.0,1.5199122957298363,1.8709413874705281e-19,1.261523100580856e-18,WORSE than expected,above 99.8% limit
TOMOCREDIT INC.,368,367.0,242.55911967057557,99.72826086956522,1.5130331957768897,1.3252823864426474e-13,7.052939596815468e-13,WORSE than expected,above 99.8% limit
"HIRERIGHT SOLUTIONS, INC.",461,461.0,305.75521173476835,100.0,1.5077420835589908,1.7805879568545226e-16,1.0706652260047325e-15,WORSE than expected,above 99.8% limit
INFORMATIVE RESEARCH,229,229.0,152.42683802292757,100.0,1.5023601025270532,9.14433536779502e-09,3.470350225646799e-08,WORSE than expected,above 99.8% limit
KIKOFF INC.,6951,6746.0,4541.66427610288,97.0507840598475,1.4853585800024438,4.261911998386742e-204,2.041308884744546e-202,WORSE than expected,above 99.8% limit
STERLING INFOSYSTEMS INC.,563,563.0,380.374056586653,100.0,1.4801219753317822,2.797152197632976e-18,1.815534767529067e-17,WORSE than expected,above 99.8% limit
VIVA FINANCE INC.,111,111.0,75.33739280759515,100.0,1.4733719320959766,0.00014295977763304277,0.0003382813136836395,WORSE than expected,above 99.8% limit
"CERTIFIED CREDIT REPORTING, INC.",106,106.0,72.02878532215333,100.0,1.4716338686805317,0.00021212224320198543,0.0004862009831807884,WORSE than expected,above 99.8% limit
"AVANT HOLDING COMPANY, INC.",3094,3080.0,2095.493224393402,99.5475113122172,1.4698210254970354,1.1050675582991053e-89,2.3614443668883958e-88,WORSE than expected,above 99.8% limit
"CONTINENTAL FINANCE COMPANY, LLC",3551,3538.0,2407.1907707612336,99.63390594198817,1.4697630295754112,1.0122792142876512e-102,2.4242341873199096e-101,WORSE than expected,above 99.8% limit
"SPARROW FINANCIAL, INC.",310,309.0,210.29699127114426,99.6774193548387,1.4693505510099953,2.333740232385176e-10,1.0193601203720154e-09,WORSE than expected,above 99.8% limit
EXPERIAN INFORMATION SOLUTIONS INC.,4078339,3554019.0,2419480.9936845917,87.14378574218573,1.4689179246610395,0.0,0.0,WORSE than expected,above 99.8% limit
"MERCHANTS & MEDICAL ADJUSTMENT BUREAU, INC. DBA CREDIT BUREAU ASSOCIATES",340,340.0,231.5889994652441,100.0,1.4681180919002406,3.2207486266129556e-11,1.4912066141217985e-10,WORSE than expected,above 99.8% limit
"SUNBIT, INC.",954,954.0,653.351222842721,100.0,1.460164099562194,4.379831929065132e-28,3.621182469923493e-27,WORSE than expected,above 99.8% limit
"SERVICING SOLUTIONS, LLC",232,232.0,159.11641743451614,100.0,1.4580519329218737,7.370339629746949e-08,2.5917472773970917e-07,WORSE than expected,above 99.8% limit
"UPLIFT, INC",354,352.0,241.43180437418783,99.43502824858757,1.4579686421696367,3.1853058409440005e-11,1.479729034471979e-10,WORSE than expected,above 99.8% limit
"PAVILION PAYMENTS US BUYERCO, LLC",287,260.0,178.4628148956515,90.59233449477352,1.456886131444379,1.2810751969498049e-08,4.7962626645910484e-08,WORSE than expected,above 99.8% limit
KASHABLE LLC,371,371.0,254.82726772113244,100.0,1.4558881524641232,1.1125628607550327e-11,5.328792460650829e-11,WORSE than expected,above 99.8% limit
DENEFITS LLC,239,235.0,161.4777591308482,98.32635983263599,1.4553087760499295,6.994555796570861e-08,2.4784280615910523e-07,WORSE than expected,above 99.8% limit
"AUSSRQ HOLDINGS, LLC",116,115.0,79.59201830752761,99.13793103448276,1.4448684986937137,0.0002272169225596996,0.0005199411951160176,WORSE than expected,above 99.8% limit
MERCURY FINANCIAL INTERMEDIATE LLC,399,376.0,260.3254583370067,94.23558897243107,1.4443458676763214,2.082722477895679e-11,9.740409164299994e-11,WORSE than expected,above 99.8% limit
"FIRST HELP FINANCIAL, LLC",214,206.0,143.2998203234448,96.26168224299066,1.4375454172589568,1.0169989586101526e-06,3.1744079854146113e-06,WORSE than expected,above 99.8% limit
MIDWEST RECEIVABLE SOLUTIONS LLC,105,105.0,73.65717293525573,100.0,1.425523079636717,0.0006814242742309454,0.0014384472901318892,WORSE than expected,above 99.8% limit
"PERPAY, INC.",278,273.0,192.01425047063387,98.20143884892086,1.4217694745617429,4.4566091124081806e-08,1.6120390773788968e-07,WORSE than expected,above 99.8% limit
CREDIT SERVICE COMPANY,108,108.0,76.02899274009822,100.0,1.420510730284081,0.0006415192950055895,0.001362492814621963,WORSE than expected,above 99.8% limit
POSSIBLE FINANCIAL INC,2720,2662.0,1886.661816988729,97.86764705882354,1.410957690471934,2.7703774209928275e-63,4.137692728773158e-62,WORSE than expected,above 99.8% limit
DIGNIFI,366,353.0,250.93736684904485,96.44808743169399,1.4067255284955327,1.4600813803427583e-09,6.0720150817248245e-09,WORSE than expected,above 99.8% limit
ARMY AND AIR FORCE EXCHANGE SERVICE,2481,2468.0,1758.4694677746859,99.47601773478436,1.4034932338763966,3.7648011962892753e-57,4.84195264967204e-56,WORSE than expected,above 99.8% limit
"EGL US, LLC",927,927.0,660.9817816197676,100.0,1.4024592292518894,2.087204902830126e-22,1.5178678586549973e-21,WORSE than expected,above 99.8% limit
"OLIPHANT FINANCIAL, LLC",409,409.0,291.7644040398626,100.0,1.4018159663648344,1.1171136241746554e-10,5.05430235823647e-10,WORSE than expected,above 99.8% limit
INCOMM HOLDINGS INC.,3478,3465.0,2472.5629142381053,99.62622196664749,1.4013799123359025,7.375544980423715e-79,1.4033742435354164e-77,WORSE than expected,above 99.8% limit
"SENSIBLE AUTO LENDING, LLC",244,244.0,174.25224916142903,100.0,1.4002688698379782,7.132420516765249e-07,2.272232132519938e-06,WORSE than expected,above 99.8% limit
"CASHREPUBLIC HOLDINGS, INC.",281,280.0,200.10763414473757,99.644128113879,1.3992469662475564,1.1395189778077762e-07,3.956979650437503e-07,WORSE than expected,above 99.8% limit
VELOCITY PORTFOLIO GROUP,2836,2833.0,2025.0626084399566,99.89421720733428,1.398969092704967,3.370427888603912e-64,5.144532238759158e-63,WORSE than expected,above 99.8% limit
PREMIUM CREDIT BUREAU,231,230.0,164.61455283142317,99.56709956709956,1.397203321601439,1.733120396921138e-06,5.204808571435681e-06,WORSE than expected,above 99.8% limit
"BOUNCE AI, INC.",1507,1507.0,1080.0830653160406,100.0,1.3952630574381242,1.8579388236018653e-34,1.7437006932317506e-33,WORSE than expected,above 99.8% limit
"AFFIRM HOLDINGS, INC",17222,17221.0,12355.123480705664,99.99419347346418,1.3938347137439067,0.0,0.0,WORSE than expected,above 99.8% limit
"OLIPHANT UNITED, INC.",603,603.0,432.64981452539587,100.0,1.3937368739230207,1.2462605095926038e-14,6.980063902516639e-14,WORSE than expected,above 99.8% limit
ABSOLUTE RESOLUTIONS CORP.,2524,2518.0,1810.5502898527768,99.7622820919176,1.3907373985202858,2.001991421588448e-55,2.505194670798517e-54,WORSE than expected,above 99.8% limit
FC HOLDCO LLC,3612,3606.0,2597.793982995262,99.83388704318936,1.3881008361726492,9.202768086217292e-78,1.6819269568099764e-76,WORSE than expected,above 99.8% limit
"SF VAGO, LLC",136,134.0,96.56058860170756,98.52941176470588,1.3877297346717952,0.000360819361682499,0.0007955207831380812,WORSE than expected,above 99.8% limit
"PAYTOMORROW, LLC",105,104.0,74.97507611372558,99.04761904761905,1.3871276348189112,0.0017413488946974888,0.0033923332604976326,WORSE than expected,above 99.8% limit
"ACCSCIENT, LLC",252,252.0,181.93046887458033,100.0,1.3851445640681792,1.038399643446011e-06,3.2339396967410523e-06,WORSE than expected,above 99.8% limit
"ROADRUNNER ACCOUNT SERVICES, LLC",263,262.0,189.1754828407785,99.61977186311788,1.3849574800372784,6.38952323199721e-07,2.0544092058435474e-06,WORSE than expected,above 99.8% limit
ZIONS DEBT HOLDINGS,1627,1626.0,1174.0955712448288,99.93853718500307,1.3848957783530704,1.4634703570141894e-35,1.4019036730294546e-34,WORSE than expected,above 99.8% limit
"PORANIA, LLC",195,195.0,140.82165553261913,100.0,1.384730205467804,1.809584575414592e-05,4.9381394405714495e-05,WORSE than expected,above 99.8% limit
"COLLECTION MANAGEMENT HOLDINGS, LLC",2958,2957.0,2136.068322258691,99.96619337390129,1.3843190169466355,4.0961974464842354e-63,5.9890718454385295e-62,WORSE than expected,above 99.8% limit
CCM FINANCE LLC,430,429.0,310.16387983790355,99.76744186046511,1.383139778313974,2.0533606222918525e-10,9.05434255353455e-10,WORSE than expected,above 99.8% limit
"LEAFY FINANCIAL, LLC",565,565.0,408.8658739590139,100.0,1.3818712589758408,3.322354032212271e-13,1.7219215487846436e-12,WORSE than expected,above 99.8% limit
AUTOMOTIVE CREDIT CORPORATION,409,407.0,294.8428872300686,99.51100244498778,1.3803961961694338,7.497929118457948e-10,3.1751901053469783e-09,WORSE than expected,above 99.8% limit
"CERTEGY HOLDINGS, LLC",647,647.0,469.9195090185513,100.0,1.3768315372802664,1.2650746704189039e-14,7.056982800047621e-14,WORSE than expected,above 99.8% limit
"PROPERTY RECEIVABLES, CORP",444,444.0,322.8403718432408,100.0,1.3752926793665998,2.0169813481985495e-10,8.922251887413329e-10,WORSE than expected,above 99.8% limit
CREDIT SERVICE INTERNATIONAL CORP,368,368.0,267.62713876357606,100.0,1.3750473950442452,7.292298345101272e-09,2.8136117781515742e-08,WORSE than expected,above 99.8% limit
"JANUARY TECHNOLOGIES, INC",799,799.0,581.4174502117403,100.0,1.3742277596054617,1.5717115675466287e-17,9.878313879286277e-17,WORSE than expected,above 99.8% limit
"MCBURBEROD FINANCIAL, INC. D/B/A SEEDFI",131,130.0,94.75384985870578,99.23664122137404,1.3719759164809902,0.0006852498832846308,0.0014421395270944732,WORSE than expected,above 99.8% limit
SUNCOAST CREDIT UNION,1312,1310.0,954.9500903727927,99.84756097560975,1.37179944083633,1.7887098199816555e-27,1.4701289585529702e-26,WORSE than expected,above 99.8% limit
SEZZLE INC.,1426,1412.0,1030.2104619457737,99.01823281907433,1.3705937302686044,2.431900810231811e-29,2.059701356958528e-28,WORSE than expected,above 99.8% limit
FUEL CAPITAL GROUP,122,122.0,89.08856115301903,100.0,1.3694238454525278,0.001079984253136147,0.00219312591755279,WORSE than expected,above 99.8% limit
"ARIVO ACCEPTANCE, LLC",223,221.0,161.42960031259722,99.10313901345292,1.36901782307612,1.0138306914381268e-05,2.83342219397899e-05,WORSE than expected,above 99.8% limit
"SPECIALIZED COLLECTION SYSTEMS, INC.",125,125.0,91.3153046959828,100.0,1.3688833478261293,0.0009479727533370072,0.0019565143452973297,WORSE than expected,above 99.8% limit
"CONSUMER PORTFOLIO SERVICES, INC.",3848,3818.0,2790.0541180254354,99.22037422037423,1.3684322376879405,1.024276512371697e-75,1.8240000970311372e-74,WORSE than expected,above 99.8% limit
"OPPORTUNITY FINANCIAL, LLC",2100,2088.0,1526.4835100232729,99.42857142857143,1.3678496926364874,4.224087265841915e-42,4.5837946970737653e-41,WORSE than expected,above 99.8% limit
"UPSTART HOLDINGS, INC.",3495,3472.0,2538.3904462287055,99.34191702432045,1.3677958822916156,7.876831858374955e-69,1.3024904108670016e-67,WORSE than expected,above 99.8% limit
"CONSOLIDATED INFORMATION SERVICES SOLUTIONS, LLC",169,169.0,123.61446497528408,100.0,1.3671539170904512,0.00012407621663500964,0.0002961200427938632,WORSE than expected,above 99.8% limit
STARMARK FINANCIAL LLC,334,334.0,244.4498626018988,100.0,1.3663333513258666,6.52532438917158e-08,2.3299937214805462e-07,WORSE than expected,above 99.8% limit
"IMPRINT PAYMENTS, INC.",290,288.0,211.02177149940505,99.3103448275862,1.3647880877581011,5.800245053528617e-07,1.8736140417095927e-06,WORSE than expected,above 99.8% limit
"MADISON AUTO, LLC",100,100.0,73.29921258269235,100.0,1.3642711357531325,0.0035089299075236474,0.00644696248882321,WORSE than expected,within limits
"GRAIN TECHNOLOGY, INC.",690,647.0,474.32269808810685,93.76811594202898,1.3640502607358205,6.622634279862241e-14,3.579314791723211e-13,WORSE than expected,above 99.8% limit
"LOCKHART, MORRIS & MONTGOMERY INC.",2636,2635.0,1932.4513399144082,99.96206373292868,1.3635530921656784,1.0377825242821202e-51,1.242655108817125e-50,WORSE than expected,above 99.8% limit
"SUMMIT A*R, INC.",610,610.0,447.9077252081097,100.0,1.3618876515616647,4.439247703697788e-13,2.283746318680084e-12,WORSE than expected,above 99.8% limit
"EXETER FINANCE, LLC.",9517,9517.0,6988.163342476158,100.0,1.3618742913682074,1.464076383322185e-180,6.35500655135786e-179,WORSE than expected,above 99.8% limit
"S & S RECOVERY, INC.",171,171.0,125.6130579363581,100.0,1.3613234388946824,0.00013876309501782464,0.00032891115866852974,WORSE than expected,above 99.8% limit
CREDIT CORP SOLUTIONS INC.,3211,3195.0,2353.527891259597,99.50171286203675,1.3575364931367147,1.0797012925395064e-60,1.5460877271519325e-59,WORSE than expected,above 99.8% limit
"NATIONWIDE CAPITAL SERVICES, LLC",541,541.0,399.24245753508353,100.0,1.3550663006638253,1.9169203564112836e-11,8.995278294105651e-11,WORSE than expected,above 99.8% limit
"SHEPHERD OUTSOURCING, LLC",551,551.0,406.8307975248385,100.0,1.3543714078488847,1.3485954557390829e-11,6.393170948879134e-11,WORSE than expected,above 99.8% limit
GLOBAL LENDING SERVICES LLC,5102,4872.0,3604.4492209501705,95.49196393571148,1.3516628204060785,3.479146280524842e-89,7.32202149037728e-88,WORSE than expected,above 99.8% limit
EXTO INC.,231,226.0,167.31964568996494,97.83549783549783,1.3507080956815247,1.858842801357588e-05,5.058852276995481e-05,WORSE than expected,above 99.8% limit
LARRY H. MILLER GROUP OF COMPANIES,830,798.0,590.9708657828837,96.144578313253,1.3503203731420095,7.147002917001634e-16,4.171086996519021e-15,WORSE than expected,above 99.8% limit
"GO CAPITAL HOLDINGS, LLC",232,232.0,171.85053355189686,100.0,1.3500103561211156,1.4835289090382845e-05,4.0804389201072816e-05,WORSE than expected,above 99.8% limit
MUTUAL MANAGEMENT SERVICES LLC,192,192.0,142.277846733502,100.0,1.3494722081339314,8.464993869986015e-05,0.00020996208009661741,WORSE than expected,above 99.8% limit
ARCON CREDIT SOLUTIONS LLC,145,143.0,105.9737441233121,98.62068965517241,1.3493908437697906,0.0007132660940410008,0.001498829961608094,WORSE than expected,above 99.8% limit
SG AND ASSOCIATES,482,481.0,356.8388285978887,99.79253112033194,1.3479474806314447,4.889928308608267e-10,2.089880129432887e-09,WORSE than expected,above 99.8% limit
SYNOVUS BANK,4630,4217.0,3129.3694104587066,91.07991360691145,1.347555832145067,5.37098929275338e-76,9.688706659265512e-75,WORSE than expected,above 99.8% limit
"EASTERN ACCOUNT SYSTEMS OF CONNECTICUT, INC.",3673,3673.0,2726.183684821753,100.0,1.3473046663912351,2.377014573827033e-66,3.795026716144539e-65,WORSE than expected,above 99.8% limit
"VEROS CREDIT, LLC",730,724.0,537.3706131046839,99.17808219178082,1.3473010662363096,2.3662185876651706e-14,1.3042371501059215e-13,WORSE than expected,above 99.8% limit
"PALMAR, INC.",113,113.0,83.87270919168986,100.0,1.3472797181469378,0.002819972007170049,0.005293163672917835,WORSE than expected,within limits
"SECURITY CREDIT SERVICES, LLC",4051,4051.0,3007.210284738005,100.0,1.347095685512705,6.38148833078991e-73,1.122011049552808e-71,WORSE than expected,above 99.8% limit
NCB MANAGEMENT SERVICES INC.,6929,6915.0,5133.779113277027,99.79795064222832,1.346960951653795,4.5180516269429934e-123,1.426266752232686e-121,WORSE than expected,above 99.8% limit
MARAUDER CORPORATION,320,319.0,236.9054994039192,99.6875,1.3465284714902768,4.5589789885417735e-07,1.4970264338261285e-06,WORSE than expected,above 99.8% limit
"ALDOUS & ASSOCIATES, PLLC",5959,5947.0,4418.998684846147,99.79862393018963,1.3457799886643445,1.57728258099873e-105,3.8435886052758527e-104,WORSE than expected,above 99.8% limit
"OPTIO SOLUTIONS, LLC",905,905.0,672.685329835896,100.0,1.345354149793601,2.0172071540883343e-17,1.2564577296092808e-16,WORSE than expected,above 99.8% limit
CENTRAL PORTFOLIO CONTROL INC.,3277,3277.0,2436.2872472993467,100.0,1.3450794866790003,8.778412189941447e-59,1.1954131893949677e-57,WORSE than expected,above 99.8% limit
PREFERRED CREDIT INC,413,412.0,306.3656487142846,99.75786924939467,1.3447982883493235,1.106772494959448e-08,4.188847399178946e-08,WORSE than expected,above 99.8% limit
DIVERSE FUNDING ASSOCIATES LLC,920,914.0,679.8429867735161,99.34782608695652,1.3444280779268982,1.649741006361649e-17,1.0322028188451938e-16,WORSE than expected,above 99.8% limit
NETSPEND CORPORATION,5795,5736.0,4266.860286634069,98.9818809318378,1.3443139954612549,3.736474243546846e-101,8.649937873810949e-100,WORSE than expected,above 99.8% limit
"CREDIT CONTROL, LLC",4007,4007.0,2980.757334401517,100.0,1.3442892360791707,3.251353417068362e-71,5.575469007787598e-70,WORSE than expected,above 99.8% limit
"THE SAVINGS GROUP, INC.",141,138.0,102.66832061547335,97.87234042553192,1.3441341903005837,0.00103036072917553,0.0021046633129776634,WORSE than expected,above 99.8% limit
YAMAHA MOTOR FINANCE CORPORATION USA,451,450.0,334.88100543249834,99.77827050997783,1.3437608962587342,2.556738235112668e-09,1.0293650459627523e-08,WORSE than expected,above 99.8% limit
CIG FINANCIAL LLC,597,586.0,436.0973235669002,98.1574539363484,1.3437367494187424,1.0275394905790038e-11,4.955737334771654e-11,WORSE than expected,above 99.8% limit
1ST FRANKLIN FINANCIAL CORPORATION,850,849.0,632.155278064817,99.88235294117646,1.343024458482729,2.8561997839113056e-16,1.7026873389926194e-15,WORSE than expected,above 99.8% limit
"UPGRADE, INC.",4852,4672.0,3481.0016450448884,96.29018961253091,1.3421424280710885,6.739727901387847e-82,1.3567365297141623e-80,WORSE than expected,above 99.8% limit
STATE EMPLOYEES’ CREDIT UNION,2085,2059.0,1534.6682333100532,98.75299760191847,1.3416580569723793,5.45249990083423e-37,5.488059682796192e-36,WORSE than expected,above 99.8% limit
"ALL STATE CREDIT BUREAU, INC.",223,222.0,165.51150237301817,99.55156950672645,1.3412965069924387,3.3515312411271644e-05,8.833542493217517e-05,WORSE than expected,above 99.8% limit
DEBT CO LLC,215,215.0,160.3470752987981,100.0,1.3408414191488003,4.562349172232807e-05,0.00011822953358640613,WORSE than expected,above 99.8% limit
"P&B CAPITAL GROUP, LLC",597,595.0,443.7972645035876,99.66499162479062,1.3407022701357594,1.0123673561879101e-11,4.899575810958213e-11,WORSE than expected,above 99.8% limit
"FAIRWAY CAPITAL RECOVERY, LLC",189,189.0,141.0294826068921,100.0,1.340145312216891,0.00013726847048157502,0.0003259246247844576,WORSE than expected,above 99.8% limit
TRUEACCORD CORP.,5688,5686.0,4243.353233250852,99.9648382559775,1.3399780049995813,2.988662215933337e-98,6.805330849067878e-97,WORSE than expected,above 99.8% limit
"COLONY BRANDS, INC.",2940,2894.0,2160.059855308874,98.43537414965986,1.3397776885151071,7.5630339328664e-51,8.978678745941393e-50,WORSE than expected,above 99.8% limit
KINGSTON DATA & CREDIT INTERNATIONAL INC.,416,416.0,310.6058489867948,100.0,1.3393179856625494,1.4647394075855053e-08,5.439901168813548e-08,WORSE than expected,above 99.8% limit
"RENTDEBT AUTOMATED COLLECTIONS, LLC",2506,2506.0,1871.2640295417564,100.0,1.3392017162931735,3.8290605682292763e-44,4.28916542683102e-43,WORSE than expected,above 99.8% limit
"CARMAX, INC.",3964,3880.0,2899.055743612419,97.88092835519677,1.338366814280452,4.0781551405978166e-67,6.58669475615159e-66,WORSE than expected,above 99.8% limit
"FEDERAL ADJUSTMENT BUREAU, INC.",279,279.0,208.46518930635446,100.0,1.3383529448170342,3.7971947314641146e-06,1.1034107702936516e-05,WORSE than expected,above 99.8% limit
"FARRELL HOLDINGS, LLC",122,122.0,91.26697808758982,100.0,1.336737586325203,0.002469972001958054,0.004655076133948083,WORSE than expected,within limits
"HAPPY MONEY, INC.",358,358.0,267.8369698264903,100.0,1.3366339987788802,1.800602373696348e-07,6.160188909025191e-07,WORSE than expected,above 99.8% limit
RENT RECOVERY SOLUTIONS,3268,3266.0,2447.9627199801453,99.93880048959608,1.33417064457031,1.1838552593114242e-55,1.4948863228941528e-54,WORSE than expected,above 99.8% limit
PAYFARE INTERNATIONAL INC.,311,309.0,231.67549155251703,99.35691318327974,1.3337621425957125,1.498260984850793e-06,4.5637818156968235e-06,WORSE than expected,above 99.8% limit
INDEBTED CORPORATION,646,646.0,484.73377664320856,100.0,1.3326902954309547,3.5784628158549017e-12,1.8009003084139342e-11,WORSE than expected,above 99.8% limit
"WALLACE MANAGEMENT COMPANY, LLC",100,98.0,73.53631961432971,98.0,1.3326747995272685,0.007389380720298982,0.01256285167747281,WORSE than expected,within limits
"COLLECTIONS USA, INC.",202,202.0,151.62995491976494,100.0,1.3321905958943825,0.00011033931163505174,0.0002651579651575897,WORSE than expected,above 99.8% limit
"NATIONAL CREDIT SYSTEMS,INC.",21249,21243.0,15946.86964898114,99.9717633771001,1.3321109702152256,0.0,0.0,WORSE than expected,above 99.8% limit
PROFESSIONAL COLLECTORS CORP.,101,98.0,73.62374545475826,97.02970297029702,1.3310922908726632,0.007629183646931322,0.012923092787301959,WORSE than expected,within limits
"KINUM, INC., INDIANAPOLIS, IN BRANCH",594,594.0,447.00574411128224,100.0,1.3288419843037262,4.0606135650337586e-11,1.8676133251098977e-10,WORSE than expected,above 99.8% limit
"WILLIAMS, RUSH & ASSOCIATES, LLC",646,645.0,485.9800695706538,99.84520123839009,1.3272149217350304,7.271872826433012e-12,3.607368341398376e-11,WORSE than expected,above 99.8% limit
GREAT AMERICAN FINANCE CO,271,264.0,198.9423394787123,97.41697416974169,1.3270176710083834,1.2468721489515999e-05,3.4707523344564576e-05,WORSE than expected,above 99.8% limit
"ELEVATE RECOVERIES, LLC",363,363.0,273.7075969789028,100.0,1.3262328265882213,3.058593756280221e-07,1.0212468094887566e-06,WORSE than expected,above 99.8% limit
"BUSINESS PROCESSING SOLUTIONS, LLC",142,142.0,107.08075970783705,100.0,1.3261019102538856,0.0014541547106179603,0.0028895863992107968,WORSE than expected,above 99.8% limit
ADP INC.,928,923.0,696.1472793756516,99.46120689655173,1.3258688604339646,2.991922616173337e-16,1.7759745785746858e-15,WORSE than expected,above 99.8% limit
MERCEDES BENZ FINANCIAL SERVICES,3308,3295.0,2488.047663903328,99.60701330108827,1.3243315422786954,1.6908751778245856e-53,2.06019791403364e-52,WORSE than expected,above 99.8% limit
"DIVERSIFIED ADJUSTMENT SERVICE, INC.",2822,2822.0,2131.2252917988535,100.0,1.3241209227664994,5.078960031734927e-46,5.782520888590012e-45,WORSE than expected,above 99.8% limit
LJ ROSS ASSOCIATES,2654,2645.0,1997.6550828807801,99.66088922381311,1.3240523965657256,3.1557785817382253e-43,3.506701160027516e-42,WORSE than expected,above 99.8% limit
"BRIDGE IT, INC.",357,345.0,260.5687425843301,96.63865546218487,1.3240268060484832,6.972525436764312e-07,2.2263995015323286e-06,WORSE than expected,above 99.8% limit
"A & O RECOVERY SOLUTIONS, LLC",223,223.0,168.4461062242071,100.0,1.323865567442562,6.900221262987908e-05,0.0001748979440563906,WORSE than expected,above 99.8% limit
BTH MANAGEMENT,2557,2544.0,1921.781827888782,99.49159170903403,1.3237714932473736,1.387393372398673e-41,1.4823764571244284e-40,WORSE than expected,above 99.8% limit
BRIGHT CAPITAL INC,199,198.0,149.6011857487091,99.49748743718592,1.3235189213846759,0.00018117457451273723,0.00042011933889514523,WORSE than expected,above 99.8% limit
"BULL CITY FINANCIAL SOLUTIONS, INC",2623,2613.0,1974.513131570457,99.61875714830347,1.3233642046845813,1.4007592979422479e-42,1.5441703689220495e-41,WORSE than expected,above 99.8% limit
SCOTTRADE BANK,195,193.0,145.94171710043443,98.97435897435898,1.3224457258316409,0.00022831187973907697,0.0005215875015749636,WORSE than expected,above 99.8% limit
"SUNRISE CREDIT SERVICES, INC",7004,6946.0,5253.17750112049,99.17190177041691,1.3222473443013176,1.376673322058545e-109,3.6079231025270175e-108,WORSE than expected,above 99.8% limit
CONSUMER ADJUSTMENT COMPANY INCORPORATED,2456,2414.0,1825.8708447098222,98.28990228013029,1.322108848495057,3.1897679799904373e-39,3.306408749407998e-38,WORSE than expected,above 99.8% limit
"FAIR COLLECTIONS & OUTSOURCING, INC.",6425,6418.0,4854.841305244343,99.89105058365759,1.321979359668685,2.89739563050643e-101,6.821156831819375e-100,WORSE than expected,above 99.8% limit
"SECOND ALLIANCE, INC.",173,171.0,129.4127477793529,98.84393063583815,1.3213535987316554,0.0005478548426620377,0.00117615205016626,WORSE than expected,above 99.8% limit
PRINCE PARKER & ASSOCIATES,628,624.0,472.48497629200733,99.36305732484077,1.320676913151949,3.432559068146401e-11,1.5839948656662298e-10,WORSE than expected,above 99.8% limit
"EXPRESS COLLECTIONS, INC.",173,169.0,128.09771401696298,97.6878612716763,1.3193053544860343,0.0006326887717374797,0.0013457958712762008,WORSE than expected,above 99.8% limit
CREDIT CARD ACQUISITIONS GROUP,295,294.0,222.92058878829658,99.66101694915254,1.3188552999884913,6.287393239685867e-06,1.8006575690564267e-05,WORSE than expected,above 99.8% limit
FIG TECH INC.,403,367.0,278.37131687185615,91.06699751861042,1.3183829574256842,4.5519805125437296e-07,1.4970264338261285e-06,WORSE than expected,above 99.8% limit
"NATIONAL CREDIT ADJUSTERS, LLC",10890,10888.0,8261.007399034856,99.98163452708907,1.31799906162438,5.665055119524211e-167,2.185767100283092e-165,WORSE than expected,above 99.8% limit
FISERV FINXACT CORE,3485,3405.0,2584.7700128141137,97.70444763271162,1.3173319030782464,2.579704119794112e-53,3.115833932516541e-52,WORSE than expected,above 99.8% limit
CONDUENT INCORPORATED,2356,2300.0,1746.2993060468937,97.62308998302207,1.3170709007532742,1.603904119059341e-36,1.5800161853712233e-35,WORSE than expected,above 99.8% limit
TEKCOLLECT INC.,2178,2158.0,1639.3896097747458,99.08172635445362,1.3163435873529246,3.0357623660949147e-34,2.8111159510038907e-33,WORSE than expected,above 99.8% limit
HUNTINGTON DEBT HOLDING LLC,104,103.0,78.29246210016419,99.03846153846153,1.3155800346172024,0.008578395544073221,0.014373210386872986,WORSE than expected,within limits
C/C FINANCIAL,262,262.0,199.25211578676473,100.0,1.3149170284364091,2.4749714479086134e-05,6.649391375522367e-05,WORSE than expected,above 99.8% limit
CONCORD SERVICING CORPORATION,695,673.0,512.0442951244512,96.83453237410072,1.3143394163515265,1.2973040934392868e-11,6.171080088312224e-11,WORSE than expected,above 99.8% limit
"THE LAW OFFICES OF JENNIFER MCCOY, PC",100,99.0,75.35935303076465,99.0,1.3137055457414066,0.010390126502284226,0.01691897504299272,WORSE than expected,within limits
FINANCIAL ASSISTANCE INC,299,294.0,223.87368678755024,98.32775919732441,1.313240534065076,8.603093712042646e-06,2.4189670376573353e-05,WORSE than expected,above 99.8% limit
"COLLECTION ASSOCIATES, LTD.",108,108.0,82.28096409099246,100.0,1.3125757724540699,0.007555470378191717,0.012813856355687783,WORSE than expected,within limits
NEW CITY FUNDING CORP.,162,162.0,123.43194222902561,100.0,1.3124641569636173,0.0010231976927339835,0.002093109860393966,WORSE than expected,above 99.8% limit
BRIDGECREST ACCEPTANCE CORPORATION,7494,7488.0,5705.370737465658,99.919935948759,1.3124475769520616,3.7633642150054283e-112,1.0249633126750079e-110,WORSE than expected,above 99.8% limit
"AMERICAS CAR-MART, INC.",627,625.0,476.3647045888529,99.68102073365232,1.312019958614342,9.0689943219986e-11,4.1166121285150505e-10,WORSE than expected,above 99.8% limit
"SENTRY CREDIT, INC.",520,514.0,391.888174770555,98.84615384615384,1.3115986474992254,4.392593776557419e-09,1.738265742347081e-08,WORSE than expected,above 99.8% limit
FIRSTPOINT COLLECTION RESOURCES,1551,1545.0,1178.122491109207,99.61315280464217,1.3114086282703732,2.268604372509122e-24,1.740934515698989e-23,WORSE than expected,above 99.8% limit
SOUTHERN AUTO FINANCE CO,452,436.0,332.58803263629034,96.46017699115045,1.310931113618265,6.933698242575114e-08,2.463147534254945e-07,WORSE than expected,above 99.8% limit
"PROCOLLECT, INC.",6256,6256.0,4774.274487582628,100.0,1.310356163281181,5.569040216878805e-93,1.2086557595694782e-91,WORSE than expected,above 99.8% limit
"OMEGA RMS, LLC",463,459.0,350.376238282491,99.13606911447084,1.3100203434170414,3.380342227969683e-08,1.232360985472412e-07,WORSE than expected,above 99.8% limit
"AMERICAN PROFIT RECOVERY, INC., MARLBOROUGH, MA BRANCH",490,486.0,371.0862955076338,99.18367346938776,1.309668413745024,1.3785416249111651e-08,5.133496828422543e-08,WORSE than expected,above 99.8% limit
"MERCHANTS CREDIT BUREAU, INC.",120,119.0,90.86355631392324,99.16666666666667,1.3096559812040434,0.00535276827406074,0.009459281339275278,WORSE than expected,within limits
"CREDIT SYSTEMS INTERNATIONAL, INC.",2407,2407.0,1838.338634694027,100.0,1.3093343927902712,1.1511602253994374e-36,1.1421153950570131e-35,WORSE than expected,above 99.8% limit
"KIMBALL, TIREY & ST. JOHN LLP",1220,1215.0,928.0127180898033,99.59016393442623,1.3092492983295785,2.731658524810829e-19,1.832982459402049e-18,WORSE than expected,above 99.8% limit
SYNERGETIC COMMUNICATION INC,1146,1146.0,875.4894059273065,100.0,1.3089821444340293,2.947794169099925e-18,1.8955954170739795e-17,WORSE than expected,above 99.8% limit
"J J MARSHALL & ASSOCIATES, INC",268,268.0,204.93844314256953,100.0,1.3077097487930092,2.874409697136815e-05,7.648572929737616e-05,WORSE than expected,above 99.8% limit
CONTRACT CALLERS INC,1923,1923.0,1470.6769503772148,100.0,1.3075611197324937,2.346295268093982e-29,1.9993890352040129e-28,WORSE than expected,above 99.8% limit
"APPLIED DATA FINANCE, LLC",575,571.0,436.8693138585727,99.30434782608695,1.307027025901044,9.919467358544876e-10,4.1878845474221376e-09,WORSE than expected,above 99.8% limit
"CREDIT CENTRAL HOLDINGS, LLC",569,568.0,434.7411468165866,99.82425307557118,1.3065245932187646,1.1565516193147014e-09,4.824174772456817e-09,WORSE than expected,above 99.8% limit
USCB CORPORATION,551,551.0,421.97359255811404,100.0,1.305768914731593,2.2108919072085566e-09,8.953145361844563e-09,WORSE than expected,above 99.8% limit
"COMPLETE CREDIT SOLUTIONS, INC.",428,426.0,326.30336571958236,99.53271028037383,1.305533576279733,1.5022357303296826e-07,5.164864924326557e-07,WORSE than expected,above 99.8% limit
SOURCE RECEIVABLES MANAGEMENT LLC,4131,4055.0,3108.45690800861,98.160251755023,1.3045057789132357,4.7116793580991266e-59,6.544522628399688e-58,WORSE than expected,above 99.8% limit
"PACIFIC PREMIER BANCORP, INC.",100,97.0,74.37167453010763,97.0,1.3042599970064117,0.01348223244534208,0.021232223204739397,WORSE than expected,within limits
"HALSTED FINANCIAL SERVICES, LLC.",2247,2245.0,1722.101457128376,99.91099243435691,1.3036398004932668,2.627488795893404e-33,2.4010407483525906e-32,WORSE than expected,above 99.8% limit
"SENTRY RECOVERY AND COLLECTIONS, INC.",491,488.0,374.585150328951,99.38900203665987,1.302774548247444,2.3927606347920366e-08,8.792445824672325e-08,WORSE than expected,above 99.8% limit
COMMERCIAL ACCEPTANCE COMPANY,395,395.0,303.3506892769309,100.0,1.3021232980927953,5.48128589871771e-07,1.783022508973981e-06,WORSE than expected,above 99.8% limit
UNIFIN INC.,1143,1143.0,878.1388351483871,100.0,1.301616503279754,1.5006383260777488e-17,9.474484704190878e-17,WORSE than expected,above 99.8% limit
"SOUTHWEST RECOVERY SERVICES, INC.",1065,1062.0,815.9764453662126,99.71830985915493,1.3015081575343408,2.100939477853693e-16,1.2578469546287844e-15,WORSE than expected,above 99.8% limit
"ABSOLUTE RECOVERY SERVICES, LLC",260,254.0,195.16021628964162,97.6923076923077,1.3014947658340004,6.287929018671527e-05,0.00016084591909640424,WORSE than expected,above 99.8% limit
"NATIONAL ACCOUNT SYSTEMS OF OMAHA, LLC",110,110.0,84.52391134144958,100.0,1.3014068830255048,0.008937942632231178,0.01485024200498697,WORSE than expected,within limits
REEL TIME CAPITAL LLC,102,102.0,78.39031060076388,100.0,1.3011812202081778,0.011954104560413173,0.01899799912404336,WORSE than expected,within limits
"AMSHER COLLECTION SERVICES, INC.",5120,5059.0,3888.5378733177454,98.80859375,1.3010031443215964,7.50713775190325e-72,1.3034267921742016e-70,WORSE than expected,above 99.8% limit
"BMW FINANCIAL SERVICES NA, LLC",3305,3305.0,2540.890381980507,100.0,1.3007251408555078,1.7453832352212457e-47,2.0035845567952975e-46,WORSE than expected,above 99.8% limit
CREDIT INTERNATIONAL CORPORATION,132,132.0,101.49057937530571,100.0,1.300613326010017,0.0041905833554003406,0.00756920712698449,WORSE than expected,within limits
UNITED AUTO ACCEPTANCE,114,113.0,86.88317250513391,99.12280701754386,1.3005970746904165,0.008177978682754408,0.01377673836629244,WORSE than expected,within limits
LENDMARK FINANCIAL SERVICES,2266,2264.0,1740.8164312001031,99.9117387466902,1.300539194956483,4.991724561720769e-33,4.5022762443052916e-32,WORSE than expected,above 99.8% limit
WESTCREEK FINANCIAL,1244,1196.0,919.913303250913,96.14147909967846,1.3001225178214237,3.735811112876985e-18,2.391263426629554e-17,WORSE than expected,above 99.8% limit
"TENAGLIA & HUNT, PA",251,251.0,193.0602787685638,100.0,1.3001120769171426,7.422332757206833e-05,0.00018603925529714837,WORSE than expected,above 99.8% limit
"TOTAL CARD, INC.",618,617.0,474.7956414404144,99.83818770226537,1.2995064531935723,4.917933435136031e-10,2.095401699817162e-09,WORSE than expected,above 99.8% limit
GLOBAL SOLUTION BIZ LLC.,142,142.0,109.29153503094169,100.0,1.2992772034887987,0.0030678794038623376,0.0057121776031699555,WORSE than expected,within limits
"JOHN C. HEATH, ATTORNEY AT LAW, PLLC",2088,2024.0,1558.351574752078,96.93486590038314,1.2988083259209355,1.9826250465456654e-29,1.7104758941937449e-28,WORSE than expected,above 99.8% limit
SOP PIONEER PARTNERS LP,110,109.0,83.95714993308616,99.0909090909091,1.2982813266871611,0.009903805970836512,0.016222153883834807,WORSE than expected,within limits
RAUSCH STURM LLP,622,622.0,479.1362689022749,100.0,1.2981693108414294,4.865137665987075e-10,2.0857025364370515e-09,WORSE than expected,above 99.8% limit
TOLEDO FINANCE CORPORATION,115,115.0,88.6372825565453,100.0,1.2974224466621802,0.008182727971340002,0.01377673836629244,WORSE than expected,within limits
ADIR INTERNATIONAL LLC,369,327.0,252.08186196807893,88.6178861788618,1.2971976541549346,7.08818684026199e-06,2.0092839839028376e-05,WORSE than expected,above 99.8% limit
"ORIONS MANAGEMENT GROUP, LLC",203,202.0,155.72824928270447,99.50738916256158,1.2971313870824757,0.00043161675517891594,0.0009441191699897862,WORSE than expected,above 99.8% limit
LAKE MICHIGAN CREDIT UNION,176,172.0,132.6161276765415,97.72727272727273,1.2969764915736195,0.0011836879576604354,0.002396709290364934,WORSE than expected,above 99.8% limit
"PROFESSIONAL DEBT MEDIATION, INC.",2146,2144.0,1653.0780749690991,99.90680335507922,1.296974433612325,8.981074007788518e-31,7.796694873011406e-30,WORSE than expected,above 99.8% limit
"COLLECTION PROFESSIONALS, INC.",193,192.0,148.12161925220536,99.48186528497409,1.2962321163467927,0.0006223552034521782,0.0013258456711580913,WORSE than expected,above 99.8% limit
"SUNSET MANAGEMENT, INC",273,272.0,209.9557323194823,99.63369963369964,1.2955111870254017,4.645547138287901e-05,0.00012016135894007252,WORSE than expected,above 99.8% limit
"LAW OFFICE OF BRETT M. BORLAND, P.C.",235,235.0,181.43770965050848,100.0,1.2952103531987096,0.00015723307082081406,0.0003676712716668531,WORSE than expected,above 99.8% limit
"STEEL RIVER SYSTEMS, LLC",192,180.0,138.98133573134814,93.75,1.2951379338297713,0.0009632999488792865,0.001982257228138265,WORSE than expected,above 99.8% limit
"BERLIN-WHEELER, INC. (KANSAS)",424,424.0,327.41535714104407,100.0,1.2949911809339756,3.645076551350288e-07,1.2026155177732898e-06,WORSE than expected,above 99.8% limit
"CREDIT WORLD SERVICES, INC.",109,109.0,84.1858980497357,100.0,1.2947536645104685,0.010677618410797061,0.017305964962190334,WORSE than expected,within limits
FINANCIAL ACCOUNTS SERVICE TEAM INC.,168,168.0,129.76542243430262,100.0,1.2946438030135086,0.0014585633030435355,0.0028942063256106724,WORSE than expected,above 99.8% limit
"THE STARK COLLECTION AGENCY, INC.",241,236.0,182.29172843217177,97.9253112033195,1.2946281327724223,0.00015611372481465183,0.0003657592489752049,WORSE than expected,above 99.8% limit
FIRST CREDIT SERVICES INC.,1758,1755.0,1355.8326834457494,99.82935153583618,1.2944075042798027,3.8977208827983937e-25,3.058719947009587e-24,WORSE than expected,above 99.8% limit
PREMIER AUTO CREDIT,140,139.0,107.39719784519609,99.28571428571429,1.2942609564204521,0.0038904881417164755,0.007082422056152273,WORSE than expected,within limits
TFC CREDIT CORPORATION OF CALIFORNIA,149,148.0,114.36340391035661,99.32885906040268,1.2941202774622669,0.0028872115619020186,0.005404766656983698,WORSE than expected,within limits
"MERCHANTS ADJUSTMENT SERVICE, INC.",486,485.0,374.8175641010722,99.79423868312757,1.293962840730741,5.751272991542179e-08,2.0642165853364563e-07,WORSE than expected,above 99.8% limit
"VALOR INTELLIGENT PROCESSING, LLC",405,404.0,312.333770058737,99.75308641975309,1.2934880526176353,7.695211261337965e-07,2.429238282272371e-06,WORSE than expected,above 99.8% limit
"CEDARS BUSINESS SERVICES, LLC",1098,1097.0,848.410350977743,99.90892531876139,1.2930063839223227,3.5971373323146575e-16,2.1081956770401093e-15,WORSE than expected,above 99.8% limit
SINGLEPOINT GI,672,672.0,519.976436751579,100.0,1.2923662545136656,1.9783540696851288e-10,8.779341222979693e-10,WORSE than expected,above 99.8% limit
"LLOYD & MCDANIEL, PLC",440,434.0,335.8983986430228,98.63636363636364,1.2920573654214857,3.339705510056709e-07,1.1071243325701117e-06,WORSE than expected,above 99.8% limit
DRIVEWAY FINANCE CORPORATION,368,367.0,284.06538374354074,99.72826086956522,1.2919560812497102,2.7500376544046174e-06,8.109983655983044e-06,WORSE than expected,above 99.8% limit
"M.A.R.S., INC.",290,289.0,223.7481492189693,99.65517241379311,1.291630795645923,3.288764068476639e-05,8.684588005920249e-05,WORSE than expected,above 99.8% limit
"IDEAL COLLECTION SERVICES, INC.",434,434.0,336.05489419772164,100.0,1.2914556743359056,3.5009311387210385e-07,1.1578079408770293e-06,WORSE than expected,above 99.8% limit
"INTERNATIONAL COMPUTER SYSTEMS, INC.",377,375.0,290.7121363645194,99.46949602122015,1.2899358268613643,2.453138482052943e-06,7.249807131003271e-06,WORSE than expected,above 99.8% limit
"R.A.ROGERS, INC.",291,291.0,225.6880979605602,100.0,1.2893901035527946,3.477293308376414e-05,9.130359934470396e-05,WORSE than expected,above 99.8% limit
GEORGIA STUDENT FINANCE AUTHORITY,309,305.0,236.59806019099742,98.70550161812298,1.2891060888402215,2.2801573787104324e-05,6.149783687434544e-05,WORSE than expected,above 99.8% limit
"MID-SOUTH ADJUSTMENT CO., INC.",168,168.0,130.37779247625286,100.0,1.2885630045515588,0.0017679374320027504,0.0034344966336389096,WORSE than expected,above 99.8% limit
"MARINER FINANCE, LLC",2766,2724.0,2114.2048385687763,98.48156182212581,1.2884276633497955,7.228324012392591e-37,7.22312377929015e-36,WORSE than expected,above 99.8% limit
"ROZLIN FINANCIAL GROUP, INC.",488,485.0,376.51595518433743,99.38524590163935,1.2881260231390463,9.566721728426726e-08,3.338737809242392e-07,WORSE than expected,above 99.8% limit
"WESTLAKE SERVICES, LLC",13925,13894.0,10786.969677792771,99.7773788150808,1.2880355109001278,3.2306064472061667e-180,1.3597916227785955e-178,WORSE than expected,above 99.8% limit
"ABILITY RECOVERY SERVICES, LLC",4427,4406.0,3421.1024558824747,99.52563812965892,1.2878889354582252,2.1894301974622466e-58,2.924152446418327e-57,WORSE than expected,above 99.8% limit
RETAIL MERCHANTS ASSOCIATES,202,202.0,156.8575018726484,100.0,1.2877930452061037,0.0006136180644032347,0.0013092403862612796,WORSE than expected,above 99.8% limit
CRESCO CAPITAL INC.,102,102.0,79.21606164915424,100.0,1.2876176608192818,0.015682004509032264,0.02433777012630817,WORSE than expected,within limits
SOUTHERN MANAGEMENT SYSTEMS INC.,866,866.0,672.5742312947166,100.0,1.2875902163734931,1.0303315835269857e-12,5.242236518384554e-12,WORSE than expected,above 99.8% limit
ROCKLOANS HOLDINGS LLC,158,157.0,121.94883587441252,99.36708860759494,1.287425163793154,0.0026071853749290424,0.0049070196284233605,WORSE than expected,within limits
"BILT TECHNOLOGIES, INC.",663,625.0,485.6308499271062,94.2684766214178,1.2869857837363776,1.5457078101653398e-09,6.3991386752949104e-09,WORSE than expected,above 99.8% limit
"AARGON AGENCY, INC.",3453,3453.0,2683.0534722418283,100.0,1.2869665236730605,6.767669202504098e-46,7.642514245754628e-45,WORSE than expected,above 99.8% limit
"CROWN ASSET MANAGEMENT, LLC, DULUTH, GA BRANCH",709,709.0,551.0685069912704,100.0,1.2865913965416127,1.3032831525557743e-10,5.858447569255568e-10,WORSE than expected,above 99.8% limit
TRANSWORLD SYSTEMS INC,21646,21643.0,16825.370097259474,99.98614062644369,1.2863312886963019,8.573454801855607e-277,5.954264359888718e-275,WORSE than expected,above 99.8% limit
"NCP HOLDINGS, L.P.",115,115.0,89.40730710766223,100.0,1.2862483360730195,0.010493475857268208,0.017047295866369053,WORSE than expected,within limits
"WAYPOINT RESOURCE GROUP, LLC",2562,2557.0,1988.0779890219378,99.80483996877439,1.2861668476385835,2.8482692219281684e-34,2.6551986236632385e-33,WORSE than expected,above 99.8% limit
VELO LAW OFFICE,123,122.0,94.86541861022828,99.1869918699187,1.2860323792093202,0.008388195558842411,0.014071501970087089,WORSE than expected,within limits
CHERRY TECHNOLOGIES INC.,609,591.0,459.691842422412,97.04433497536945,1.285643871524108,4.950430865384855e-09,1.9479174141698482e-08,WORSE than expected,above 99.8% limit
"THE BUREAUS, INC.",2187,2186.0,1701.0384066034599,99.95427526291724,1.2850973802319283,2.3169966442821266e-29,1.986610085745601e-28,WORSE than expected,above 99.8% limit
"SKOPOS FINANCIAL, LLC",505,505.0,393.2134893847943,100.0,1.284289612724381,7.344405032603924e-08,2.5891823833215355e-07,WORSE than expected,above 99.8% limit
"EASTERN REVENUE, INC.",276,275.0,214.16292987616015,99.6376811594203,1.2840690971076036,7.494271084559929e-05,0.00018688586241389125,WORSE than expected,above 99.8% limit
"KLS FINANCIAL SERVICES, INC",357,357.0,278.0748194044605,100.0,1.2838271396330303,6.360243011525244e-06,1.817773156997647e-05,WORSE than expected,above 99.8% limit
"SYNERPRISE CONSULTING SERVICES, INC.",896,895.0,697.2525681482168,99.88839285714286,1.2836094707789552,8.081089532261939e-13,4.141931129266359e-12,WORSE than expected,above 99.8% limit
"GFS II, LLC",328,322.0,250.9059250791866,98.17073170731707,1.2833495259164402,1.8769196229113565e-05,5.0918776488747544e-05,WORSE than expected,above 99.8% limit
TORRIERE HOLDINGS INC,375,371.0,289.15302267057683,98.93333333333334,1.2830576577533097,4.3953698934778564e-06,1.2745655077329316e-05,WORSE than expected,above 99.8% limit
"HELVEY & ASSOCIATES, INC., WARSAW, IN BRANCH",1083,1047.0,816.106879787525,96.67590027700831,1.282920198237501,1.0781123172569366e-14,6.087390279145873e-14,WORSE than expected,above 99.8% limit
CREDIT FRESH HOLDINGS INC,836,836.0,651.7811512017875,100.0,1.2826391166092184,5.243415029066118e-12,2.629279232986584e-11,WORSE than expected,above 99.8% limit
"FIRST FINANCIAL RESOURCES, INC.",256,256.0,199.60439115086584,100.0,1.2825369147641095,0.00014370802101652824,0.000339473539442105,WORSE than expected,above 99.8% limit
"INVESTMENT RETRIEVERS, INC.",233,232.0,181.0062443942119,99.57081545064378,1.281723737081298,0.0003084368194033956,0.0006865684970373662,WORSE than expected,above 99.8% limit
PROFESSIONAL COLLECTION SERVICE INC (GA),108,107.0,83.51758572503505,99.07407407407408,1.28116730232452,0.015161601683090022,0.023556448252586175,WORSE than expected,within limits
"ROUND UP VENTURES, L.P.",179,179.0,139.7242519449365,100.0,1.2810947098184613,0.0015916627336876757,0.0031226264648194658,WORSE than expected,above 99.8% limit
"FEDCHEX RECOVERY, LLC",221,221.0,172.5101351815303,100.0,1.2810841506062494,0.00044206686019403836,0.0009639417092771103,WORSE than expected,above 99.8% limit
MERCHANTS ACCEPTANCE CORP,138,133.0,103.85521545245807,96.3768115942029,1.2806289931667763,0.006724018573027345,0.011558987373681908,WORSE than expected,within limits
"APELLES, LLC",204,203.0,158.5882783797295,99.50980392156863,1.2800441626204522,0.0007940391480168121,0.0016660428649476614,WORSE than expected,above 99.8% limit
CONSUMER COLLECTION MANAGEMENT. INC,423,423.0,330.63728746975033,100.0,1.2793475389211806,1.2321952554940668e-06,3.794942815701239e-06,WORSE than expected,above 99.8% limit
MEI AUTO FINANCE INC,144,140.0,109.49077652607492,97.22222222222223,1.2786465165552954,0.005688417659701383,0.009963697514912006,WORSE than expected,within limits
"CREDIT TECHNOLOGIES, INC.",233,233.0,182.2248089499768,100.0,1.2786403857005095,0.0003408951868879188,0.0007539863289606994,WORSE than expected,above 99.8% limit
"FINANCIAL MANAGEMENT SOLUTIONS, LLC",331,331.0,258.9640508293158,100.0,1.2781696878002706,1.945144573505257e-05,5.26667799726862e-05,WORSE than expected,above 99.8% limit
"NATIONAL COLLECTION SYSTEMS, INC.",527,527.0,412.47113399578126,100.0,1.277665166274133,7.058316379379171e-08,2.494656857750043e-07,WORSE than expected,above 99.8% limit
"AVID ACCEPTANCE, LLC",199,199.0,155.7551478911075,100.0,1.2776463744179172,0.0009780469754527643,0.0020066576793262773,WORSE than expected,above 99.8% limit
LCS FINANCIAL SERVICES CORPORATION,105,105.0,82.24327019216082,100.0,1.2767002060432209,0.01768959088770577,0.02718013467148597,WORSE than expected,within limits
"HATFIELD, INC.",136,127.0,99.47582674657758,93.38235294117646,1.2766920784035543,0.008922803930371788,0.014848749084562587,WORSE than expected,within limits
"TORRES CREDIT SERVICES, INC.",296,283.0,221.75541036200815,95.60810810810811,1.276180813527896,8.775406455582627e-05,0.00021650159088462288,WORSE than expected,above 99.8% limit
"CARTER-YOUNG, INC.",982,982.0,769.8284969335072,100.0,1.2756087932723266,2.4802339739173997e-13,1.2951296954027323e-12,WORSE than expected,above 99.8% limit
SUNNOVA ENERGY CORPORATION,115,114.0,89.38080207023621,99.1304347826087,1.2754416760594496,0.013715535723210947,0.02157517454081541,WORSE than expected,within limits
"UNITED COLLECTION BUREAU, INC.",1911,1911.0,1498.6922863068055,100.0,1.2751116539801746,1.9227232653709917e-24,1.483701453111282e-23,WORSE than expected,above 99.8% limit
MECHANICS BANK,601,585.0,458.81730764795213,97.33777038269551,1.2750172895588916,1.7634310240403323e-08,6.53174851304539e-08,WORSE than expected,above 99.8% limit
"DEINDE ONLINE SERVICES, LLC",298,295.0,231.42687793099785,98.99328859060402,1.2747006857516225,6.694336395221616e-05,0.00017030097532898947,WORSE than expected,above 99.8% limit
GARRISON INVESTMENT GROUP,179,178.0,139.75311956149713,99.44134078212291,1.273674609615227,0.0020915083377030983,0.004001522150233614,WORSE than expected,within limits
"RAS LAVRAR, LLC",201,201.0,157.85265761094675,100.0,1.2733393472246557,0.0010780559643457388,0.0021924154238304994,WORSE than expected,above 99.8% limit
"AUTO TRAKK, LLC",249,246.0,193.24723232827048,98.79518072289157,1.272980715098253,0.00029735848829159743,0.0006629710116164187,WORSE than expected,above 99.8% limit
"EAGLE FINANCIAL SERVICES, INC.",211,211.0,165.75690312319693,100.0,1.2729484927887236,0.0008177839040877869,0.0017106955463523136,WORSE than expected,above 99.8% limit
OFG BANCORP,146,146.0,114.77293719849533,100.0,1.2720768812206895,0.005647400136167706,0.009904341905475938,WORSE than expected,within limits
"DRB-40, LLC",186,185.0,145.44810331679463,99.46236559139786,1.2719313334534104,0.0018047930726278565,0.0035011977344694034,WORSE than expected,above 99.8% limit
CLARK COUNTY COLLECTION SERVICE,445,441.0,346.8467043927483,99.10112359550561,1.271455067656166,1.3436915904840585e-06,4.129176148633534e-06,WORSE than expected,above 99.8% limit
"BEPENSA CAPITAL, INC.",295,293.0,230.58987020677088,99.32203389830508,1.2706542561356478,8.748002302188142e-05,0.00021620952309144714,WORSE than expected,above 99.8% limit
"AUTOMATIC DATA PROCESSING, INC.",111,110.0,86.5953997426512,99.09909909909909,1.2702753301780907,0.01728766577745875,0.02665101860698136,WORSE than expected,within limits
UNITED PANAM FINANCIAL CORP.,1663,1563.0,1230.4734826294607,93.98677089597113,1.2702427334394453,1.0277028981226493e-19,7.031917859568275e-19,WORSE than expected,above 99.8% limit
FOREST RECOVERY SERVICES LLC,190,186.0,146.45800368856078,97.89473684210526,1.2699886337077506,0.0018715686628613946,0.003620625170911528,WORSE than expected,above 99.8% limit
UBS BANK USA,143,141.0,111.05039038376428,98.6013986013986,1.2696938706179857,0.006971269281392161,0.011939695477008277,WORSE than expected,within limits
"COLLECTECH DIVERSIFIED, INC.",194,194.0,152.85128125653793,100.0,1.2692075487048102,0.0015286467078212767,0.003011759258388302,WORSE than expected,above 99.8% limit
LENDBUZZ INC.,322,321.0,253.04430300078252,99.68944099378882,1.2685525664610886,4.494397984306838e-05,0.00011668633271405977,WORSE than expected,above 99.8% limit
"VOLVO CAR FINANCIAL SERVICES U.S., LLC",403,399.0,314.5419778431506,99.0074441687345,1.2685111308067287,5.292952874309481e-06,1.5252928511236243e-05,WORSE than expected,above 99.8% limit
"MCNEIL & MEYERS ASSET MANAGEMENT GROUP, LLC",136,131.0,103.27358381989745,96.32352941176471,1.2684753947190954,0.009639397282624725,0.015845115769900286,WORSE than expected,within limits
"LAW OFFICE OF MICHAEL J. SCOTT, PC",646,646.0,509.6083875304072,100.0,1.2676400463708117,7.2418241154135915e-09,2.8019202496683784e-08,WORSE than expected,above 99.8% limit
"LYONS, DOUGHTY & VELDHUIS, PC",184,184.0,145.16814509695425,100.0,1.267495702153602,0.002153520091284818,0.004108845339003588,WORSE than expected,within limits
AMERICA FIRST FEDERAL CREDIT UNION,902,901.0,711.1128830022749,99.88913525498891,1.2670280929182909,8.895023362423233e-12,4.3504181163400956e-11,WORSE than expected,above 99.8% limit
"CAPSTONE CREDIT & COLLECTION, LLC.",338,334.0,263.6397974599405,98.81656804733728,1.2668800508039784,3.462149911598709e-05,9.107814824262514e-05,WORSE than expected,above 99.8% limit
"DEBT RECOVERY SOLUTIONS, LLC",3196,3196.0,2523.1286153021956,100.0,1.2666813655938878,8.380961993158983e-38,8.559673682718992e-37,WORSE than expected,above 99.8% limit
"HEAD MERCANTILE CO., INC.",183,183.0,144.48184608011618,100.0,1.2665951118767214,0.0022821971707190415,0.004330562664110312,WORSE than expected,within limits
"CREDIT BUREAU OF THE SOUTH, INC.",120,120.0,94.77739729932348,100.0,1.2661246607249528,0.014047868330620767,0.022048010295177677,WORSE than expected,within limits
"JDJ INVESTMENTS, INC.",199,194.0,153.23304226716854,97.48743718592965,1.2660454764172369,0.001706627108197253,0.0033293610298960456,WORSE than expected,above 99.8% limit
"GOAL STRUCTURED SOLUTIONS, LLC",712,712.0,562.4952036934495,100.0,1.265788570862247,1.5530097697323074e-09,6.400980920350668e-09,WORSE than expected,above 99.8% limit
ESSENTIAL LENDING INC,249,241.0,190.41529960894675,96.78714859437751,1.2656546007329157,0.0004699641770699521,0.0010183779125587573,WORSE than expected,above 99.8% limit
LOBEL FINANCIAL CORPORATION,923,891.0,704.039355893913,96.53304442036837,1.2655542513936662,1.4474209813154125e-11,6.838325656622817e-11,WORSE than expected,above 99.8% limit
TELERECOVERY CORPORATION,346,345.0,272.6330809699771,99.71098265895954,1.265437043709278,2.7974109008171054e-05,7.457972631928905e-05,WORSE than expected,above 99.8% limit
"MIDWEST FIDELITY SERVICES, LLC",220,220.0,173.96890595463015,100.0,1.2645938007874489,0.0008748429055014109,0.0018218242814714539,WORSE than expected,above 99.8% limit
"LAW OFFICES OF HAYT, HAYT & LANDAU, LLC",149,149.0,117.87508487067934,100.0,1.2640499912553003,0.006431009422781096,0.01112412464289283,WORSE than expected,within limits
SECURITY CREDIT SYSTEMS INC,238,237.0,187.56944382542122,99.5798319327731,1.2635320293458132,0.0005734373452907987,0.0012272796188118943,WORSE than expected,above 99.8% limit
ORION CAPITAL SOLUTIONS LLC,118,118.0,93.398577279369,100.0,1.2634025424931743,0.015808128275809952,0.02450612742756699,WORSE than expected,within limits
"CASTLE CREDIT CO HOLDINGS, LLC, CHICAGO, IL BRANCH",150,149.0,117.96192305262969,99.33333333333333,1.263119455364613,0.006595033216056351,0.011365386026181477,WORSE than expected,within limits
"RS CLARK AND ASSOCIATES, INC.",705,696.0,551.0477514938597,98.72340425531915,1.2630484347557591,3.2729876421988125e-09,1.310138280983905e-08,WORSE than expected,above 99.8% limit
"M. G. CREDIT, INC.",247,246.0,194.76886235132372,99.59514170040485,1.263035564464435,0.0004587219849816352,0.0009971280706408314,WORSE than expected,above 99.8% limit
"NATIONAL RECOVERY SOLUTIONS, LLC",178,177.0,140.16727393993733,99.43820224719101,1.262776930910747,0.0030529459633848854,0.005699653149383879,WORSE than expected,within limits
"FLEXIBLE FINANCE, INC.",245,237.0,187.7528769291855,96.73469387755102,1.2622975683583744,0.0006037246854290436,0.0012901132124014487,WORSE than expected,above 99.8% limit
NISSAN MOTOR ACCEPTANCE COMPANY LLC,5400,5376.0,4260.832530775139,99.55555555555556,1.2617252523233968,1.748590695114059e-60,2.478359668891253e-59,WORSE than expected,above 99.8% limit
REGIONAL MANAGEMENT CORPORATION,1705,1649.0,1307.275176168879,96.71554252199414,1.2614023658221563,1.1849037918752007e-19,8.067800818209087e-19,WORSE than expected,above 99.8% limit
"HAYT HAYT & LANDAU, P.L. (FL)",212,212.0,168.11022699667316,100.0,1.2610773525646086,0.0012444924877963429,0.002508853505876807,WORSE than expected,above 99.8% limit
"GREEN & SONS AGENCY, INC.",179,179.0,141.98493814341532,100.0,1.260697101682692,0.0030874405967180885,0.005740903599519979,WORSE than expected,within limits
"PORSCHE FINANCIAL SERVICES, INC.",269,263.0,208.61613206451187,97.76951672862454,1.2606886984112553,0.0003227645734958738,0.0007150239116200458,WORSE than expected,above 99.8% limit
RANDOLPH-BROOKS FEDERAL CREDIT UNION,694,670.0,531.4599490934779,96.54178674351586,1.260678252693985,8.403371957933851e-09,3.197885931389074e-08,WORSE than expected,above 99.8% limit
"KEY 2 RECOVERY, INC.",364,358.0,283.9826502079624,98.35164835164835,1.260640393833335,2.6495743158341285e-05,7.104746572767576e-05,WORSE than expected,above 99.8% limit
"FINANCE SYSTEM OF RICHMOND, INC.",163,163.0,129.34491577496743,100.0,1.2601964215090236,0.0048552983037830205,0.008657264883125309,WORSE than expected,within limits
"SUTTELL, HAMMER & WHITE, P.S",309,309.0,245.2617994243474,100.0,1.2598782228836785,9.981286805220653e-05,0.00024280223069091922,WORSE than expected,above 99.8% limit
"FIRSTSOURCE BUSINESS PROCESS SERVICES, LLC",1452,1451.0,1152.0774166740978,99.93112947658402,1.259463972645913,2.835855850689159e-17,1.7584838288425189e-16,WORSE than expected,above 99.8% limit
"CONSOLIDATED RECOVERY GROUP, LLC",118,117.0,92.91813091032779,99.15254237288136,1.2591729822128346,0.017827207255985928,0.027331115760004916,WORSE than expected,within limits
RJM ACQUISITION LLC,165,165.0,131.06222594854512,100.0,1.2589439772278765,0.004769709932837237,0.008526547100014057,WORSE than expected,within limits
THE MOORE LAW GROUP,198,194.0,154.1048869453569,97.97979797979798,1.258882854693565,0.0021852814139663424,0.0041580217589030815,WORSE than expected,within limits
"ALDRIDGE PITE HAAN, LLP",223,223.0,177.18851826079137,100.0,1.258546559274128,0.0010214675286499086,0.002092652503384547,WORSE than expected,above 99.8% limit
"ARBOR PROFESSIONAL SOLUTIONS, INC.",191,191.0,151.76246282539037,100.0,1.2585457328783218,0.0023955759696585466,0.004527149689599621,WORSE than expected,within limits
ONEMAIN FINANCE CORPORATION,12617,11546.0,9175.041452483287,91.51145280177538,1.2584139330373267,4.890992551382965e-125,1.5799043381095203e-123,WORSE than expected,above 99.8% limit
DRIVETIME,1114,1097.0,872.0158990344396,98.47396768402155,1.2580045859423887,2.634248945541582e-13,1.3704014177368004e-12,WORSE than expected,above 99.8% limit
"ATLAS CREDIT COMPANY, INC.",162,162.0,128.8175979796483,100.0,1.2575921499917593,0.005381782266626037,0.009498469591287884,WORSE than expected,within limits
"SMITH, ROUCHON & ASSOCIATES, INC.",316,314.0,249.70601442264476,99.36708860759494,1.2574787224329056,9.967555128306069e-05,0.00024280223069091922,WORSE than expected,above 99.8% limit
SANTANDER BANCORP,164,164.0,130.43399563312755,100.0,1.2573409194738137,0.005136782929101437,0.009112377379976878,WORSE than expected,within limits
"BYRIDER FRANCHISING, LLC",1568,1564.0,1243.919929304157,99.74489795918367,1.2573156544528508,2.929255257180877e-18,1.892435140569413e-17,WORSE than expected,above 99.8% limit
"AUTOMATED COLLECTION SERVICES, INC.",300,300.0,238.65860918862427,100.0,1.2570256778916131,0.00014647191935838238,0.0003454151035463381,WORSE than expected,above 99.8% limit
"ARC MANAGEMENT GROUP, LLC",216,215.0,171.18960827038728,99.53703703703704,1.2559173548689704,0.0013943762120285786,0.0027827421817639307,WORSE than expected,above 99.8% limit
"RELIABLE CREDIT ASSOCIATION, INC.",173,166.0,132.2397380508214,95.95375722543352,1.2552958924964304,0.005170746522936831,0.00916092719433579,WORSE than expected,within limits
SECURITY FINANCE CORP,2099,1995.0,1589.3383792141676,95.04525964745116,1.255239303405237,1.4348911507652217e-22,1.0489809517962595e-21,WORSE than expected,above 99.8% limit
"HERBERT P. SEARS CO., INC.",518,503.0,400.7798634439519,97.10424710424711,1.2550530749665354,9.875187007808258e-07,3.0893321517670426e-06,WORSE than expected,above 99.8% limit
OPORTUN FINANCIAL CORPORATION,2171,1922.0,1531.7541605995862,88.53063104560111,1.2547705431057272,9.754574149331097e-22,6.948258201754305e-21,WORSE than expected,above 99.8% limit
"ASSOCIATED CREDIT SERVICES, INC.",665,658.0,524.5563641988967,98.94736842105263,1.254393321497297,2.281650438141049e-08,8.406399094371134e-08,WORSE than expected,above 99.8% limit
"ROWLAND AVENUE MANAGEMENT, INC. A/KA COLUMBIA DEBT RECOVERY, LLC D/B/A GENESIS",8142,7386.0,5889.223003403292,90.71481208548268,1.2541552588060842,1.9015667616601484e-78,3.56929220533236e-77,WORSE than expected,above 99.8% limit
"STENGER & STENGER, P.C",390,390.0,311.00417974894697,100.0,1.2540024391788596,1.7848437074345062e-05,4.8898380860483815e-05,WORSE than expected,above 99.8% limit
"BLITT AND GAINES, P.C.",633,632.0,504.10612307670124,99.84202211690364,1.253704271915458,4.648242655311493e-08,1.6769893631760168e-07,WORSE than expected,above 99.8% limit
"STATES RECOVERY SYSTEMS, INC.",208,206.0,164.3356166222251,99.03846153846153,1.2535322788458756,0.00192289237422657,0.0037147392319898547,WORSE than expected,above 99.8% limit
"RESIDENTCOLLECT, INC.",788,774.0,617.789807336479,98.22335025380711,1.2528533018972925,1.6169301268756618e-09,6.625120785340101e-09,WORSE than expected,above 99.8% limit
"FRONTLINE ASSET STRATEGIES, LLC",575,570.0,455.0540613355265,99.1304347826087,1.252598423860061,2.3615596342734497e-07,7.961665854383063e-07,WORSE than expected,above 99.8% limit
"TOWER LOAN OF MISSISSIPPI, INC.",1501,1499.0,1196.9802853380645,99.86675549633577,1.2523180359454589,4.96057761963868e-17,3.022036102490407e-16,WORSE than expected,above 99.8% limit
CREDITORS BUREAU ASSOCIATES,666,650.0,519.0855441369945,97.5975975975976,1.2522020837252505,3.517246109080981e-08,1.278914881024472e-07,WORSE than expected,above 99.8% limit
PROFESSIONAL RECOVERY MANAGEMENT,1166,1134.0,906.0207375959046,97.25557461406518,1.2516269804254487,3.4487562809882516e-13,1.7807890239006252e-12,WORSE than expected,above 99.8% limit
"NATIONWIDE CREDIT & COLLECTION, INC.",303,303.0,242.0941118388851,100.0,1.2515793866215468,0.00017972641712007742,0.0004174581829093437,WORSE than expected,above 99.8% limit
LOUISIANA RECOVERY SERVICES INC.,262,262.0,209.444500730556,100.0,1.2509280457883927,0.0005154066271847343,0.0011099221785420093,WORSE than expected,above 99.8% limit
ALCHRO INC.,294,291.0,232.8492023658141,98.9795918367347,1.2497358678636528,0.00026547758101785294,0.0005971584336715804,WORSE than expected,above 99.8% limit
"WILLIAMS & FUDGE, INC",1533,1533.0,1226.7036569253469,100.0,1.2496905763225366,4.24272896672933e-17,2.6075887322066543e-16,WORSE than expected,above 99.8% limit
"THE BEST SERVICE CO.,INC",511,510.0,408.2640076085504,99.80430528375734,1.249191676208194,1.3650588319401963e-06,4.1855777429689465e-06,WORSE than expected,above 99.8% limit
BONNEVILLE BILLING AND COLLECTIONS,576,575.0,460.37252618280127,99.82638888888889,1.2489885197269206,2.947311940146207e-07,9.864617553886944e-07,WORSE than expected,above 99.8% limit
COLLECTION SERVICE OF NEVADA,122,122.0,97.68116449122581,100.0,1.248961359494835,0.019434430876263026,0.029631640490811573,WORSE than expected,within limits
"AMERICAN CREDIT ACCEPTANCE, LLC",3947,3772.0,3020.809096545,95.56625285026603,1.2486720873272534,1.7654685285912375e-39,1.8437863054234802e-38,WORSE than expected,above 99.8% limit
"POLLACK & ROSEN, P.A.",193,192.0,153.79019665827013,99.48186528497409,1.248454089870462,0.0032747212678683455,0.006064783788092176,WORSE than expected,within limits
MULLOOLY JEFFREY ROONEY & FLYNN,146,144.0,115.34705374159758,98.63013698630137,1.248406399027679,0.011109838700063884,0.017881304698017072,WORSE than expected,within limits
NATIONAL BUSINESS FACTORS,246,244.0,195.49161471070457,99.1869918699187,1.248135375837372,0.0009090454020805618,0.0018845732290894038,WORSE than expected,above 99.8% limit
"AMERICAN COLLECTION SERVICES, INC. (OK, TX)",114,114.0,91.36402109133287,100.0,1.2477559397920859,0.024608330198104024,0.03651661540452412,WORSE than expected,within limits
CREDIT BUREAU SERVICES ASSOCIATION,244,243.0,194.7714901620316,99.59016393442623,1.2476158589629665,0.0009520304751252164,0.0019619737833070114,WORSE than expected,above 99.8% limit
"TRANSFINANCIAL COMPANIES, INC",420,419.0,335.84493319842585,99.76190476190476,1.2475995871357808,1.3568191750998073e-05,3.754226761381738e-05,WORSE than expected,above 99.8% limit
"CAPITAL MANAGEMENT SERVICES, LP",763,759.0,608.5692444277148,99.47575360419397,1.247187574708523,4.707457877978156e-09,1.857573577418085e-08,WORSE than expected,above 99.8% limit
"I.C. SYSTEM, INC.",24651,23600.0,18926.466107997832,95.73648127864995,1.246931142101972,1.682769993738666e-234,8.989875081934642e-233,WORSE than expected,above 99.8% limit
"LEWIS, MCDONNELL & ASSOCIATES",199,199.0,159.64765247464743,100.0,1.246494996420958,0.0029385122015031973,0.005493396295946085,WORSE than expected,within limits
GOOGLE COMPARE CREDIT CARDS INC.,1314,1300.0,1042.971233946339,98.93455098934551,1.2464389790321726,1.9777301572544156e-14,1.094449079054336e-13,WORSE than expected,above 99.8% limit
BUSINESS & PROFESSIONAL COLLECTION SERVICE INC,144,144.0,115.57713549650869,100.0,1.2459211710118037,0.01183643151534993,0.018897475143472477,WORSE than expected,within limits
BARCLAYS BANK DELAWARE,28489,24347.0,19547.051352386166,85.46105514409071,1.2455587065835323,1.4878049009885583e-239,8.61067086447128e-238,WORSE than expected,above 99.8% limit
SARMA,227,226.0,181.55921229814658,99.55947136563877,1.2447729704228678,0.001615100427740463,0.003155238388370609,WORSE than expected,above 99.8% limit
"KEYNOTE CONSULTING, INC.",176,174.0,139.85920232970514,98.86363636363636,1.2441083396844426,0.005882537074807804,0.010277791191079296,WORSE than expected,within limits
MEDIATION RECOVERY CENTER,130,130.0,104.5087807496553,100.0,1.2439146171976443,0.017715718404939147,0.02719020206017732,WORSE than expected,within limits
EATON GROUP ATTORNEYS LLC,116,116.0,93.28711260873787,100.0,1.2434729380737066,0.025534385448115475,0.03768600116941747,WORSE than expected,within limits
CENTRAL RESEARCH INC,1474,1474.0,1185.613239142729,100.0,1.2432384789037885,7.793861733542454e-16,4.5106974782876955e-15,WORSE than expected,above 99.8% limit
"F.H. CANN & ASSOCIATES, INC.",499,494.0,397.410474668431,98.99799599198397,1.2430472558936851,3.2998308180586193e-06,9.669757397222408e-06,WORSE than expected,above 99.8% limit
"FIGURE TECHNOLOGIES, INC",269,267.0,214.81028579558483,99.25650557620818,1.2429572402044067,0.0006524232117482744,0.0013835356352951955,WORSE than expected,above 99.8% limit
"VOSS & KLEIN, LLC",104,104.0,83.68570758861989,100.0,1.2427450636044162,0.035242944855812953,0.050341801654883424,no clear signal,within limits
PENN CREDIT CORPORATION,2849,2814.0,2264.780557239808,98.77149877149877,1.2425044850391824,1.1275786104132098e-28,9.378483172838015e-28,WORSE than expected,above 99.8% limit
"PARADIGM ASSETS, LLC",162,162.0,130.3943652885172,100.0,1.2423849730128336,0.008307205876102704,0.013969381309814352,WORSE than expected,within limits
"JAVITCH, BLOCK & RATHBONE LLC",318,318.0,255.9675851262488,100.0,1.242344806445533,0.00020270483025492625,0.00046770267312972185,WORSE than expected,above 99.8% limit
"EXPERT GLOBAL SOLUTIONS, INC.",1772,1767.0,1422.3310193345037,99.71783295711062,1.2423268395192308,1.4326973339678952e-18,9.476269508959079e-18,WORSE than expected,above 99.8% limit
U.S. AUTO CREDIT CORPORATION,234,222.0,178.74776534651312,94.87179487179488,1.2419735685626048,0.001978104779370664,0.00381080102433544,WORSE than expected,above 99.8% limit
PATIENT ACCOUNTING SERVICE CENTER,470,469.0,377.7413421487104,99.7872340425532,1.241590336213087,6.558108967594169e-06,1.8628248171755216e-05,WORSE than expected,above 99.8% limit
NELSON CRUZ & ASSOCIATES LLC,374,370.0,298.02404174221516,98.93048128342247,1.2415105769219874,6.367379730386014e-05,0.00016257886848356935,WORSE than expected,above 99.8% limit
"RECEIVABLE MANAGEMENT GROUP, INC. (GA)",351,350.0,281.9853442394511,99.71509971509971,1.2411992578692086,0.00010282028508943505,0.00024924498427438967,WORSE than expected,above 99.8% limit
UNITED REVENUE CORPORATION,1691,1635.0,1317.5156865309925,96.68835008870491,1.2409719419014593,3.822481691350825e-17,2.3597453641272424e-16,WORSE than expected,above 99.8% limit
FOURLEAF FEDERAL CREDIT UNION,590,590.0,475.56467491509864,100.0,1.2406304150015584,4.612146645389346e-07,1.510913134539104e-06,WORSE than expected,above 99.8% limit
FACTUAL DATA CORP.,304,303.0,244.29870434411225,99.67105263157895,1.2402849242016558,0.0003193188446656415,0.0007096542003849216,WORSE than expected,above 99.8% limit
ACCOUNT RESOLUTION CORPORATION,338,335.0,270.18260560750144,99.11242603550296,1.2399021737419316,0.00015615207677631136,0.0003657592489752049,WORSE than expected,above 99.8% limit
"FINANCIAL RECOVERY SERVICES, INC.",445,440.0,354.91764949086615,98.87640449438203,1.2397242025894897,1.4538531546229557e-05,4.006750063038264e-05,WORSE than expected,above 99.8% limit
"N.A.R., INC.",353,352.0,283.9426260941498,99.71671388101983,1.2396870622844904,0.00010719105389589527,0.0002589363023676496,WORSE than expected,above 99.8% limit
"SPECIAL FINANCING COMPANY, LLC",113,113.0,91.15837480477545,100.0,1.2396008621478884,0.02982179680803574,0.04328367373705501,WORSE than expected,within limits
"JIM BOTTIN ENTERPRISES, INC",610,610.0,492.1496725639678,100.0,1.2394603390104144,3.30320571785825e-07,1.0976441966758634e-06,WORSE than expected,above 99.8% limit
"ENOVA INTERNATIONAL, INC.",5913,5883.0,4746.483203056669,99.49264332825976,1.239443973216092,7.22266982213641e-57,9.203934296282087e-56,WORSE than expected,above 99.8% limit
"APPLIED BUSINESS SERVICES, INC.",168,168.0,135.56576109954506,100.0,1.2392509630557726,0.007855394431468272,0.013290064391363498,WORSE than expected,within limits
"DUVERA BILLING SERVICES, LLC",822,800.0,645.7161367870901,97.32360097323601,1.2389345014367843,5.248812772248234e-09,2.059491791144858e-08,WORSE than expected,above 99.8% limit
HARLEY DAVIDSON FINANCIAL SERVICES INC,885,856.0,691.0308512494706,96.7231638418079,1.2387290646318387,1.5770253959768837e-09,6.4807345414553e-09,WORSE than expected,above 99.8% limit
ARMADA CORP.,144,144.0,116.31710166671319,100.0,1.237995083582872,0.014458854256115827,0.022644617160433703,WORSE than expected,within limits
"EMCC HOLDINGS, LLC",154,150.0,121.16940745802326,97.40259740259741,1.2379362344572373,0.012535531851232793,0.01980870732805728,WORSE than expected,within limits
"AR RESOURCES, INC.",1294,1294.0,1045.4317366186679,100.0,1.2377661349609477,1.3579382314383208e-13,7.199145814762701e-13,WORSE than expected,above 99.8% limit
ATLANTIC RECOVERY SOLUTIONS LLC,513,512.0,413.71934304680315,99.80506822612085,1.2375539326477143,3.4446619555124164e-06,1.007291674990894e-05,WORSE than expected,above 99.8% limit
"CORNERSTONE HOLDINGS, INC.",163,163.0,131.71497091479182,100.0,1.237520677170759,0.009296686086533279,0.015336219684316775,WORSE than expected,within limits
"MEDICAL DATA SYSTEMS, INC.",2974,2974.0,2403.684687142259,100.0,1.2372671074157355,3.7824884867556674e-29,3.164985848255194e-28,WORSE than expected,above 99.8% limit
"CAWLEY & BERGMANN, LLP",201,201.0,162.4589524980704,100.0,1.237235602650998,0.0038427944321271805,0.007013983529861569,WORSE than expected,within limits
JOHNSON MARK P.C.,370,363.0,293.3979175950731,98.10810810810811,1.2372275951221532,9.657025237042265e-05,0.0002361619158548379,WORSE than expected,above 99.8% limit
THE PHOENIX RECOVERY GROUP,624,593.0,479.3211738637273,95.03205128205128,1.2371662933642735,6.001170639010162e-07,1.934019957676361e-06,WORSE than expected,above 99.8% limit
"LEVY & ASSOCIATES, LLC",207,205.0,165.71717309211962,99.03381642512078,1.2370474114112704,0.0035245532744878146,0.006450071802718806,WORSE than expected,within limits
CNG HOLDINGS INC,551,546.0,441.4541655233348,99.09255898366607,1.2368214927878827,1.7349361904785604e-06,5.204808571435681e-06,WORSE than expected,above 99.8% limit
"ACIMA CREDIT, LLC",3872,3568.0,2885.035079894366,92.14876033057851,1.2367267298984248,1.6453826466454002e-34,1.55471870489147e-33,WORSE than expected,above 99.8% limit
AVANTE,805,804.0,650.1601898823138,99.87577639751552,1.2366183173188947,6.465609975962385e-09,2.5156112763618357e-08,WORSE than expected,above 99.8% limit
"S&S PHYSICIAN SERVICES, INC.",180,177.0,143.14192161736355,98.33333333333333,1.2365350276150642,0.006878984950945813,0.011796185304770043,WORSE than expected,within limits
"UNITED RESOURCE SYSTEMS, INC",166,166.0,134.2552744801222,100.0,1.2364504906254383,0.008926353841331721,0.014848749084562587,WORSE than expected,within limits
CLARITY SERVICES,372,372.0,300.9064810361388,100.0,1.2362644989202571,8.371176457980687e-05,0.00020800651341923389,WORSE than expected,above 99.8% limit
"COAST TO COAST FINANCIAL SOLUTIONS, INC.",199,198.0,160.2126440734963,99.49748743718592,1.2358575138998957,0.004315274475951907,0.007754096050578524,WORSE than expected,within limits
ARM WNY LLC,134,134.0,108.45197025888552,100.0,1.23556999176805,0.019490832085900762,0.029685050183460703,WORSE than expected,within limits
"SA-VIT ENTERPRISES, INC.",233,231.0,186.9940810301964,99.14163090128756,1.235333218716679,0.0020663204712645304,0.003964252948323802,WORSE than expected,within limits
"TEXAS CAPITAL BANCSHARES, INC.",180,179.0,144.90526617870552,99.44444444444444,1.2352898187926924,0.006818428031041996,0.011706794233766788,WORSE than expected,within limits
"ID ANALYTICS, INC.",8266,6407.0,5187.32984011895,77.51028308734575,1.2351248517971785,6.638318427411005e-60,9.313761914822109e-59,WORSE than expected,above 99.8% limit
"PALM BEACH CREDIT ADJUSTORS, INC",265,265.0,214.5761643721425,100.0,1.234992715875034,0.0009725998358006313,0.001998433686282658,WORSE than expected,above 99.8% limit
SCHOOLSFIRST FEDERAL CREDIT UNION,688,651.0,527.153253372564,94.62209302325581,1.2349349943969856,2.126736256019333e-07,7.222583519830937e-07,WORSE than expected,above 99.8% limit
CAPITALJ INC. DBA JUNO,259,259.0,209.7612547282138,100.0,1.2347370840033567,0.0011251875492749458,0.0022815846802086127,WORSE than expected,above 99.8% limit
"D&A SERVICES, LLC",366,365.0,295.7456850600991,99.72677595628416,1.234168471218194,0.00011074892745768845,0.0002656826601705168,WORSE than expected,above 99.8% limit
"ADVANCED COLLECTION BUREAU, INC.",413,412.0,333.8851307832165,99.75786924939467,1.2339573164984745,4.025456862890778e-05,0.00010490355689597169,WORSE than expected,above 99.8% limit
"MANDARICH LAW GROUP, LLP",565,560.0,453.84101632583764,99.11504424778761,1.233912272922342,1.656501911668174e-06,5.001915555015421e-06,WORSE than expected,above 99.8% limit
NATIONWIDE CREDIT CORPORATION,242,241.0,195.3339283266827,99.58677685950413,1.2337846377457986,0.001752380274763431,0.003409042299224658,WORSE than expected,above 99.8% limit
"WELTMAN, WEINBERG & REIS CO., L.P.A.",977,977.0,791.954832540967,100.0,1.233656213530916,2.4406565577257976e-10,1.0627184823451826e-09,WORSE than expected,above 99.8% limit
"DESIGNED RECEIVABLE SOLUTIONS, INC.",513,512.0,415.06844246197153,99.80506822612085,1.2335315037758123,4.793724787786595e-06,1.387184110465746e-05,WORSE than expected,above 99.8% limit
AAA COLLECTIONS,121,121.0,98.1069705058453,100.0,1.2333476344862848,0.027925297360301356,0.04058675692655359,WORSE than expected,within limits
"INNOVATE MANAGED HOLDINGS, LLC",228,221.0,179.18810973373982,96.9298245614035,1.2333407631141906,0.0027922201500377494,0.00524816480162711,WORSE than expected,within limits
"RICHLAND HOLDINGS, INC.",123,122.0,98.91860956191655,99.1869918699187,1.2333371904468189,0.027274545836854135,0.03983632404562607,WORSE than expected,within limits
"CREDIT COUNSEL, INC.",124,124.0,100.56940300531983,100.0,1.2329793783646181,0.026211064571023988,0.038566915984271526,WORSE than expected,within limits
"SIMM ASSOCIATES, INC.",603,603.0,489.0848603162123,100.0,1.232914876183526,7.25390279947364e-07,2.300381504216641e-06,WORSE than expected,above 99.8% limit
"BRITE FINANCIAL SERVICES, INC.",104,100.0,81.11691736540264,96.15384615384616,1.2327884644523144,0.0467709826095685,0.06404673908846732,no clear signal,within limits
FROST-ARNETT COMPANY,555,555.0,450.299843581576,100.0,1.2325120870255346,2.086850970198024e-06,6.206929331060076e-06,WORSE than expected,above 99.8% limit
"PAYACTIV, INC.",108,108.0,87.64818463509293,100.0,1.2321989377148894,0.03898528663719985,0.054808262286508695,no clear signal,within limits
"PARAMOUNT CAPITAL GROUP, INC.",140,131.0,106.32996222392981,93.57142857142857,1.2320139804443393,0.02271116198136306,0.033956731961370605,WORSE than expected,within limits
"HERITAGE FINANCIAL GROUP, INC.",104,103.0,83.61738915371049,99.03846153846153,1.2318011964073554,0.04428487803125509,0.060992366708692264,no clear signal,within limits
"APEX ASSET MANAGEMENT, LLC",205,205.0,166.44413570947643,100.0,1.231644474142494,0.004244965934337559,0.007647545632678171,WORSE than expected,within limits
SERVICER UNDER CONTRACT WITH FEDERAL STUDENT AID,7407,7407.0,6014.039206668515,100.0,1.2316181763143372,3.0922368407424604e-67,5.05307879034268e-66,WORSE than expected,above 99.8% limit
"STILLMAN, P.C. D.B.A. STILLMAN LAW OFFICE",239,236.0,191.62025434414167,98.74476987447699,1.2316025819282874,0.002134889111331689,0.004078900929353117,WORSE than expected,within limits
"RMS-RECOVERY MANAGEMENT SERVICES, INC.",219,219.0,177.83135955013955,100.0,1.2315038278625596,0.0031229396846085555,0.005799148692408133,WORSE than expected,within limits
"MERIDIAN FINANCIAL SERVICES, INC.",599,576.0,467.7766119225785,96.16026711185309,1.2313569881842092,1.4847432409591764e-06,4.532545849873178e-06,WORSE than expected,above 99.8% limit
WORLD OMNI FINANCIAL CORP.,1735,1650.0,1340.0447724042037,95.10086455331412,1.231302143016982,3.339761630744408e-16,1.974012300044248e-15,WORSE than expected,above 99.8% limit
DATAMAX CORPORATION,260,260.0,211.1887193738233,100.0,1.231126363050558,0.0012842706820743869,0.002585292720871483,WORSE than expected,above 99.8% limit
"ROOSEN, VARCHETTI & OLIVIER, PLLC",151,151.0,122.65429216483146,100.0,1.2311024533660475,0.014617683479445752,0.0228134408460114,WORSE than expected,within limits
"WHEELS FINANCIAL GROUP, LLC.",875,873.0,709.4691189364545,99.77142857142857,1.2304975321669958,3.373554549835522e-09,1.3465135832533161e-08,WORSE than expected,above 99.8% limit
NICHOLAS FINANCIAL INC.,236,234.0,190.18661688419795,99.15254237288136,1.2303704847038708,0.0023402454710443484,0.004434653423302319,WORSE than expected,within limits
"BROWN AND JOSEPH, LTD",212,211.0,171.49330171154213,99.52830188679245,1.230368754313854,0.0038828623365812095,0.007077815991484646,WORSE than expected,within limits
"NORTHSTAR LOCATION SERVICES, LLC",739,738.0,599.8646259793647,99.86468200270636,1.2302775793706946,5.650804230509233e-08,2.0334111596314313e-07,WORSE than expected,above 99.8% limit
CONSUMER FINANCIAL SERVICES,156,153.0,124.41424810825306,98.07692307692308,1.2297626865604205,0.014460601455222964,0.022644617160433703,WORSE than expected,within limits
"MOBILOANS, LLC",904,904.0,735.1355666302304,100.0,1.2297051605649052,1.989476291344017e-09,8.080065990283155e-09,WORSE than expected,above 99.8% limit
"GURSTEL LAW FIRM, P.C.",585,575.0,467.5978330055648,98.2905982905983,1.2296891888999772,1.7642366592629026e-06,5.28130327525037e-06,WORSE than expected,above 99.8% limit
"PROSPER MARKETPLACE, INC.",1563,1449.0,1178.7617397726067,92.7063339731286,1.2292560498948029,3.274850069911389e-14,1.7979315205956202e-13,WORSE than expected,above 99.8% limit
MNET FINANCIAL INC,108,108.0,87.86501330603893,100.0,1.2291581818104294,0.04131461790206257,0.057558680306885567,no clear signal,within limits
"ATG CREDIT, LLC",600,596.0,484.92996507534014,99.33333333333333,1.229043455599622,1.2117065195717263e-06,3.740134123744728e-06,WORSE than expected,above 99.8% limit
ALLIANT CAPITAL MANAGEMENT LLC,412,412.0,335.27165986158946,100.0,1.2288542376951466,5.6385974441276174e-05,0.00014476916543240779,WORSE than expected,above 99.8% limit
"KLIMA, PETERS & DALY, P.A.",245,243.0,197.76274292847427,99.18367346938776,1.2287450932448227,0.0020504943510866857,0.003939331471174836,WORSE than expected,within limits
"COLLECTION BUREAU OF FORT WALTON BEACH, INC",311,311.0,253.13146809956,100.0,1.2286105806397785,0.00048092667061464374,0.0010388913615610267,WORSE than expected,above 99.8% limit
"BRANCH MESSENGER, INC.",341,341.0,277.5954021953507,100.0,1.228406512871672,0.00025761150270187116,0.0005818250036632505,WORSE than expected,above 99.8% limit
"AXOS FINANCIAL, INC.",1227,1227.0,998.8705193215957,100.0,1.2283874398789378,3.4761035696836994e-12,1.755748312105694e-11,WORSE than expected,above 99.8% limit
"RECEIVABLE COLLECTION SERVICES, LLC",112,112.0,91.19088012936938,100.0,1.228192992995675,0.038338560784783926,0.054063209066055704,no clear signal,within limits
LEXISNEXIS,66053,49412.0,40231.616938506406,74.80659470425265,1.2281882698258364,0.0,0.0,WORSE than expected,above 99.8% limit
HUNT & HENRIQUES,432,427.0,347.7679226898916,98.8425925925926,1.2278303205691588,4.415256683418298e-05,0.00011484628339453213,WORSE than expected,above 99.8% limit
"AMERICOR FUNDING, LLC",226,221.0,180.02690699421478,97.78761061946902,1.2275942729333338,0.003445970399718006,0.006348080749613144,WORSE than expected,within limits
FIDELITY PROPERTIES INC.,165,165.0,134.4628461563228,100.0,1.2271047706975915,0.01187618584098404,0.0189391758130044,WORSE than expected,within limits
"TODD, BREMER & LAWSON, INC.",107,107.0,87.27460359435595,100.0,1.226015307927674,0.04487427101339026,0.06165218836557772,no clear signal,within limits
"FIRST NATIONAL COLLECTION BUREAU, INC.",1015,1015.0,827.897125375805,100.0,1.2259977343673756,3.6653141206166915e-10,1.5810935756324797e-09,WORSE than expected,above 99.8% limit
"GLA COLLECTION COMPANY, INC.",1013,1007.0,821.3850526956443,99.40769990128332,1.2259779949674023,4.3106840355002184e-10,1.8537275929751714e-09,WORSE than expected,above 99.8% limit
CREDIT ACCEPTANCE CORPORATION,14297,13425.0,10950.553951006641,93.90081835350074,1.2259653767347443,2.454731496060387e-115,7.103379266724745e-114,WORSE than expected,above 99.8% limit
CREDIT CARD RECEIVABLES FUND INCORPORATED,542,533.0,434.759683581007,98.33948339483395,1.2259646423739479,5.778752321533065e-06,1.6584063997126913e-05,WORSE than expected,above 99.8% limit
BANK OZK,291,289.0,235.81145448042147,99.3127147766323,1.2255553939768205,0.0008860059317177045,0.0018423087412513348,WORSE than expected,above 99.8% limit
"ULRS, INC.",116,112.0,91.39730791434707,96.55172413793103,1.2254190255249173,0.04047750642280973,0.056619593576316934,no clear signal,within limits
AMERICAN RECOVERY SERVICE INCORPORATED,141,137.0,111.80739158531314,97.16312056737588,1.2253214931274377,0.023111223375934593,0.03440674091015343,WORSE than expected,within limits
"AUTOVEST, L.L.C.",116,114.0,93.04404382534084,98.27586206896552,1.2252261973264724,0.03882375216785027,0.05469187805389861,no clear signal,within limits
HEALTHCARE FINANCE DIRECT LLC.,437,427.0,348.5178595640592,97.7116704805492,1.2251882888702161,5.2777983172436184e-05,0.00013575670116021084,WORSE than expected,above 99.8% limit
"OPTUM BANK, INC.",914,900.0,734.767832385321,98.46827133479212,1.224876702996477,4.229364903038168e-09,1.6784536715200043e-08,WORSE than expected,above 99.8% limit
ADVANCE BUREAU OF COLLECTIONS,117,113.0,92.27813045530614,96.58119658119658,1.224558835798372,0.040240567347528726,0.05640176392100646,no clear signal,within limits
"FIRST FEDERAL CREDIT CONTROL, INC.",1207,1207.0,985.7344504768436,100.0,1.2244677046806272,1.0752630180767802e-11,5.1679596266735215e-11,WORSE than expected,above 99.8% limit
"ASSET RECOVERY SOLUTIONS, LLC",618,605.0,494.15633735793034,97.89644012944984,1.2243088963195523,1.5736592406721385e-06,4.772516780117031e-06,WORSE than expected,above 99.8% limit
"JACOB LAW GROUP, PLLC",106,106.0,86.58231698799892,100.0,1.2242684613613717,0.04743481816272317,0.06462859290505939,no clear signal,within limits
"DIAZ & ASSOCIATES, INC.",173,173.0,141.3655524043916,100.0,1.22377762515379,0.01096180267589517,0.017684023132193253,WORSE than expected,within limits
"WILBER AND ASSOCIATES, P.C.",260,259.0,211.7014020244103,99.61538461538461,1.2234212788545251,0.0018163762172433498,0.00351875392712833,WORSE than expected,above 99.8% limit
"AUTO NOW FINANCIAL SERVICES, INC., PHOENIX, AZ BRANCH",174,172.0,140.60236502747034,98.85057471264368,1.2233080145301631,0.01135139969229532,0.01820680620392402,WORSE than expected,within limits
AMERICAN CORADIUS INTERNATIONAL LLC,1085,1084.0,886.8244424820912,99.90783410138249,1.2223388847583445,1.705083748682608e-10,7.615309732862195e-10,WORSE than expected,above 99.8% limit
MILLCO MANAGEMENT,783,782.0,639.8258812217753,99.87228607918263,1.22220751449869,6.04001213702461e-08,2.1622620768884492e-07,WORSE than expected,above 99.8% limit
LINCOLN EDUCATIONAL SERVICES CORPORATION,175,172.0,140.7360578486992,98.28571428571429,1.2221459278396987,0.011734707764396028,0.01875662725517386,WORSE than expected,within limits
"P.S.C., INC",322,321.0,262.69164013655404,99.68944099378882,1.2219650379172162,0.0005471457724196675,0.00117615205016626,WORSE than expected,above 99.8% limit
"BALANCED HEALTHCARE RECEIVABLES, LLC",121,120.0,98.20701657354397,99.17355371900827,1.2219086190255661,0.03629957841518602,0.051607077194159044,no clear signal,within limits
"UHG, LLC",175,175.0,143.22304127145222,100.0,1.221870436812751,0.011099210622408314,0.017881304698017072,WORSE than expected,within limits
CCF INTERMEDIATE HOLDINGS LLC,2681,2654.0,2172.182084939857,98.9929130921298,1.2218128574030127,1.8511470002678447e-23,1.3823888082645357e-22,WORSE than expected,above 99.8% limit
HILLCREST DAVIDSON & ASSOCIATES,550,545.0,446.0611643498587,99.0909090909091,1.2218055360061355,6.447267885319791e-06,1.838861415340696e-05,WORSE than expected,above 99.8% limit
SMITH DEBNAM NARRON DRAKE SAINTSING & MYERS LLP,124,123.0,100.68934908080615,99.19354838709677,1.2215790560061015,0.03421520008264355,0.049146755858109514,WORSE than expected,within limits
"MONARCH RECOVERY HOLDINGS, INC.",652,625.0,511.63398350359745,95.85889570552148,1.2215764006137513,1.3754850593760268e-06,4.2082571530248925e-06,WORSE than expected,above 99.8% limit
"PLUSFOUR, INC",494,493.0,403.6597633243887,99.79757085020243,1.2213255934647511,1.861104041428863e-05,5.058852276995481e-05,WORSE than expected,above 99.8% limit
"CREDIT COLLECTIONS U.S.A., L.L.C.",277,277.0,226.80896107223145,100.0,1.2212921336550908,0.0013764358176056666,0.002750891152020534,WORSE than expected,above 99.8% limit
"USCB, INC.",724,724.0,592.8942329480402,100.0,1.221128423530221,2.106974107952031e-07,7.190631537949315e-07,WORSE than expected,above 99.8% limit
"ADMIN RECOVERY, LLC",239,237.0,194.08489550209654,99.16317991631799,1.2211151176235653,0.0031341635408019676,0.005812220504905118,WORSE than expected,within limits
TRUSTMARK CORPORATION,430,427.0,349.78631959090495,99.30232558139535,1.2207452838618755,7.106352634781794e-05,0.00017905759925912685,WORSE than expected,above 99.8% limit
"RECEIVABLES MANAGEMENT PARTNERS, LLC",1857,1857.0,1521.3115343791453,100.0,1.2206572802709017,9.72278926127017e-17,5.897359949303173e-16,WORSE than expected,above 99.8% limit
"LOVE, BEAL & NIXON, P.C.",199,197.0,161.48975475387644,98.99497487437186,1.219891629040146,0.007446365801903901,0.012644256844553201,WORSE than expected,within limits
ZUNTAFI CORP,144,139.0,113.94961292429353,96.52777777777777,1.2198374038562956,0.02515417805592281,0.037208895974096684,WORSE than expected,within limits
INNOVIS,1502,1502.0,1231.4742048042297,100.0,1.2196763798546446,9.988335710306793e-14,5.33607626985236e-13,WORSE than expected,above 99.8% limit
"MERCANTILE ADJUSTMENT BUREAU, LLC",664,661.0,541.968175031505,99.54819277108433,1.2196288093144503,8.308773572773468e-07,2.6169810640776297e-06,WORSE than expected,above 99.8% limit
CONGRESS COLLECTION CORP,219,219.0,179.56806957738817,100.0,1.2195932189693552,0.004789873254079742,0.008551586053877585,WORSE than expected,within limits
"HOVG, LLC",714,713.0,584.7460494679176,99.85994397759103,1.2193327353793761,3.1697476410450527e-07,1.0558224156862297e-06,WORSE than expected,above 99.8% limit
"COLLECTIONS ACQUISITION COMPANY, INC.",269,258.0,211.60611770062312,95.91078066914498,1.2192464131165348,0.002204548572168067,0.004188943866951361,WORSE than expected,within limits
NORTH AMERICAN CREDIT SERVICES,238,238.0,195.2907798979866,100.0,1.2186955273788311,0.003368770296946854,0.006214106165284436,WORSE than expected,within limits
TEXAS HIGHER EDUCATION COORDINATING BOARD,102,102.0,83.70498989379125,100.0,1.2185653463362496,0.057536318209598016,0.0764765033427097,no clear signal,within limits
"BENUCK & RAINEY, INC.",100,100.0,82.06558131137302,100.0,1.2185376427247891,0.06015920261202873,0.07939143783160901,no clear signal,within limits
"TROMBERG, MILLER, MORRIS & PARTNERS, PLLC",107,103.0,84.53660122417517,96.26168224299066,1.2184071574732862,0.05644370864229633,0.07528770506818555,no clear signal,within limits
EVEREST RECEIVABLE SERVICES INC.,149,149.0,122.29125452627758,100.0,1.218402743329314,0.021071207165993013,0.03177840038389174,WORSE than expected,within limits
"EXPRESS RECOVERY SERVICES, INC.",407,399.0,327.62793164763855,98.03439803439804,1.217844882740711,0.00014788069946058646,0.00034814625686568576,WORSE than expected,above 99.8% limit
"CALIFORNIA BUSINESS BUREAU, INC.",484,481.0,394.98575108681695,99.3801652892562,1.2177654476813704,3.070832529782842e-05,8.124545493082604e-05,WORSE than expected,above 99.8% limit
"JNR ADJUSTMENT COMPANY, INC",102,102.0,83.78600569043154,100.0,1.217387070304612,0.058750206547577975,0.07791928641020207,no clear signal,within limits
"GLASS MOUNTAIN CAPITAL, LLC",176,175.0,143.7898267686594,99.43181818181819,1.217054112468986,0.012752415152272377,0.020105680643026484,WORSE than expected,within limits
OKLAHOMA STUDENT LOAN AUTHORITY,195,195.0,160.2808055558919,100.0,1.2166147987820106,0.008610947202737612,0.014410368270605474,WORSE than expected,within limits
"EARLY WARNING SERVICES, LLC",36728,36728.0,30189.924338808953,100.0,1.2165648243373168,9.358632153510083e-290,7.221744478458614e-288,WORSE than expected,above 99.8% limit
GRANT & WEBER,781,781.0,641.9853810788787,100.0,1.216538605112008,1.2072774943169726e-07,4.1714140288713307e-07,WORSE than expected,above 99.8% limit
RECEIVABLES MANAGEMENT CORPORATION,349,348.0,286.11450931170583,99.7134670487106,1.2162962334107752,0.00043280739747991677,0.0009452350237415163,WORSE than expected,above 99.8% limit
"HARVARD COLLECTIONS, LLC",761,750.0,616.6649541194348,98.5545335085414,1.2162195937840519,2.2299923386390642e-07,7.536397465619611e-07,WORSE than expected,above 99.8% limit
"PRESSLER & PRESSLER, LLP",988,985.0,810.0756607619298,99.69635627530364,1.2159358041612338,2.99703415543354e-09,1.2031446363864705e-08,WORSE than expected,above 99.8% limit
"INTEGRITY SOLUTION SERVICES, INC.",163,161.0,132.41056728679598,98.77300613496932,1.215915038346452,0.017518847419119424,0.026947595863961105,WORSE than expected,within limits
LENDINGUSA,215,206.0,169.51448744949263,95.81395348837209,1.2152353648320373,0.0072254871136522795,0.01231435779246996,WORSE than expected,within limits
"RIDGE & VALLEY REALTY, INC.",129,127.0,104.52046769345135,98.44961240310077,1.2150730168226858,0.0360587774557076,0.05131725603071501,no clear signal,within limits
"GULF COAST COLLECTION BUREAU, INC.",401,400.0,329.2267315667497,99.75062344139651,1.2149681713160074,0.0001733115833005274,0.00040390904228931635,WORSE than expected,above 99.8% limit
AMERICOLLECT,2475,2449.0,2015.986352138168,98.94949494949495,1.2147899698837619,1.1678393103488166e-20,8.11064401037253e-20,WORSE than expected,above 99.8% limit
"ENHANCED ACQUISITIONS, LLC",229,229.0,188.53526195115174,100.0,1.2146268959455044,0.004689068153949466,0.008395424717389695,WORSE than expected,within limits
"NRA GROUP, LLC",4176,3860.0,3178.247585584584,92.43295019157088,1.214505760189233,1.4375338655750518e-31,1.279958038002402e-30,WORSE than expected,above 99.8% limit
"CREDIT SERVICE COMPANY, INC",235,235.0,193.53044384737055,100.0,1.214279238595323,0.004224161411921437,0.007619948313193345,WORSE than expected,within limits
"CONSTAR FINANCIAL SERVICES, LLC",150,150.0,123.53269472186341,100.0,1.2142534438978143,0.022879261690018356,0.03409795545862178,WORSE than expected,within limits
"WEBER & OLCESE, PLC",194,189.0,155.65777039493315,97.42268041237114,1.2142021533552183,0.010466024580741353,0.01702260906633459,WORSE than expected,within limits
TATE AND KIRLIN ASSOC,317,314.0,258.609959119901,99.05362776025237,1.2141837115190839,0.0009258801320096077,0.0019137611657162872,WORSE than expected,above 99.8% limit
ACTION COLLECTION SERVICE,116,113.0,93.0925935833748,97.41379310344827,1.2138452228081484,0.049558400076840405,0.06728897136532876,no clear signal,within limits
"THE THOMAS AGENCY, INC.",218,218.0,179.59991947557384,100.0,1.213809007468117,0.005987391773069443,0.010447848207026956,WORSE than expected,within limits
"ALEXANDER-ROSE ASSOC, INC.",115,105.0,86.50473351048467,91.30434782608695,1.213806409648943,0.05871525645322641,0.07791928641020207,no clear signal,within limits
"RECOVERY ONE, LLC",167,166.0,136.7713313948221,99.40119760479043,1.2137046434153849,0.01679952345681247,0.025956104651293124,WORSE than expected,within limits
BB&T CORPORATION,5510,5319.0,4384.108917030362,96.53357531760436,1.2132454053178268,1.9367733989644635e-42,2.118250591465858e-41,WORSE than expected,above 99.8% limit
CNG FINANCIAL CORPORATION,2720,2699.0,2224.869496852667,99.2279411764706,1.2131048602257548,2.559033709856899e-22,1.841708716575768e-21,WORSE than expected,above 99.8% limit
"MAXIMUS FEDERAL SERVICES, INC.",12595,12508.0,10311.245694724019,99.3092497022628,1.2130445118187805,3.2799695824838543e-97,7.231551984238212e-96,WORSE than expected,above 99.8% limit
"NELSON AND KENNARD, LLP",229,225.0,185.52781942737641,98.2532751091703,1.2127561284041,0.005423209832786891,0.009547323774069697,WORSE than expected,within limits
"NPAS, INC.",143,143.0,117.92609607968824,100.0,1.2126238784617116,0.027431211982786502,0.04002306034043114,WORSE than expected,within limits
"CLGF HOLDCO 1, LLC",9087,7028.0,5795.963848719304,77.34125674039836,1.2125679496004673,3.2600447600226482e-55,4.043037653278088e-54,WORSE than expected,above 99.8% limit
CREDIT PLUS INC,771,770.0,635.1968822113304,99.87029831387808,1.2122225747068773,2.4395656274175045e-07,8.204737667028846e-07,WORSE than expected,above 99.8% limit
"AMERICAN COLLECTIONS ENTERPRISE, INC.",402,402.0,331.7029398054869,100.0,1.2119277575162157,0.0002013171560372914,0.00046527375995973,WORSE than expected,above 99.8% limit
"AQUA FINANCE, INC.",996,945.0,779.8385069641542,94.87951807228916,1.2117893532582862,1.1225883115013795e-08,4.237160773574501e-08,WORSE than expected,above 99.8% limit
UNIVERSAL RECOVERY CORPORATION,165,161.0,132.88311326243328,97.57575757575758,1.211591119798933,0.01963656281609771,0.029841559903238203,WORSE than expected,within limits
MESSERLI & KRAMER P.A.,400,392.0,323.57177684719966,98.0,1.211477724724781,0.0002487907639048445,0.000562818193915031,WORSE than expected,above 99.8% limit
SAN DIEGO COUNTY CREDIT UNION,249,220.0,181.6935371561477,88.35341365461848,1.2108300792830715,0.006390384090245331,0.011067635288467288,WORSE than expected,within limits
"AC AUTOPAY LLC, DENVER, CO BRANCH",200,200.0,165.20297257562515,100.0,1.210631969158096,0.009437411967953212,0.015543305846629463,WORSE than expected,within limits
"GLASSER AND GLASSER, PLC",325,316.0,261.0339541824791,97.23076923076923,1.2105704830226653,0.0010639271963229129,0.002166854656440654,WORSE than expected,above 99.8% limit
"NELNET, INC.",27674,27635.0,22829.93715187147,99.85907349859073,1.2104720138370875,6.283801562463055e-208,3.1172144179504225e-206,WORSE than expected,above 99.8% limit
"COLUMBIA BANKING SYSTEM, INC.",310,306.0,252.8119317544024,98.70967741935483,1.210385909701714,0.0012920943328391275,0.0025935246073895205,WORSE than expected,above 99.8% limit
COLLECTION BUREAU OF AMERICA LTD.,900,882.0,728.7900048716358,98.0,1.2102251596539797,4.237723401168537e-08,1.5368662674211742e-07,WORSE than expected,above 99.8% limit
HYUNDAI CAPITAL AMERICA,8169,7936.0,6557.906091758195,97.14775370302362,1.2101423669322984,6.597189295701222e-61,9.545308262217705e-60,WORSE than expected,above 99.8% limit
"PLATINUM HOLDINGS GROUP, LLC",445,445.0,367.7957978563056,100.0,1.2099105063018076,0.00010452663139254183,0.0002529398797983286,WORSE than expected,above 99.8% limit
NATIONAL DEBT RELIEF LLC,393,393.0,324.8601186571937,100.0,1.209751451253733,0.000270879164402437,0.0006078370910419789,WORSE than expected,above 99.8% limit
"DATA AND CONTACT MANAGEMENT SOLUTIONS, LLC",208,204.0,168.65501519081454,98.07692307692308,1.209569722959003,0.00904585979742562,0.015011588122609542,WORSE than expected,within limits
"FIDELITY CAPITAL HOLDINGS, INC",585,584.0,482.84087848515384,99.82905982905983,1.209508196224435,8.933463242730253e-06,2.5067839281115803e-05,WORSE than expected,above 99.8% limit
KIRSCHENBAUM & PHILLIPS P.C,141,141.0,116.57822081964832,100.0,1.2094883504709963,0.03072743409601077,0.044505115703189733,WORSE than expected,within limits
BOEING EMPLOYEES' CREDIT UNION,1032,983.0,812.783493788313,95.25193798449612,1.2094241670907007,8.03695267955542e-09,3.06684815162156e-08,WORSE than expected,above 99.8% limit
THE RECEIVABLE MANAGEMENT SERVICES LLC,1953,1810.0,1496.5991493104716,92.67793138760881,1.2094086788930234,4.778361567547071e-15,2.731335068857153e-14,WORSE than expected,above 99.8% limit
"CASCADE CAPITAL, LLC",390,380.0,314.2050003324632,97.43589743589743,1.2094015041069317,0.0003501528424725362,0.0007732309987191618,WORSE than expected,above 99.8% limit
"CENTRAL STATES RECOVERY, INC.",247,247.0,204.24250702170826,100.0,1.2093466908616979,0.004051865850814244,0.007344464889299993,WORSE than expected,within limits
MAR JOE ENTERPRISES,150,150.0,124.06797188759197,100.0,1.209014685400862,0.026032229983740898,0.038344398141480496,WORSE than expected,within limits
KNIGHT ADJUSTMENT BUREAU,294,288.0,238.240495288176,97.95918367346938,1.208862496913612,0.001932557478115064,0.0037282254681969772,WORSE than expected,above 99.8% limit
COOLEY ENTERPRISES INC,141,138.0,114.16063514664077,97.87234042553192,1.2088229872121616,0.03310640814212683,0.047652643429444724,WORSE than expected,within limits
"BILL.COM, LLC",121,118.0,97.61633690182444,97.52066115702479,1.2088140545437185,0.04932717894786195,0.06704055925497088,no clear signal,within limits
"SCA COLLECTIONS, INC.",679,679.0,561.7430508666698,100.0,1.2087376941333294,1.7912225045928627e-06,5.350554965332228e-06,WORSE than expected,above 99.8% limit
"U.S. COLLECTIONS WEST, INC.",415,405.0,335.0669427744121,97.59036144578313,1.208713687618749,0.0002321995575459637,0.0005295980056343901,WORSE than expected,above 99.8% limit
"AMERASSIST A/R SOLUTIONS, INC.",575,574.0,474.9719221312361,99.82608695652173,1.208492488196812,1.164375505420483e-05,3.247625656684841e-05,WORSE than expected,above 99.8% limit
"MOMNT TECHNOLOGIES, INC.",157,150.0,124.1322738003175,95.54140127388536,1.208388402207906,0.026434497502981127,0.038854515377397654,WORSE than expected,within limits
ACCESS RECEIVABLES OF NC INC.,159,158.0,130.75319697946588,99.37106918238993,1.2083834556245159,0.022632540985096247,0.03387564593566669,WORSE than expected,within limits
"A.R.M. SOLUTIONS, INC.",368,367.0,303.7411933851357,99.72826086956522,1.2082654838807254,0.00047255227903466684,0.0010223911457619196,WORSE than expected,above 99.8% limit
SOLIDUS GROUP LLC.,238,238.0,196.98836458878046,100.0,1.2081931869267135,0.005006496739697049,0.008903999963430475,WORSE than expected,within limits
GLOBAL TRUST MANAGEMENT LLC,173,172.0,142.3805935683564,99.42196531791907,1.2080298001948098,0.01744880761948691,0.026869616167923854,WORSE than expected,within limits
"IO, INC.",763,749.0,620.0334891940648,98.1651376146789,1.207999266255068,5.693180700808902e-07,1.8476233629494311e-06,WORSE than expected,above 99.8% limit
CREDICO. INC,126,126.0,104.34243092722033,100.0,1.207562435342205,0.04313361443333151,0.05970059808386252,no clear signal,within limits
"BANKMOBILE TECHNOLOGIES, INC",257,243.0,201.2480664231903,94.55252918287938,1.2074650172738184,0.0046903164727821476,0.008395424717389695,WORSE than expected,within limits
CONRAD CREDIT CORPORATION,108,108.0,89.48022329812439,100.0,1.2069706133854028,0.06246928699477373,0.0820906713677774,no clear signal,within limits
"DLC, LLC",142,141.0,116.85368444173893,99.29577464788733,1.206637177711756,0.032822324398272,0.047292747499169924,WORSE than expected,within limits
FRESNO CREDIT BUREAU,207,207.0,171.5694056896264,100.0,1.206508812966739,0.009444600528837485,0.015543305846629463,WORSE than expected,within limits
"TIDEWATER FINANCE COMPANY, INC.",390,381.0,315.898328052017,97.6923076923077,1.2060842561257972,0.0004164827079354569,0.0009124518632844632,WORSE than expected,above 99.8% limit
"VIRTUOSO SOURCING GROUP, LLC.",217,217.0,179.92292075834146,100.0,1.2060720173137784,0.007964378890510349,0.013454454848710079,WORSE than expected,within limits
"MEADE & ASSOCIATES, INC.",256,256.0,212.26704472283384,100.0,1.2060280027654322,0.003908717798954501,0.00710629453239241,WORSE than expected,within limits
GREEN SQUARE COMPANY LLC.,244,244.0,202.34594272851905,100.0,1.2058556584322861,0.004894712527902866,0.008716353463150105,WORSE than expected,within limits
"ALLIED COLLECTION SERVICES, INC. (NEVADA)",891,872.0,723.2579336243577,97.8675645342312,1.205655630530415,9.073320834967636e-08,3.17451955661714e-07,WORSE than expected,above 99.8% limit
SUN LOAN COMPANY INC.,736,668.0,554.0956878457052,90.76086956521739,1.2055679454881678,2.971148091211664e-06,8.743484531129241e-06,WORSE than expected,above 99.8% limit
"MED-1 SOLUTIONS, LLC",146,145.0,120.28375573255562,99.31506849315069,1.2054828111819156,0.031218811355057708,0.04516971767934912,WORSE than expected,within limits
UNITED CREDIT AND COLLECTIONS INC.,155,140.0,116.13731905343457,90.3225806451613,1.2054695350388298,0.03437074581138597,0.049319179681833795,WORSE than expected,within limits
"ASH LAW GROUP, P.C.",164,164.0,136.0553500458769,100.0,1.2053917758081572,0.02181207929219409,0.03271811893829114,WORSE than expected,within limits
TOYOTA MOTOR CREDIT CORPORATION,9243,8681.0,7203.569210611572,93.91972303364709,1.2050970492810738,9.730831089050686e-64,1.4691439546403699e-62,WORSE than expected,above 99.8% limit
"SNAP US HOLDINGS, LLC",100,100.0,82.99002759304497,100.0,1.20496405291448,0.0759847138953003,0.0976343826092249,no clear signal,within limits
"CARVANA GROUP, LLC",1237,1234.0,1024.2243305836228,99.75747776879547,1.2048141829406094,2.3191162361085806e-10,1.0161679659163465e-09,WORSE than expected,above 99.8% limit
"WEBCOLLEX, LLC",360,359.0,298.0001240406797,99.72222222222223,1.2046974851292118,0.0006629336910396949,0.001403681245204476,WORSE than expected,above 99.8% limit
NOVO PLATFORM INC.,148,147.0,122.03496088153058,99.32432432432432,1.2045728448481665,0.03070668422384102,0.044505115703189733,WORSE than expected,within limits
FMS INC.,155,155.0,128.74493237309767,100.0,1.2039308821167127,0.026821263492660185,0.039339741279097146,WORSE than expected,within limits
"C.TECH COLLECTIONS, INC.",130,130.0,107.9865811248832,100.0,1.2038532810818314,0.04315291610957377,0.05970059808386252,no clear signal,within limits
AUTOMOBILE ACCEPTANCE CORPORATION,165,155.0,128.7696708560892,93.93939393939394,1.2036995898919816,0.026976416120497344,0.03952557172085529,WORSE than expected,within limits
"ESCALLATE, LLC",114,114.0,94.71741067962748,100.0,1.2035801990575314,0.059090717741498114,0.07816857804089608,no clear signal,within limits
SEQUOIA FINANCIAL SERVICES,419,414.0,344.0599899228243,98.80668257756564,1.2032785331792397,0.00027695618813092444,0.0006204712021191194,WORSE than expected,above 99.8% limit
"THUNDERBIRD COLLECTION SPECIALISTS, INC.",203,202.0,167.88547647768155,99.50738916256158,1.2032011597313694,0.01151348935026078,0.018445486398514677,WORSE than expected,within limits
"AMERICAN ADJUSTMENT BUREAU,INC.",211,211.0,175.4032896773348,100.0,1.202942090699368,0.009866187067531893,0.016179614919482645,WORSE than expected,within limits
OPENROAD LENDING,124,123.0,102.3020650915335,99.19354838709677,1.202321770239411,0.05092609890491235,0.06893683128425265,no clear signal,within limits
WSFS FINANCIAL CORPORATION,575,574.0,477.43525635495234,99.82608695652173,1.2022572534384766,1.9759270498397016e-05,5.33961609382752e-05,WORSE than expected,above 99.8% limit
ASTA FUNDING INC.,203,202.0,168.0475981336257,99.50738916256158,1.2020403876250376,0.011943656895599676,0.01899799912404336,WORSE than expected,within limits
SIGGI LLC,234,232.0,193.0261437047736,99.14529914529915,1.2019097286367357,0.007022944453006434,0.012009177573010418,WORSE than expected,within limits
MIRAMED REVENUE GROUP LLC,241,241.0,200.52092672040763,100.0,1.201869570132366,0.005997787453040195,0.0104528566778831,WORSE than expected,within limits
LINEBARGER GOGGAN BLAIR & SAMPSON LLP,859,847.0,704.7362432594122,98.60302677532015,1.2018680862539672,2.2104923328725561e-07,7.488716708195074e-07,WORSE than expected,above 99.8% limit
"RECOVERY SOLUTIONS GROUP, LLC",122,122.0,101.5294099482129,100.0,1.2016222694707723,0.05264136215835565,0.07085160081197286,no clear signal,within limits
GLACIER BANCORP INC.,118,116.0,96.53902607236508,98.30508474576271,1.2015865989060952,0.05905919709736844,0.07816857804089608,no clear signal,within limits
"SKRILL USA, INC.",587,583.0,485.1996278584647,99.31856899488926,1.2015672859709288,1.8021464963525055e-05,4.927522605184311e-05,WORSE than expected,above 99.8% limit
KEYBRIDGE MEDICAL REVENUE MANAGEMENT,172,172.0,143.1467102584483,100.0,1.2015644627072302,0.020837442195636404,0.031528548158757046,WORSE than expected,within limits
CREDIGY USA CORP.,144,143.0,119.01288129055813,99.30555555555556,1.2015506090544914,0.03553452091703631,0.05062302518334711,no clear signal,within limits
KBR INC DBA RASH CURTIS & ASSOCIATES,687,683.0,568.5174015978937,99.41775836972343,1.2013704384075805,3.4926278631473365e-06,1.0170356607781239e-05,WORSE than expected,above 99.8% limit
TEXAS GUARANTEED,333,331.0,275.54050464376235,99.3993993993994,1.201275291369374,0.0012870552419145885,0.0025871486700714376,WORSE than expected,above 99.8% limit
ALORICA INC.,1848,1728.0,1439.1212052900178,93.50649350649351,1.200732776119275,1.69025928766909e-13,8.893068752168052e-13,WORSE than expected,above 99.8% limit
"CONSUMER FINANCIAL SERVICES SOLUTIONS, INC.",390,388.0,323.1632398492429,99.48717948717949,1.2006316070509866,0.0005051402855651943,0.0010895028829969796,WORSE than expected,above 99.8% limit
2288984 ONTARIO INC.,508,497.0,413.97193124720695,97.83464566929133,1.2005644887629159,8.167184494041067e-05,0.000203301420469947,WORSE than expected,above 99.8% limit
D2 MANAGEMENT LLC,217,217.0,180.78698966107748,100.0,1.2003076128808343,0.009676887995521806,0.01588794021959786,WORSE than expected,within limits
"ALLIANCE COLLECTION AGENCIES, INC.",223,220.0,183.28914972828784,98.65470852017937,1.2002892714933382,0.009185001772756895,0.015188056502808722,WORSE than expected,within limits
"REMEX, INC.",340,339.0,282.45514999903384,99.70588235294117,1.200190543529334,0.0011856992567680327,0.002397287143596503,WORSE than expected,above 99.8% limit
"RECEIVABLE RECOVERY SERVICES, LLC",241,240.0,199.99792117577744,99.5850622406639,1.200012473074982,0.00653711195131474,0.011279563354504564,WORSE than expected,within limits
"RECEIVABLES OUTSOURCING, INC.",137,136.0,113.37124194688033,99.27007299270073,1.199598748893677,0.042270856238356136,0.05865556375132535,no clear signal,within limits
ALBERT CORPORATION,743,739.0,616.1296977175308,99.46164199192464,1.1994227883149369,1.706233592343213e-06,5.1409077218323705e-06,WORSE than expected,above 99.8% limit
"COLLEGE FOUNDATION, INC.",142,139.0,115.9225309272739,97.88732394366197,1.1990766496221876,0.040470001694801395,0.056619593576316934,no clear signal,within limits
"BCA FINANCIAL SERVICES, INC.",182,181.0,150.95749054941442,99.45054945054945,1.199013042289223,0.019027512625672423,0.029043093447317578,WORSE than expected,within limits
QUALITY ASSET RECOVERY LLC,360,359.0,299.42024366715754,99.72222222222223,1.1989837280310034,0.0009012420615379718,0.001871188674852381,WORSE than expected,above 99.8% limit
WATERFALL REVENUE GROUP,226,224.0,186.8911039525952,99.11504424778761,1.1985589215461934,0.009087643405454978,0.0150449781766114,WORSE than expected,within limits
EDFINANCIAL SERVICES,9556,9556.0,7973.486587644777,100.0,1.1984719476179202,3.9833050920076036e-66,6.216641317751192e-65,WORSE than expected,above 99.8% limit
STELLANTIS FINANCIAL SERVICES US CORP.,1066,910.0,759.4996471833941,85.36585365853658,1.198157238617209,1.2716042974712623e-07,4.382775109646609e-07,WORSE than expected,above 99.8% limit
"SOUTHERN OREGON CREDIT SERVICE, INC.",108,107.0,89.32796082377565,99.07407407407408,1.1978332317591731,0.07507147544942586,0.0966397399437002,no clear signal,within limits
METRO COLLECTION SERVICE INC.,181,168.0,140.28171766623404,92.81767955801105,1.19759012646049,0.024907496221488554,0.03688327532158593,WORSE than expected,within limits
"PROFESSIONAL PLACEMENT SERVICES, LLC",225,225.0,187.88844530789328,100.0,1.1975190897518575,0.009257684434982507,0.015290040047789184,WORSE than expected,within limits
"HOME LOAN CENTER, INC.",476,474.0,395.936350817908,99.5798319327731,1.1971621171454239,0.0001516969216317977,0.00035652626759148393,WORSE than expected,above 99.8% limit
COMMERCIAL RECOVERY SYSTEMS,200,198.0,165.4569634257969,99.0,1.1966858082029155,0.015134651724299565,0.02354090844910649,WORSE than expected,within limits
EAST WEST BANK,475,468.0,391.21572058102475,98.52631578947368,1.1962709456177707,0.0001776560285947488,0.00041334040823803365,WORSE than expected,above 99.8% limit
"BROCK & SCOTT, PLLC",298,294.0,245.79555605431523,98.65771812080537,1.1961160108811433,0.003057677755097599,0.005700824700443712,WORSE than expected,within limits
"PROGRESSIVE FINANCIAL SERVICES, INC.",219,219.0,183.10664256834374,100.0,1.1960243327505675,0.010790113442132274,0.01744757575217896,WORSE than expected,within limits
"ACCOUNT DISCOVERY SYSTEMS, LLC",139,139.0,116.23230709514361,100.0,1.1958809342588337,0.04345924300619592,0.05994527163416696,no clear signal,within limits
PATENAUDE & FELIX A PROFESSIONAL CORPORATION,443,441.0,368.81017580914323,99.54853273137698,1.1957370726891616,0.00028416411242816785,0.000635594125865902,WORSE than expected,above 99.8% limit
"AUGUSTA COLLECTION AGENCY, INC.",119,112.0,93.66626025327446,94.11764705882354,1.1957347255794235,0.07105182388405291,0.09214844386083053,no clear signal,within limits
"PERSOLVE, LLC - LEGAL - SERIES 2",376,371.0,310.484249697574,98.67021276595744,1.194907633354578,0.0009215158411489419,0.0019075789915884952,WORSE than expected,above 99.8% limit
LANIER COLLECTIONS AGENCY AND SERVICES INC,251,250.0,209.2351286613155,99.60159362549801,1.1948280463204137,0.006687862301700716,0.011511078980250675,WORSE than expected,within limits
"BRAVIANT HOLDINGS, LLC",347,341.0,285.44845756050813,98.27089337175792,1.194611464760556,0.0015198620251166124,0.002998705046714453,WORSE than expected,above 99.8% limit
"CREDIT BUREAU OF NAPA COUNTY, INC.",216,214.0,179.16151441280672,99.07407407407408,1.1944529532549149,0.012367241116685414,0.019565031789380457,WORSE than expected,within limits
"NORTH STATE ACCEPTANCE, LLC",149,140.0,117.2317066966301,93.95973154362416,1.1942161719294018,0.04430619007132505,0.060992366708692264,no clear signal,within limits
ROBINHOOD MARKETS INC.,4833,4833.0,4047.149775903757,100.0,1.194173743896285,4.666638849027896e-33,4.2365760531370904e-32,WORSE than expected,above 99.8% limit
"STALLINGS FINANCIAL GROUP, INC.",125,124.0,103.85625866885125,99.2,1.1939578951652559,0.05915641609559957,0.07818102945460305,no clear signal,within limits
"GALAXY CAPITAL ACQUISITIONS, LLC",220,206.0,172.5999530670209,93.63636363636364,1.1935113326479863,0.01457671028442971,0.02277508502257915,WORSE than expected,within limits
"SEATTLE SERVICE BUREAU, INC",364,354.0,296.6584495211333,97.25274725274726,1.193291479044091,0.0013190501028344957,0.0026438103792743354,WORSE than expected,above 99.8% limit
KENTUCKY HIGHER EDUCATION ASSISTANCE AUTHORITY,206,205.0,171.80943296447552,99.51456310679612,1.1931824490823342,0.014976183579029355,0.023320536985730687,WORSE than expected,within limits
"NEW CENTURY FINANCIAL SERVICES, INC.",108,108.0,90.52044199936414,100.0,1.1931006700205755,0.08014560714977534,0.10250667433797232,no clear signal,within limits
FOCUS HOLDING COMPANY,527,527.0,441.7896720641914,100.0,1.192875328066582,8.912514918463464e-05,0.0002191058977300133,WORSE than expected,above 99.8% limit
"COLLEGE AVE STUDENT LOAN SERVICING, LLC",222,217.0,181.98167989981835,97.74774774774775,1.1924277219523383,0.012570932966926627,0.019842074876205776,WORSE than expected,within limits
BYL COLLECTION SERVICES,288,288.0,241.55882495931831,100.0,1.1922561721704972,0.003984940443555487,0.007235401668102707,WORSE than expected,within limits
CONCORD RESOLUTION INC (CLOSED),122,122.0,102.33736216527386,100.0,1.192135476415458,0.06354811622955145,0.08319352822134493,no clear signal,within limits
"STERN RECOVERY SERVICES, INC.",116,116.0,97.32001472647042,100.0,1.1919439215667191,0.07092439054704974,0.09206913875687112,no clear signal,within limits
GLOBAL CREDIT & COLLECTION CORPORATION,362,358.0,300.35677107294737,98.89502762430939,1.1919158629956534,0.0013296461665633411,0.0026612082497932,WORSE than expected,above 99.8% limit
WORLD ACCEPTANCE CORPORATION,4598,4006.0,3362.363763087886,87.12483688560243,1.1914237370679428,4.98275913274692e-27,4.0712073149326305e-26,WORSE than expected,above 99.8% limit
"FLAGSTAR BANK, NATIONAL ASSOCIATION",499,480.0,403.03300864879105,96.19238476953907,1.1909694484063442,0.00021123899544351393,0.0004849768011091584,WORSE than expected,above 99.8% limit
"SECURUS J HOLDINGS, LLC",282,272.0,228.38634752700744,96.45390070921985,1.1909643590575618,0.005432367922047578,0.009551340561676058,WORSE than expected,within limits
REVENUE ASSISTANCE CORPORATION DBA REVENUE GROUP,202,202.0,169.6507639890565,100.0,1.1906813459032242,0.01700543412107669,0.026245053326861695,WORSE than expected,within limits
KLARNA AB,2838,2676.0,2247.8489028941462,94.29175475687103,1.1904714754424113,1.9885831719602394e-18,1.3028971820060247e-17,WORSE than expected,above 99.8% limit
FINANCIAL BUSINESS AND CONSUMER SOLUTIONS.,546,541.0,454.5101658473064,99.08424908424908,1.1902924085129265,8.747700742658255e-05,0.00021620952309144714,WORSE than expected,above 99.8% limit
BAM MANAGEMENT US HOLDINGS INC.,848,848.0,712.4967812944672,100.0,1.1901808152162456,8.85716531472635e-07,2.7771112013893683e-06,WORSE than expected,above 99.8% limit
CEANNATE,233,233.0,195.86972145015852,100.0,1.1895661987720227,0.010677531485895807,0.017305964962190334,WORSE than expected,within limits
V AND H PORTFOLIO,3793,3331.0,2800.393004766925,87.81966780912207,1.1894759036784686,2.313441461564653e-22,1.6736303073506786e-21,WORSE than expected,above 99.8% limit
"DUNCAN SOLUTIONS, LNC.",489,489.0,411.19729365881966,100.0,1.1892101614991053,0.0002079383751604943,0.00047896320854744266,WORSE than expected,above 99.8% limit
"PARAMOUNT RECOVERY SYSTEMS, L.P.",1190,1144.0,962.0523931899676,96.1344537815126,1.1891244261726033,1.3128850838995822e-08,4.902143498754085e-08,WORSE than expected,above 99.8% limit
MAJR FINANCIAL CORP,109,109.0,91.6874898368445,100.0,1.1888208543386087,0.08492325524311616,0.1078399507331535,no clear signal,within limits
FREEDOM FINANCIAL NETWORK,1125,1037.0,872.4640766267223,92.17777777777778,1.1885876195721847,6.765050981018243e-08,2.409398926316497e-07,WORSE than expected,above 99.8% limit
BLOCKFI INC,182,181.0,152.29710560741145,99.45054945054945,1.1884664470681296,0.02555810878444295,0.03768600116941747,WORSE than expected,within limits
"ALPINE CREDIT, INC",135,135.0,113.6437814064309,100.0,1.1879224567263527,0.05537208524531373,0.07409617187450941,no clear signal,within limits
"THE OUTSOURCE GROUP, INC",1338,1336.0,1124.6979754898705,99.85052316890882,1.1878744597349304,1.0080598388976783e-09,4.230196725766994e-09,WORSE than expected,above 99.8% limit
"STELLAR RECOVERY, INC.",1199,1198.0,1008.8557117879864,99.91659716430358,1.1874839840841014,7.819439360013869e-09,3.000331842834051e-08,WORSE than expected,above 99.8% limit
"SIMON'S AGENCY, INC.",482,482.0,405.95188691993656,100.0,1.1873328232492288,0.0002627159399660886,0.0005923903256702874,WORSE than expected,above 99.8% limit
"CUSTOMERS BANCORP, INC",213,200.0,168.47809392477623,93.89671361502347,1.1870979504866548,0.01958291553047162,0.02979262833715781,WORSE than expected,within limits
FIRSTBANK PUERTO RICO,862,827.0,696.9237010708192,95.93967517401393,1.1866435288817403,1.814526382410124e-06,5.408534646282537e-06,WORSE than expected,above 99.8% limit
"MOUNTAIN LAND COLLECTIONS, INC.",247,234.0,197.3028556222266,94.73684210526316,1.185993985044175,0.011897331593768108,0.01895113943089897,WORSE than expected,within limits
GIGGLE FINANCE INC.,107,107.0,90.22717678277266,100.0,1.1858954675885396,0.09252071623395546,0.11679504030677547,no clear signal,within limits
"MID-ATLANTIC FINANCE CO., INC.",503,453.0,382.2577803976491,90.0596421471173,1.185064171954225,0.0004677000654627848,0.0010150552983247002,WORSE than expected,above 99.8% limit
"FRANKLIN COLLECTION SERVICE, INC.",1716,1714.0,1446.412280196888,99.88344988344988,1.185001001074664,8.73184666968241e-12,4.285701421974865e-11,WORSE than expected,above 99.8% limit
SOLAR MOSAIC LLC,991,983.0,829.6545128134953,99.19273461150352,1.184830534660126,2.4628662350573833e-07,8.263094687185279e-07,WORSE than expected,above 99.8% limit
FINCO SERVICES INC DBA CURRENT,2261,2095.0,1768.433017553661,92.65811587793011,1.1846646037507778,4.8471453917713235e-14,2.6402686075177916e-13,WORSE than expected,above 99.8% limit
R & B CORPORATION OF VIRGINIA,1361,1333.0,1125.2720419668085,97.94268919911829,1.1846024341546013,1.901131452230361e-09,7.74390494764801e-09,WORSE than expected,above 99.8% limit
"CB1, INC.",104,102.0,86.12134534492797,98.07692307692308,1.184375367006586,0.10338470009881419,0.12937058417770533,no clear signal,within limits
HIGH POINT ASSET INC,145,145.0,122.4528768356873,100.0,1.1841289788117222,0.05102020342707827,0.06893683128425265,no clear signal,within limits
DEUTSCHE BANK,167,164.0,138.53965107037857,98.20359281437126,1.1837766208656575,0.037979746045708036,0.053666192530507084,no clear signal,within limits
"ANDREU, PALMA & ANDREU, PL",161,151.0,127.56729227218956,93.7888198757764,1.1836889951211962,0.04680161279682817,0.06404673908846732,no clear signal,within limits
"JTM CAPITAL MANAGEMENT, LLC",147,146.0,123.36892957247485,99.31972789115646,1.1834422208732078,0.05098698291955259,0.06893683128425265,no clear signal,within limits
"GOLDEN 1 CREDIT UNION, THE",985,891.0,752.9840506227555,90.45685279187818,1.1832919957110624,1.0862435519571847e-06,3.375374258766285e-06,WORSE than expected,above 99.8% limit
"ON-SITE MANAGER, INC.",125,118.0,99.75001566734512,94.4,1.1829572076812147,0.08110343883693656,0.10344598397107886,no clear signal,within limits
"NORTH SHORE AGENCY, LLC",325,324.0,273.8913621089235,99.6923076923077,1.1829507783861721,0.0034658767847543463,0.006376295170892433,WORSE than expected,within limits
"DELTA MANAGEMENT ASSOCIATES, INC.",247,247.0,208.80900512966653,100.0,1.1828991754767357,0.010882385211694925,0.01757631751051657,WORSE than expected,within limits
"MANHATTAN BEACH VENTURE, LLC",163,161.0,136.12975472339014,98.77300613496932,1.1826951449897574,0.040899489943453674,0.05709486586076096,no clear signal,within limits
UMB FINANCIAL CORPORATION,706,628.0,531.1380206577412,88.95184135977337,1.1823668718392792,4.691084887105116e-05,0.0001211136971782343,WORSE than expected,above 99.8% limit
TULSA ADJUSTMENT BUREAU,106,103.0,87.11709244796755,97.16981132075472,1.1823167774052932,0.10517825579714386,0.13136133458599528,no clear signal,within limits
"RELAY FINANCIAL (US), CORP.",324,316.0,267.32705122925535,97.53086419753086,1.1820726654744846,0.004055582843839521,0.007344464889299993,WORSE than expected,within limits
"CONVERGENT RESOURCES, INC.",9095,9095.0,7699.964556107532,100.0,1.181174268235552,7.863632907216671e-54,9.66600540541943e-53,WORSE than expected,above 99.8% limit
"INGO MONEY, INC.",145,144.0,121.94770626062969,99.3103448275862,1.1808340182490977,0.05578189171155604,0.07457271182613219,no clear signal,within limits
"SANTANDER BANK, NATIONAL ASSOCIATION",4262,3974.0,3366.09059283247,93.24260910370718,1.1805980529644602,2.4657360445717262e-24,1.8818172340165539e-23,WORSE than expected,above 99.8% limit
IOWA STUDENT LOAN LIQUIDITY CORPORATION,236,233.0,197.3929752134755,98.72881355932203,1.1803864841087501,0.01463625280214218,0.02281678467135296,WORSE than expected,within limits
"RENT RECOVER, LLC",140,140.0,118.62130705123043,100.0,1.1802264153061177,0.0601865975786064,0.07939143783160901,no clear signal,within limits
WINKLEVOSS EXCHANGE LLC,1591,1584.0,1342.3034672578408,99.5600251414205,1.1800610209522258,1.5131922101827628e-10,6.780077354657604e-10,WORSE than expected,above 99.8% limit
MIDCOUNTRY FINANCIAL CORP,177,177.0,150.05562371676632,100.0,1.1795625889642887,0.03461296972144983,0.049615495297310436,WORSE than expected,within limits
"STUART-LIPPMAN AND ASSOCIATES, INC",165,163.0,138.23928946334252,98.78787878787878,1.1791148568021494,0.043290791685851156,0.05983175089716145,no clear signal,within limits
CAC FINANCIAL CORP,364,339.0,287.5074558454254,93.13186813186813,1.1790998567433983,0.003346324842275433,0.006189141419334988,WORSE than expected,within limits
"FEIN, SUCH, KAHN & SHEPARD, P.C.",158,158.0,134.031028553951,100.0,1.1788315116629944,0.04703654238308134,0.0643048793012795,no clear signal,within limits
FIRST REPUBLIC BANK,160,153.0,129.79105776810906,95.625,1.178817729287307,0.050784832475579286,0.06881964127666305,no clear signal,within limits
SUNLIGHT FINANCIAL LLC,308,306.0,259.5856702731158,99.35064935064935,1.1788015866902464,0.005411502215339517,0.009538802762825621,WORSE than expected,within limits
"AMERICAN ACCOUNTS & ADVISERS, INC.",300,300.0,254.63190155801527,100.0,1.1781713059690915,0.006052979565474249,0.010535825333889389,WORSE than expected,within limits
"RISECREDIT, LLC",821,817.0,693.7299392228663,99.51278928136419,1.1776917123041049,5.6491585496924405e-06,1.6245716823028572e-05,WORSE than expected,above 99.8% limit
"VITAL SOLUTIONS, INC.",210,209.0,177.47322705523686,99.52380952380952,1.1776424166499815,0.022736502483486586,0.03395806661243319,WORSE than expected,within limits
MEDICAL BUSINESS BUREAU,406,397.0,337.1196183997597,97.78325123152709,1.177623544676755,0.0016086787816433886,0.0031471194756375587,WORSE than expected,above 99.8% limit
"BLIKSUM, LLC",701,701.0,595.2945772338536,100.0,1.1775682608387368,2.6679416844023562e-05,7.140213872128849e-05,WORSE than expected,above 99.8% limit
"BALLYBUNION ENTERPRISES, INC",150,147.0,124.85181261608241,98.0,1.1773958016294321,0.05747848443196511,0.07647281118390761,no clear signal,within limits
MERCHANTS CREDIT CORPORATION,154,151.0,128.25552155265922,98.05194805194805,1.1773372262807598,0.054167411898660506,0.07269423683791251,no clear signal,within limits
MS SERVICES LLC,130,130.0,110.42095988462603,100.0,1.177312714323723,0.07470886868030766,0.09626216938492331,no clear signal,within limits
"HOME BANCSHARES, INC.",141,133.0,112.99239207446885,94.32624113475177,1.17707039879592,0.07168377131065325,0.09288130443143411,no clear signal,within limits
"GLOBAL CLIENT SOLUTIONS, LLC",266,260.0,220.93882800109992,97.74436090225564,1.1767963211912467,0.011253570078098159,0.018091676896386973,WORSE than expected,within limits
AFNI INC.,5014,5010.0,4257.44587731509,99.92022337455126,1.1767618765736372,3.567619599552872e-29,3.0032870447145085e-28,WORSE than expected,above 99.8% limit
"CASHCALL, INC.",1237,1237.0,1051.2844816259224,100.0,1.1766558164036143,2.6841653485180073e-08,9.83721812425201e-08,WORSE than expected,above 99.8% limit
HCFS HEALTHCARE FINANCIAL SERVICES OF TEAMHEALTH,4072,4072.0,3461.111538724128,100.0,1.1765006572140302,5.903308911403998e-24,4.480708239311559e-23,WORSE than expected,above 99.8% limit
"NATIONWIDE RECOVERY SYSTEMS, LTD",637,637.0,541.6774899112581,100.0,1.1759765023729496,7.181141383790154e-05,0.0001803726108876044,WORSE than expected,above 99.8% limit
"CAPITAL ACCOUNTS, LLC",1471,1444.0,1228.384736797179,98.16451393609789,1.1755274685071424,2.299553505049123e-09,9.285115751491954e-09,WORSE than expected,above 99.8% limit
DIVERSIFIED ACCEPTANCE CORPORATION,106,106.0,90.19687392891663,100.0,1.175207026393594,0.11278036868074476,0.13986779651567363,no clear signal,within limits
"TESLA, INC.",691,691.0,588.0614551255395,100.0,1.1750472573525248,3.847559430795501e-05,0.00010068854208481787,WORSE than expected,above 99.8% limit
"SECOND ROUND LIMITED PARTNERSHIP, AUSTIN, TX BRANCH",380,377.0,320.8489458831953,99.21052631578948,1.1750077562581316,0.0024290500074554693,0.0045841718211353895,WORSE than expected,within limits
"ARCADIA HOLDINGS, LLC",221,219.0,186.41192963692407,99.09502262443439,1.174817515308961,0.021499680795611178,0.03235434087226861,WORSE than expected,within limits
"BLAKELY-WITT AND ASSOCIATES, INC.",158,157.0,133.64760330098713,99.36708860759494,1.1747311296441363,0.052607521817511875,0.07085160081197286,no clear signal,within limits
QUALITY ACCEPTANCE LLC,194,174.0,148.20814944405026,89.69072164948453,1.1740245098039388,0.041789698168319594,0.058103994750546464,no clear signal,within limits
"COAST PROFESSIONAL, INC.",466,462.0,393.63105065623677,99.14163090128756,1.1736878969018905,0.0008465085289416753,0.0017654659860360166,WORSE than expected,above 99.8% limit
"FINANCIAL CREDIT SERVICE, INC.",653,653.0,556.3774681954069,100.0,1.1736636318468923,7.115895953278476e-05,0.00017905759925912685,WORSE than expected,above 99.8% limit
"FIRST HAWAIIAN, INC.",331,303.0,258.16694062234455,91.54078549848943,1.1736591806432675,0.007029129853749079,0.012009177573010418,WORSE than expected,within limits
ZWICKER & ASSOCIATES,1054,979.0,834.3260729917043,92.88425047438331,1.1734021405917805,1.158070590631867e-06,3.5825390877230807e-06,WORSE than expected,above 99.8% limit
"COLLECTION SERVICES OF ATHENS, INC.",183,183.0,155.96400526071076,100.0,1.1733476560447114,0.03738989252358121,0.05299444970944316,no clear signal,within limits
KINGS CREDIT SERVICES,159,159.0,135.53515667650333,100.0,1.173127356022488,0.05305944917674026,0.0713451838397795,no clear signal,within limits
HEARTLAND PAYMENT SYSTEMS INC,1416,1414.0,1205.454652648351,99.85875706214689,1.1730014039876826,5.353713808927412e-09,2.0947347832676553e-08,WORSE than expected,above 99.8% limit
SUBURBAN CREDIT CORPORATION,158,158.0,134.80135685038772,100.0,1.172095027020832,0.05515217521723967,0.07387306786571446,no clear signal,within limits
"SOCIAL FINANCE, INC.",992,967.0,825.0291272171911,97.47983870967742,1.172079831001451,1.59156365679511e-06,4.816300477752523e-06,WORSE than expected,above 99.8% limit
"MALEN & ASSOCIATES, P.C.",108,100.0,85.32234850861992,92.5925925925926,1.1720258730325177,0.13036527693739874,0.15897925343814473,no clear signal,within limits
"GMA INVESTMENTS, LLC",196,192.0,163.93009597205926,97.95918367346938,1.1712309375621,0.034900776789933925,0.049976473155895075,WORSE than expected,within limits
"MERCARI, INC.",139,139.0,118.69302889641276,100.0,1.1710881531324793,0.07416087370028711,0.095733692908642,no clear signal,within limits
DELBERT SERVICES,982,982.0,838.550282119908,100.0,1.1710687133959838,1.5020905290966778e-06,4.565434890405439e-06,WORSE than expected,above 99.8% limit
"CMRE FINANCIAL SERVICES, INC.",1991,1985.0,1695.5055878866012,99.69864389753893,1.1707422341640557,8.146676536268202e-12,4.0126715279704014e-11,WORSE than expected,above 99.8% limit
"NCC BUSINESS SERVICES, INC.",860,857.0,732.2235906613474,99.65116279069767,1.1704075243273082,7.563639640451848e-06,2.1396935764944227e-05,WORSE than expected,above 99.8% limit
"EAGLE ACCOUNTS GROUP, INC.",165,165.0,141.03225645913844,100.0,1.169945118532552,0.052565393034621107,0.07085160081197286,no clear signal,within limits
"STERLING JEWELERS, INC.",1470,1400.0,1196.7822067312638,95.23809523809524,1.1698034881582833,1.1312860818912251e-08,4.258418340777539e-08,WORSE than expected,above 99.8% limit
FIRST FINANCIAL BANCORP,146,137.0,117.12645811906746,93.83561643835617,1.1696759400060543,0.078593890986938,0.10070748577569823,no clear signal,within limits
"FIRST INTERSTATE BANCSYSTEM, INC.",253,231.0,197.5274916856813,91.30434782608695,1.1694574665463902,0.0216471668488065,0.03254103328245912,WORSE than expected,within limits
"COLLECTION RECEIVABLES, INC.",209,183.0,156.54024186758429,87.5598086124402,1.1690284735524923,0.041938848283459396,0.058253060265725104,no clear signal,within limits
COLLECTION CONSULTANTS OF CALIFORNIA,296,292.0,249.89408013475392,98.64864864864865,1.168495067360302,0.010057923712318406,0.016455189677750608,WORSE than expected,within limits
FIRST TECHNOLOGY FEDERAL CREDIT UNION,1827,1576.0,1348.7868870856425,86.26163108921729,1.1684573857366767,1.7911057690947929e-09,7.3171938625666685e-09,WORSE than expected,above 99.8% limit
U.S. AUTO SALES INC.,212,206.0,176.40207727107304,97.16981132075472,1.1677867017600054,0.031822136144963174,0.04594693046294579,WORSE than expected,within limits
RENTON COLLECTIONS INC.,194,190.0,162.70988825695284,97.9381443298969,1.1677225154254325,0.039497476099761314,0.05541615586118027,no clear signal,within limits
"NATIONAL PRINCIPAL GROUP, LLC",146,146.0,125.0348491411207,100.0,1.1676744603835765,0.07218662917507399,0.09335868521804261,no clear signal,within limits
TENET HEALTHCARE CORPORATION,1261,1261.0,1080.7692653377956,100.0,1.1667615285172577,9.81471435663116e-08,3.4167013136242307e-07,WORSE than expected,above 99.8% limit
UNITED CONSUMERS INC,185,185.0,158.57141467607818,100.0,1.166666768899734,0.043450863682653065,0.05994527163416696,no clear signal,within limits
TCLUB INC,271,271.0,232.4319882093831,100.0,1.1659324608791517,0.014536232798512896,0.022737418194971187,WORSE than expected,within limits
NATIONWIDE ACCEPTANCE LLC,150,141.0,120.96120079440328,94.0,1.1656630314017509,0.08073196702649026,0.10306682187481155,no clear signal,within limits
"COASTAL CREDIT, LLC",124,124.0,106.3865249815342,100.0,1.1655611462215072,0.10242459293211285,0.1284005050385422,no clear signal,within limits
"AR RESOURCES, INC. (FL)",104,104.0,89.23430379871219,100.0,1.1654710752783495,0.13632310221386076,0.1652293097513548,no clear signal,within limits
"VALENTINE AND KEBARTAS, INC.",204,204.0,175.08436159176574,100.0,1.1651526049805363,0.03526463139683338,0.050341801654883424,no clear signal,within limits
ACCESS GROUP INC.,149,149.0,127.89287733293537,100.0,1.165037515045641,0.07334851547436687,0.09477310511060054,no clear signal,within limits
"ARS NATIONAL SERVICES, INC.",555,525.0,450.63740644285184,94.5945945945946,1.1650164688815698,0.0006787740509239805,0.0014350337240995568,WORSE than expected,above 99.8% limit
UNLIMITED PROGRESS CORP,185,180.0,154.5143748239645,97.29729729729729,1.1649401565716513,0.04857478209519575,0.06608263695418892,no clear signal,within limits
"RECEIVABLES PERFORMANCE MANAGEMENT, LLC",2442,2441.0,2095.781103480327,99.95904995904996,1.16472087468791,2.1350581575202443e-13,1.1190927474700449e-12,WORSE than expected,above 99.8% limit
"ASSET MANAGEMENT OUTSOURCING, INC.",674,674.0,578.7844954886493,100.0,1.1645094249301948,0.00012150483542580222,0.00029048230018320013,WORSE than expected,above 99.8% limit
HSBC NORTH AMERICA HOLDINGS INC.,12400,11850.0,10177.928083899043,95.56451612903226,1.1642841158158788,1.2211189293309096e-58,1.6467322260588673e-57,WORSE than expected,above 99.8% limit
"COMMONWEALTH FINANCIAL SYSTEMS, INC.",4125,4122.0,3542.128246287126,99.92727272727272,1.1637071594798123,2.339084838327215e-21,1.6576473675696437e-20,WORSE than expected,above 99.8% limit
"PATIENTFI, INC.",208,188.0,161.5854744770202,90.38461538461539,1.163470915987169,0.04546843279806091,0.062406771893781236,no clear signal,within limits
FIRST COMMONWEALTH FINANCIAL CORPORATION,113,104.0,89.39141048010679,92.03539823008849,1.1634227432080202,0.14086802128893233,0.17014407093071912,no clear signal,within limits
"OPTIMUM OUTCOMES, INC.",637,637.0,547.6178545611963,100.0,1.1632199255271274,0.00020827485814446032,0.00047896320854744266,WORSE than expected,above 99.8% limit
"NATHAN & NATHAN, P.C.",116,105.0,90.35422458815138,90.51724137931035,1.1620928681376697,0.14188801024741968,0.1712271470318557,no clear signal,within limits
"STATE COLLECTION SERVICE, INC.",774,750.0,645.688346495167,96.89922480620154,1.161551085862154,6.6334352954192e-05,0.0001690613142263719,WORSE than expected,above 99.8% limit
NEWPORT INTERMEDIATE INC.,380,331.0,285.00805747107387,87.10526315789474,1.161370674699588,0.008364246144163723,0.014048292496062166,WORSE than expected,within limits
"ROC ASSET SOLUTIONS, LLC",111,111.0,95.5795723723373,100.0,1.1613360181984418,0.13220125674521593,0.16079469844054722,no clear signal,within limits
TORMEY BEWLEY CORPORATION,111,109.0,93.8671870256019,98.1981981981982,1.1612151536007007,0.13616200160304862,0.16517818360404762,no clear signal,within limits
"CHOICE RECOVERY, INC.",844,843.0,726.0916451172463,99.88151658767772,1.1610104670242773,2.4676860392629083e-05,6.642666489411201e-05,WORSE than expected,above 99.8% limit
CRITICAL RESOLUTION MEDIATION LLC,108,108.0,93.0432636751854,100.0,1.1607503405838027,0.13910640127252527,0.1683090517138829,no clear signal,within limits
COOLING & WINTER LLC,236,236.0,203.3606940179079,100.0,1.1604995800182405,0.027148565314651357,0.039694060233737616,WORSE than expected,within limits
INTEGRATED RECOVERY SERVICES,208,207.0,178.3803893580244,99.51923076923077,1.1604414630160587,0.03886496091755429,0.05469445867728765,no clear signal,within limits
"CAINE & WEINER COMPANY, INC.",14414,12438.0,10719.134656735583,86.29110586929374,1.1603548605655714,6.691944690420656e-59,9.203080371281475e-58,WORSE than expected,above 99.8% limit
"MARLETTE FUNDING, LLC",1209,1035.0,892.5120270167354,85.60794044665012,1.159648238533589,3.4865579170835313e-06,1.0170356607781239e-05,WORSE than expected,above 99.8% limit
SCOTT FETZER FINANCIAL GROUP INC.,318,280.0,241.48714561873302,88.0503144654088,1.1594820058955526,0.01656069569594504,0.025615597240164434,WORSE than expected,within limits
TSC ACCOUNTS RECEIVABLE SOLUTIONS,127,121.0,104.35835832222786,95.2755905511811,1.1594663038526118,0.11929937263887529,0.14690321683989166,no clear signal,within limits
MONTEREY FINANCIAL SERVICES LLC,2500,2253.0,1943.2250918182062,90.12,1.1594127769788873,7.656465821464718e-12,3.784637375805869e-11,WORSE than expected,above 99.8% limit
KOHN LAW FIRM S.C.,238,218.0,188.05149446918023,91.59663865546219,1.159256939783204,0.035148570213653224,0.050279468616647095,no clear signal,within limits
"CCS FINANCIAL SERVICES, INC.",28411,24540.0,21170.42512098682,86.37499560029566,1.159164252005163,6.894140518983817e-113,1.915192236173704e-111,WORSE than expected,above 99.8% limit
"EVERGREEN PROFESSIONAL RECOVERIES, INC.",187,183.0,157.91201197209264,97.86096256684492,1.1588732086596496,0.05462246378153773,0.07323417200053658,no clear signal,within limits
"ARVEST BANK GROUP, INC.",1678,1628.0,1405.2756600334465,97.0202622169249,1.1584915659616937,7.224982970992939e-09,2.8019202496683784e-08,WORSE than expected,above 99.8% limit
"CAPITAL LINK MANAGEMENT, LLC",119,119.0,102.72429729569731,100.0,1.1584406331586015,0.12476220310407984,0.152548151506661,no clear signal,within limits
"CREDITOR'S COLLECTION SERVICE, INC.",108,108.0,93.25849879701148,100.0,1.158071397171803,0.14532036154673864,0.17506503225361664,no clear signal,within limits
"CLEAR DEBT SOLUTIONS, LLC",110,107.0,92.41392802607555,97.27272727272727,1.1578341304766187,0.1478457698535192,0.17795301068157554,no clear signal,within limits
NEW YORK COMMUNITY BANCORP INC,2007,1974.0,1705.8890592447756,98.35575485799701,1.1571678646405772,2.548206585382957e-10,1.1060809209677899e-09,WORSE than expected,above 99.8% limit
ALLY FINANCIAL INC.,30035,26453.0,22877.041883670554,88.07391376727152,1.1563120850376174,1.130324274379785e-117,3.3404689725819604e-116,WORSE than expected,above 99.8% limit
DATA MORTGAGE INC.,397,394.0,340.78521532991266,99.24433249370277,1.156153442920258,0.005187830095562107,0.009179485353803524,WORSE than expected,within limits
"DAVE OPERATING, LLC",770,769.0,665.1588569177187,99.87012987012987,1.1561148017534804,9.015659445944396e-05,0.00022125001714517253,WORSE than expected,above 99.8% limit
GLOBAL RECOVERY GROUP,114,109.0,94.28620850547499,95.6140350877193,1.1560545463408958,0.14819214765308758,0.1782154918529339,no clear signal,within limits
DOLLAR MUTUAL BANCORP,172,150.0,129.81413799164005,87.20930232558139,1.1554981785547882,0.08894844395398012,0.11252221188713879,no clear signal,within limits
"AMCOL SYSTEMS, INC.",697,683.0,591.1163276510986,97.99139167862266,1.155440931083763,0.00023854908671336878,0.0005422989876348105,WORSE than expected,above 99.8% limit
ALLIANT CREDIT UNION,1376,1205.0,1043.3310157071728,87.57267441860465,1.1549546422553607,1.0944350808925597e-06,3.3932373378566194e-06,WORSE than expected,above 99.8% limit
"SOUTHERN CREDIT RECOVERY, INC.",134,133.0,115.20570082485757,99.25373134328358,1.154456759064331,0.11218348940727678,0.13925189167712906,no clear signal,within limits
"PROFESSIONAL ADJUSTMENT CORP. OF S.W. FL., INC.",153,153.0,132.53754335872233,100.0,1.1543898892549604,0.08779896857129169,0.11116934124478045,no clear signal,within limits
"COLLECTION INFORMATION BUREAU, INC.",325,325.0,281.63409729058486,100.0,1.1539795895689116,0.012315200739421142,0.019504918844989703,WORSE than expected,within limits
"WESBANCO BANK, INC.",193,184.0,159.47174940069607,95.33678756476684,1.1538093780966379,0.06139670583577589,0.0808341463562964,no clear signal,within limits
"BWW LAW GROUP, LLC",118,118.0,102.28710726387722,100.0,1.1536155744006635,0.13750464476599752,0.16651608681775987,no clear signal,within limits
FORSTER & GARBUS LLP,284,277.0,240.13144326341154,97.53521126760563,1.1535348983687472,0.021354723966460074,0.032171053784612845,WORSE than expected,within limits
"URS HOLDING, LLC",1046,1014.0,879.1355194524455,96.94072657743786,1.1534057918983327,9.489525992338427e-06,2.65744992003187e-05,WORSE than expected,above 99.8% limit
FINANCIAL CORPORATION OF AMERICA,165,160.0,138.80346210176933,96.96969696969697,1.1527090000297657,0.08374149100770902,0.10668759836543151,no clear signal,within limits
"PARAMOUNT GR HOLDINGS, LLC",2175,2153.0,1867.8123848595067,98.98850574712644,1.1526853646823552,1.2473453763613293e-10,5.625203661577553e-10,WORSE than expected,above 99.8% limit
COMMERCE BANK,1046,910.0,789.4735949517752,86.9980879541109,1.152666796988425,2.9713469875041167e-05,7.876337720693164e-05,WORSE than expected,above 99.8% limit
"MERCHANTS AND PROFESSIONAL BUREAU, INC.",295,294.0,255.18090404481316,99.66101694915254,1.1521238279976063,0.018652090245734578,0.028564226407194408,WORSE than expected,within limits
"AMERICAN CAPITAL ENTERPRISES, INC.",102,101.0,87.73709501131904,99.01960784313725,1.1511664477490382,0.1774029727071775,0.2088243466866691,no clear signal,within limits
"HEALTHCARE COLLECTIONS-I, LLC",198,198.0,172.05327616694842,100.0,1.1508063340094419,0.05647932950399521,0.07528770506818555,no clear signal,within limits
"PROFESSIONAL BUREAU OF COLLECTIONS OF MARYLAND, INC., GREENWOOD VILLAGE, CO BRANCH",356,356.0,309.5059846016002,100.0,1.15022008526991,0.010389724327036129,0.01691897504299272,WORSE than expected,within limits
"CHARLES SCHWAB CORPORATION, THE",1416,1301.0,1131.151396513461,91.87853107344633,1.1501554999711463,8.579746958610551e-07,2.696214598531687e-06,WORSE than expected,above 99.8% limit
"RAUSCH, STURM, ISRAEL, ENERSON & HORNIK, LLP",253,253.0,220.00967447882664,100.0,1.149949431084442,0.031508812841925825,0.0455418741284443,WORSE than expected,within limits
"CARS ACQUISITION, LLC",142,122.0,106.10053476640071,85.91549295774648,1.1498528284386578,0.13975383846232775,0.168945240752109,no clear signal,within limits
"MACHOL & JOHANNES, LLC",225,222.0,193.0692753296799,98.66666666666667,1.1498463420496026,0.04438048039191567,0.061034145806307796,no clear signal,within limits
AMERICASH HOLDING LLC,217,212.0,184.3983221681719,97.6958525345622,1.1496850812267982,0.04979937043962651,0.06755012259828244,no clear signal,within limits
"RAY KLEIN, INC.",657,610.0,530.5894249501627,92.84627092846272,1.1496648280491009,0.000800065682681585,0.0016761557062514654,WORSE than expected,above 99.8% limit
"CLIENT SERVICES, INC.",791,723.0,629.0212486316719,91.40328697850822,1.149404732467723,0.000265690361417593,0.0005971584336715804,WORSE than expected,above 99.8% limit
FINANCIAL DATA SYSTEMS,357,352.0,306.27215383664605,98.59943977591037,1.1493046154883002,0.011287300635724437,0.018124925529504326,WORSE than expected,within limits
"REMITLY, INC.",1033,1030.0,896.9012442678186,99.70958373668925,1.1483984514268748,1.4901094396428098e-05,4.090438758228978e-05,WORSE than expected,above 99.8% limit
AVANT CREDIT CORPORATION,632,619.0,539.2253727561439,97.94303797468355,1.1479430146918048,0.0008317913563084817,0.0017373807427255355,WORSE than expected,above 99.8% limit
SIERRA HOLDINGS LLC,118,113.0,98.44130366859547,95.76271186440678,1.1478921528753485,0.16105583110122706,0.19218775721615497,no clear signal,within limits
"DYCK-O'NEAL, INC.",278,274.0,238.7188261752742,98.56115107913669,1.1477938476407443,0.027099213379517643,0.039663653724077985,WORSE than expected,within limits
"WESTERN UNION COMPANY, THE",4899,4813.0,4193.549180864798,98.24453970198,1.1477151673722492,9.749126712331268e-21,6.804792464034237e-20,WORSE than expected,above 99.8% limit
"MCCALLA RAYMER LEIBERT PIERCE, LLC",196,196.0,170.77537106431205,100.0,1.1477064800297734,0.06269434940750641,0.08223083222570954,no clear signal,within limits
"RUBIN & ROTHMAN, LLC",390,351.0,305.83082944324525,90.0,1.1476933199932253,0.012248147581291832,0.019420864144308627,WORSE than expected,within limits
THAXTON INVESTMENT CORPORATION,1622,1379.0,1202.7953007245483,85.01849568434032,1.1464959990858863,7.249343944999471e-07,2.300381504216641e-06,WORSE than expected,above 99.8% limit
PERFECTION COLLECTION,333,331.0,288.9000262834266,99.3993993993994,1.145725060181445,0.01632365396468064,0.025277096273067345,WORSE than expected,within limits
"PMAB,LLC",376,373.0,325.58614339308366,99.20212765957447,1.1456261501573581,0.010771179006837857,0.01743725832225849,WORSE than expected,within limits
"POPULUS FINANCIAL GROUP, INC. (F/K/A ACE CASH EXPRESS)",2121,2115.0,1846.5566691472782,99.71711456859971,1.1453750839808703,1.0821120665956598e-09,4.5272700617511195e-09,WORSE than expected,above 99.8% limit
"ADVANCE AMERICA, CASH ADVANCE CENTERS, INC.",1116,1088.0,950.2448543324927,97.4910394265233,1.1449680522229975,1.320712152647638e-05,3.661615129795548e-05,WORSE than expected,above 99.8% limit
CHIME FINANCIAL INC,27304,25068.0,21894.299276265123,91.81072370348667,1.1449555742199697,1.6076183871657749e-97,3.601583773827841e-96,WORSE than expected,above 99.8% limit
PRESTIGE FINANCIAL SERVICES INC,830,779.0,680.5408555469487,93.855421686747,1.14467778627915,0.00023669990784147104,0.0005389773311341037,WORSE than expected,above 99.8% limit
WEINBERG MEDIATION GROUP LLC,105,105.0,91.73576977464027,100.0,1.1445916926183197,0.18667562690227993,0.21807606876977867,no clear signal,within limits
"COLLINS ASSET GROUP, LLC",244,233.0,203.5779293522496,95.49180327868852,1.1445248546410036,0.046248990683760524,0.0634154472455512,no clear signal,within limits
MIDWEST RECOVERY SYSTEMS,1933,1931.0,1687.5692608696133,99.8965338851526,1.1442493323236673,7.313143464035848e-09,2.8138383023672556e-08,WORSE than expected,above 99.8% limit
"PREFERRED COLLECTION AND MANAGEMENT, INC.",145,143.0,125.00114438018586,98.62068965517241,1.1439895267284221,0.12230022978200045,0.14980160420387886,no clear signal,within limits
"WINN LAW GROUP, APC",155,155.0,135.49659844153422,100.0,1.143940156304967,0.10729404825852062,0.13378046053059708,no clear signal,within limits
LOAN TO LEARN,117,115.0,100.53886633578333,98.2905982905983,1.1438362515041582,0.16815680181553222,0.19895212753132388,no clear signal,within limits
"NEVADA CREDICO, INC.",154,153.0,133.82691545113246,99.35064935064935,1.1432677760242385,0.11121773801287427,0.13817659937377672,no clear signal,within limits
TRUIST FINANCIAL CORPORATION,24566,21907.0,19188.444892199972,89.17609704469592,1.1416766769309747,4.930898363973615e-82,1.0072085040528458e-80,WORSE than expected,above 99.8% limit
AD ASTRA RECOVERY SERVICES INC,1938,1925.0,1688.0986621914699,99.32920536635707,1.140336191903018,1.7947601884618745e-08,6.630111440887085e-08,WORSE than expected,above 99.8% limit
"FREDERICK J. HANNA & ASSOCIATES, P.C. (CLOSED)",217,202.0,177.19815659896,93.08755760368663,1.1399667122789108,0.07211948274296735,0.09335868521804261,no clear signal,within limits
AMERICAN HONDA FINANCE CORP,5006,4583.0,4020.376509390691,91.55013983220135,1.139942985263979,4.225106774852334e-18,2.6797595024063435e-17,WORSE than expected,above 99.8% limit
"ALLIED INTERNATIONAL CREDIT CORP., (US)",233,228.0,200.0258281784579,97.85407725321889,1.1398527983925368,0.05587306424077393,0.07462277522157211,no clear signal,within limits
"WAKEFIELD & ASSOCIATES, INC.",2681,2642.0,2318.3815822686524,98.54531891085416,1.139588073079269,5.146426560996227e-11,2.359203463110152e-10,WORSE than expected,above 99.8% limit
GENESIS LENDING,512,509.0,446.6687769892678,99.4140625,1.139546854899665,0.004112014356185797,0.007436963464507906,WORSE than expected,within limits
CURO INTERMEDIATE HOLDINGS,3532,3441.0,3019.688540354438,97.42355605889014,1.139521495020182,6.755086104937256e-14,3.636749844867383e-13,WORSE than expected,above 99.8% limit
ASCENDIUM EDUCATION GROUP,315,315.0,276.4742137680309,100.0,1.1393467611568768,0.024633598728609863,0.03651661540452412,WORSE than expected,within limits
"LAW OFFICES OF ROBERT J. COLCLOUGH, III",199,179.0,157.12105014003998,89.94974874371859,1.1392490047670862,0.09257835808334039,0.11679504030677547,no clear signal,within limits
"REAL TIME GROUP, INC.",1187,1181.0,1036.9983061981563,99.49452401010952,1.1388639624010406,1.276883613638675e-05,3.547182678688239e-05,WORSE than expected,above 99.8% limit
CARVANT FINANCIAL LLC,149,128.0,112.40883803542143,85.90604026845638,1.1387004993296488,0.15895422706084095,0.1901700442614195,no clear signal,within limits
CONTINENTAL CREDIT CONTROL,171,163.0,143.16800989149522,95.32163742690058,1.1385224962164042,0.11074347097977685,0.13771054717180847,no clear signal,within limits
"STRATEGIC ALLIANCES, INC.",614,579.0,508.56192095298667,94.29967426710098,1.138504430129217,0.002356187542190988,0.004458779967443164,WORSE than expected,within limits
RIVERWALK FINANCIAL CORPORATION,637,630.0,553.4998321903131,98.9010989010989,1.1382117271959413,0.0015384255352090476,0.0030267323915090186,WORSE than expected,above 99.8% limit
"ECMC GROUP, INC.",1300,1254.0,1102.1370776376448,96.46153846153847,1.137789504993211,7.99030270893854e-06,2.2512232175893773e-05,WORSE than expected,above 99.8% limit
"RFNA, LP",1123,969.0,851.7203929005804,86.28673196794301,1.1376973101466052,8.837738849208588e-05,0.00021765282378636045,WORSE than expected,above 99.8% limit
WESTERN-SHAMROCK CORPORATION,385,353.0,310.37458496538056,91.68831168831169,1.1373353911673338,0.018816919509289574,0.028784913214100462,WORSE than expected,within limits
CAPITAL ONE FINANCIAL CORPORATION,170900,137359.0,120773.14425178157,80.37390286717378,1.1373306611413634,0.0,0.0,WORSE than expected,above 99.8% limit
BANCO POPULAR DE PUERTO RICO,1879,1707.0,1501.2063638622276,90.84619478445983,1.137085507423721,2.12136523345443e-07,7.222000758010302e-07,WORSE than expected,above 99.8% limit
IMMEDIATE CREDIT RECOVERY,213,213.0,187.37971181547496,100.0,1.136729253857296,0.07057988806211889,0.0917076375287962,no clear signal,within limits
"PENDRICK CAPITAL PARTNERS HOLDING, LLC",315,314.0,276.3199483415287,99.68253968253968,1.1363638488086976,0.02788093716662419,0.04058675692655359,WORSE than expected,within limits
COTTONWOOD FINANCIAL LTD.,450,442.0,389.06975014006343,98.22222222222223,1.1360430869808869,0.009060165859957552,0.015017387087686206,WORSE than expected,within limits
"JH PORTFOLIO DEBT EQUITIES, LLC",866,838.0,737.8000709198787,96.76674364896074,1.1358090531967466,0.0003204570357075351,0.0007110460424884445,WORSE than expected,above 99.8% limit
FUNDO LLC,121,120.0,105.6527258435648,99.17355371900827,1.1357965356963773,0.18183004431132113,0.21313243168643464,no clear signal,within limits
"CLEARONE ADVANTAGE, LLC",143,135.0,118.86107651775741,94.4055944055944,1.1357797182648897,0.15572679363634945,0.1864694106559391,no clear signal,within limits
"DIRECT RECOVERY SERVICES, LLC",433,432.0,380.413426297839,99.7690531177829,1.1356066062236512,0.010109554122955286,0.01652020079621752,WORSE than expected,within limits
UNITED STUDENT AID (USA) FUNDS,220,219.0,192.8673087899252,99.54545454545455,1.1354957010290376,0.06895739219720774,0.08976740183872686,no clear signal,within limits
PAYWARD VENTURES INC. DBA KRAKEN,657,657.0,578.6212014589133,100.0,1.1354578752791384,0.0014955712638513726,0.0029591858767657503,WORSE than expected,above 99.8% limit
"MOUNTAIN RUN SOLUTIONS, LLC",325,321.0,282.81026804517404,98.76923076923077,1.1350365820123822,0.0275471405093787,0.040150029556691516,WORSE than expected,within limits
"RECEIVABLE SOLUTIONS, INC.",223,222.0,195.62179307172033,99.55156950672645,1.1348428849060221,0.06827214321054174,0.08895873069366086,no clear signal,within limits
FIRST UNITED BANK AND TRUST COMPANY,107,106.0,93.42493340646435,99.06542056074767,1.134600755226929,0.21474336333600844,0.2481518566337069,no clear signal,within limits
D. SCOTT CARRUTHERS,168,164.0,144.57487944946368,97.61904761904762,1.1343602749281654,0.11995841529149306,0.14732293442960553,no clear signal,within limits
ETORO USA LLC,116,112.0,98.83064311899494,96.55172413793103,1.1332517574043182,0.20587769372715722,0.23810500964781134,no clear signal,within limits
"VENGROFF WILLIAMS, INC",140,131.0,115.59719342322781,93.57142857142857,1.133245506405843,0.16974898555915235,0.20066497101418096,no clear signal,within limits
AMERICAN STUDENT ASSISTANCE,139,132.0,116.48213396001435,94.96402877697842,1.1332209971815297,0.16813328736721697,0.19895212753132388,no clear signal,within limits
"BERMAN & RABIN, P.A.",114,104.0,91.84440082827695,91.2280701754386,1.132349920758377,0.22673263266669155,0.26048935217041735,no clear signal,within limits
CATHAY BANK,140,130.0,114.82854502831835,92.85714285714286,1.1321226787985528,0.17487985607725062,0.20620383708938975,no clear signal,within limits
MASSACHUSETTS EDUCATIONAL FINANCING AUTHORITY,187,187.0,165.28670610828038,100.0,1.1313674547878951,0.10327119836080056,0.12934508072421277,no clear signal,within limits
"MCCARTHY, BURGESS & WOLFF, INC.",882,806.0,713.0911777654322,91.38321995464852,1.1302902421618932,0.0006846377954919926,0.0014421395270944732,WORSE than expected,above 99.8% limit
FIRST DATA CORPORATION,1201,1069.0,946.2246270967784,89.00915903413822,1.1297528825474803,9.657305126389341e-05,0.0002361619158548379,WORSE than expected,above 99.8% limit
"SHERLOQ GROUP, INC",107,100.0,88.53616215902242,93.45794392523365,1.1294819829708345,0.24616922668723237,0.28165490598728643,no clear signal,within limits
CREDIT BUREAU OF CARBON COUNTY,100,97.0,85.8887209778153,97.0,1.129368313972852,0.2542036368529069,0.28918005863119384,no clear signal,within limits
"CULLEN/FROST BANKERS, INC.",586,527.0,466.6346079586765,89.93174061433447,1.1293632984175688,0.0064772706146101,0.01119021005434506,WORSE than expected,within limits
"SELIP & STYLIANOU, LLP",322,295.0,261.2911085500933,91.61490683229813,1.1290089495848428,0.04305485901818774,0.05968383151323629,no clear signal,within limits
"CASH AMERICA INTERNATIONAL, INC.",135,133.0,117.8100444174401,98.51851851851852,1.1289359974157793,0.1796878001944061,0.21097747630602715,no clear signal,within limits
ZARVAD III S.A.,153,153.0,135.54965472120267,100.0,1.1287376593816416,0.14956428016430942,0.17924485344972027,no clear signal,within limits
ZIP CO US INC.,398,380.0,336.7027578779205,95.47738693467336,1.128591884411526,0.021774226637266903,0.032696649512609435,WORSE than expected,within limits
"HEALTHCARE RECEIVABLES GROUP, INC.",106,103.0,91.40021504197749,97.16981132075472,1.126912009481543,0.24778088741348137,0.2828000432352717,no clear signal,within limits
CLIMB CREDIT INC.,746,740.0,656.6980600420324,99.19571045576407,1.1268496818045053,0.0015089114787736454,0.0029813343442625794,WORSE than expected,above 99.8% limit
FIRST NATIONAL BANK OF OMAHA,4217,3336.0,2961.7878595785496,79.10837087977235,1.1263467061664232,1.6667297679180206e-11,7.847754737756374e-11,WORSE than expected,above 99.8% limit
CREDIT ADJUSTMENTS INC,129,128.0,113.68367894745678,99.2248062015504,1.1259311906958962,0.19838739985375017,0.23059422459988202,no clear signal,within limits
"SOFI TECHNOLOGIES, INC.",7077,6508.0,5780.6836384933495,91.95987000141302,1.1258183991705546,7.175144163024548e-21,5.033472344667221e-20,WORSE than expected,above 99.8% limit
GARCADIA FINANCIAL LLC,108,103.0,91.51343194295929,95.37037037037037,1.1255178372525723,0.25275672376948394,0.2877697453408305,no clear signal,within limits
SIGUE CORP.,261,255.0,226.57472891260954,97.70114942528735,1.1254564938632416,0.06728137769368835,0.08775007851317664,no clear signal,within limits
HANWHA QCELLS USA CORP,122,119.0,105.73511283794572,97.54098360655738,1.125453946243805,0.2173884248672868,0.25037522565560644,no clear signal,within limits
"BANK OF NEW YORK MELLON CORPORATION, THE",1042,950.0,844.3567737994056,91.17082533589252,1.1251168101905844,0.00038146076386413126,0.0008370442353985439,WORSE than expected,above 99.8% limit
"HARPETH FINANCIAL SERVICES, LLC",786,761.0,676.6854799651394,96.81933842239185,1.1245992747460818,0.0015509037697541994,0.0030469665292624936,WORSE than expected,above 99.8% limit
"CREDIT KARMA, LLC",5095,4127.0,3670.179720098924,81.00098135426889,1.124468095499357,1.5079218639492069e-13,7.963891517207027e-13,WORSE than expected,above 99.8% limit
SIMMONS FIRST NATIONAL CORPORATION,359,321.0,285.4721498205918,89.4150417827298,1.124452946466883,0.04110542912153053,0.05732474000984529,no clear signal,within limits
"FLEXSHOPPER, INC",173,155.0,137.8834311705275,89.59537572254335,1.1241379670070986,0.16093213359226344,0.19218775721615497,no clear signal,within limits
MORGAN STANLEY & CO. LLC,1217,1147.0,1020.4848613786983,94.2481511914544,1.123975517334355,0.00010768427912321965,0.00025967615226068076,WORSE than expected,above 99.8% limit
"NATIONAL RECOVERIES, INC.",149,148.0,131.73962190288017,99.32885906040268,1.1234281521553717,0.17342553722353493,0.20466276227994054,no clear signal,within limits
NINGO LENDING LLC DBA SPOTLOAN,952,951.0,846.6435896925593,99.89495798319328,1.1232589623047113,0.000455855844302994,0.0009924510466094963,WORSE than expected,above 99.8% limit
"COMMUNITY CHOICE FINANCIAL, INC.",1190,1160.0,1032.8120230506672,97.47899159663865,1.1231472660181196,0.00010864437594003191,0.00026153732786950493,WORSE than expected,above 99.8% limit
"PDQ SERVICES, INC.",274,246.0,219.08357399972493,89.78102189781022,1.122859169717164,0.07813846528046765,0.10021636959794052,no clear signal,within limits
"NATIONWIDE BIWEEKLY ADMINISTRATION, INC.",141,141.0,125.58237032043499,100.0,1.1227690609774725,0.18661783718750735,0.21807606876977867,no clear signal,within limits
FOURSIGHT HOLDING LLC,181,133.0,118.47928179706896,73.48066298342542,1.1225591342442647,0.20092971408276966,0.23315904165494325,no clear signal,within limits
"EVERBANK, NATIONAL ASSOCIATION",1737,1713.0,1526.8475758957093,98.61830742659758,1.1219194548578868,3.1062459142974364e-06,9.121724259955897e-06,WORSE than expected,above 99.8% limit
OLIVER ADJUSTMENT CO.,204,195.0,173.8656176600162,95.58823529411765,1.121555846546445,0.12167383558096759,0.14929766574378442,no clear signal,within limits
AMERIS BANCORP,618,597.0,532.3014376933544,96.60194174757281,1.1215449700587072,0.006212229439260668,0.010785983363916335,WORSE than expected,within limits
"NORTHERN TRUST COMPANY, THE",135,121.0,107.93497000612851,89.62962962962963,1.1210453849491937,0.2290535971182086,0.2629383854522246,no clear signal,within limits
HOLLOWAY CREDIT SOLUTIONS,402,358.0,319.3504714931493,89.05472636815921,1.121025431170155,0.03542854743350439,0.05052387308535688,no clear signal,within limits
"ALDRIDGE PITE, LLP",219,219.0,195.35751011741772,100.0,1.121021658539629,0.10178054517482232,0.12770838053101013,no clear signal,within limits
STERLING BANCORP,212,200.0,178.41928737339128,94.33962264150944,1.120955043282093,0.118566666554359,0.14613052337533688,no clear signal,within limits
TERRILL OUTSOURCING GROUP,177,163.0,145.42187935910988,92.090395480226,1.12087672582942,0.16051843706560026,0.19187616960767534,no clear signal,within limits
SOLAR SERVICING HOLDINGS LLC,115,115.0,102.61660125734404,100.0,1.1206763680625185,0.2429503223043819,0.2784306911557644,no clear signal,within limits
PROFIT SERVICES GROUP,200,196.0,174.94596065663472,98.0,1.120345958628264,0.12421419813629098,0.15201191296150499,no clear signal,within limits
CITY NATIONAL BANK,238,207.0,184.9245060913826,86.97478991596638,1.119375708364518,0.11660609134073596,0.14396965410869533,no clear signal,within limits
"RIA ENVIA, LLC",474,458.0,409.2556974203832,96.62447257383967,1.1191047623450605,0.018865605019117986,0.02882764067277765,WORSE than expected,within limits
VIRGINIA HOUSING DEVELOPMENT AUTHORITY,109,106.0,94.726576139079,97.24770642201835,1.1190101481591521,0.269718302241721,0.3060773871027373,no clear signal,within limits
KASHIA SERVICES,257,257.0,229.69316619833444,100.0,1.1188839626952016,0.08068304853348157,0.10306682187481155,no clear signal,within limits
GRANT MERCANTILE AGENCY,360,330.0,294.9768237119336,91.66666666666667,1.118731959505636,0.04745564799780236,0.06462859290505939,no clear signal,within limits
REVOLUT TECHNOLOGIES INC.,476,436.0,389.8767744026213,91.59663865546219,1.1183020601010405,0.02285354938153773,0.034096219216923636,WORSE than expected,within limits
WOLF RIVER DEVELOPMENT COMPANY,360,360.0,321.97617515419245,100.0,1.1180951504489367,0.03925030828062278,0.05512505379351369,no clear signal,within limits
"GENERAL MOTORS FINANCIAL COMPANY, INC.",9648,8177.0,7316.567420734674,84.75331674958541,1.117600580953702,5.764589424245556e-23,4.281826048276511e-22,WORSE than expected,above 99.8% limit
"NATIONAL ENTERPRISE SYSTEMS, INC.",939,858.0,767.9145465881425,91.3738019169329,1.1173118204520396,0.0014791926847092145,0.002930953836035805,WORSE than expected,above 99.8% limit
"MAURY COBB, ATTORNEY AT LAW, LLC",281,254.0,227.34331885857995,90.39145907473309,1.1172529778981628,0.08655440685334977,0.10979367225507107,no clear signal,within limits
"SUN WEST MORTGAGE COMPANY, INC.",439,435.0,389.3675263058247,99.08883826879271,1.1171964034266528,0.024237688596853584,0.03600657696366805,WORSE than expected,within limits
WAFD BANK,311,287.0,257.06697377462365,92.28295819935691,1.116440574943786,0.069909823089685,0.09092204519810157,no clear signal,within limits
"CLICK N' CLOSE, INC.",152,148.0,132.63540127801167,97.36842105263158,1.11584085827722,0.19988755469981698,0.23214365675421889,no clear signal,within limits
MONEYLION INC.,3953,3384.0,3035.51785481172,85.60586896028333,1.114801546838503,5.515203137645749e-10,2.342696378651359e-09,WORSE than expected,above 99.8% limit
"MUTUAL OF OMAHA MORTGAGE, LLC",175,175.0,157.03249372938768,100.0,1.114419034200498,0.16688728778378836,0.19795597158982242,no clear signal,within limits
IDAHO HOUSING AND FINANCE ASSOCIATION,380,378.0,339.30452543188477,99.47368421052632,1.114043496822984,0.04082860242767713,0.05705324826161321,no clear signal,within limits
ASCENT HOLDING CO,157,151.0,135.56092306761101,96.17834394904459,1.1138903201823784,0.202444899102056,0.23452540855108905,no clear signal,within limits
"MORTGAGE RESEARCH CENTER, LLC",663,657.0,590.1727884448882,99.09502262443439,1.1132332985585498,0.007185923442431084,0.012261975014172942,WORSE than expected,within limits
"UETSA TSAKITS, INC. D/B/A MAXLEND",130,130.0,116.80429234812453,100.0,1.1129727973741483,0.2422026447940478,0.27780303354164526,no clear signal,within limits
PHOENIX FINANCIAL SERVICES LLC,2913,2786.0,2503.3260682261343,95.64023343631995,1.112919341735681,2.994892806666183e-08,1.0947121338050866e-07,WORSE than expected,above 99.8% limit
"DAILYPAY, INC",248,240.0,215.65159631449018,96.7741935483871,1.1129062065926094,0.10816146430626848,0.13462031713387718,no clear signal,within limits
"BROKER SOLUTIONS, INC.",954,931.0,836.8401253530174,97.58909853249476,1.1125183554113895,0.0014446044308313037,0.0028747214246771934,WORSE than expected,above 99.8% limit
"VANDERBILT MORTGAGE & FINANCE, INC",827,819.0,736.3133230694373,99.03264812575574,1.1122982218844966,0.002873514693366121,0.005386385842220704,WORSE than expected,within limits
"APPLE FINANCIAL HOLDINGS, INC.",208,181.0,162.76282986293674,87.01923076923077,1.1120475120297482,0.167903889630032,0.19895212753132388,no clear signal,within limits
TFS FINANCIAL CORPORATION,374,371.0,333.74687155383776,99.19786096256685,1.111620906804973,0.04709512025677787,0.06432165392002405,no clear signal,within limits
"CREDIT MANAGEMENT CONTROL, INC.",231,222.0,199.73602805257738,96.1038961038961,1.1114669805167148,0.1273120348134264,0.15552895018104598,no clear signal,within limits
PACIFIC CREDIT EXCHANGE CORPORATION,157,131.0,117.8789825027843,83.43949044585987,1.1113092191553806,0.24699132554383507,0.2823629227822115,no clear signal,within limits
FORD MOTOR CREDIT CO.,3704,3176.0,2858.525458642777,85.7451403887689,1.1110623452372397,5.647223321725969e-09,2.203368874684655e-08,WORSE than expected,above 99.8% limit
E*TRADE BANK,284,253.0,227.74231464595397,89.08450704225352,1.1109046660622177,0.10460011374070224,0.13077367955520738,no clear signal,within limits
TMX FINANCE LLC,1229,1207.0,1087.205407809789,98.2099267697315,1.1101857950021985,0.0003713834030079248,0.000817514337207619,WORSE than expected,above 99.8% limit
META PAYMENTS INC.,377,341.0,307.3729998861282,90.45092838196287,1.1094012815905416,0.06199163682101103,0.08154013593218212,no clear signal,within limits
"TRIBAL LENDING ENTERPRISE, INC.",351,350.0,315.5123425633852,99.71509971509971,1.1093068409191833,0.05879007354779824,0.07791928641020207,no clear signal,within limits
BANKERS HEALTHCARE GROUP LLC,251,237.0,213.66729250832316,94.42231075697211,1.1092011192624063,0.12196213276647117,0.14951933134389098,no clear signal,within limits
"FIDELITY NATIONAL FINANCIAL, INC",338,335.0,302.1302464516305,99.11242603550296,1.1087933231922602,0.06579095048165189,0.08596766718627889,no clear signal,within limits
"EOS HOLDINGS, INC.",2818,2654.0,2393.600031379276,94.18026969481902,1.1087900924160135,1.7548626867872968e-07,6.018529066537173e-07,WORSE than expected,above 99.8% limit
"CREDITNINJA LENDING, LLC",289,269.0,242.61769591793737,93.0795847750865,1.1087402301066536,0.10020149628685916,0.12606873038265162,no clear signal,within limits
GREAT LAKES,1570,1561.0,1408.7571711314426,99.4267515923567,1.1080688936236496,6.957502268710901e-05,0.00017602860931219383,WORSE than expected,above 99.8% limit
FIRST HORIZON BANK - WEST CONGRESS STREET BRANCH,255,227.0,204.8721831913443,89.01960784313725,1.1080079123674345,0.13439400706878465,0.16331870150353622,no clear signal,within limits
ACS EDUCATION SERVICES,1374,1330.0,1200.454189230567,96.79767103347889,1.10791399782816,0.00024700230953331106,0.0005596838628740116,WORSE than expected,above 99.8% limit
"PINNACLE RECOVERY, INC.",240,212.0,191.38119009706338,88.33333333333333,1.10773686741356,0.14938062713087097,0.1791793532683763,no clear signal,within limits
LENDINGPOINT HOLDINGS LLC,756,641.0,578.8356640934558,84.78835978835978,1.1073954833171915,0.011528476827029704,0.018448219254313662,WORSE than expected,within limits
"PLANET HOME LENDING, LLC",1890,1889.0,1706.1845965512923,99.94708994708995,1.1071486659873921,1.4090703745423837e-05,3.891051193318829e-05,WORSE than expected,above 99.8% limit
USI SOLUTIONS INC.,131,128.0,115.62995686695281,97.70992366412214,1.1069795705906949,0.27089412695091575,0.30691023028941433,no clear signal,within limits
EQUITY LOANS LLC,109,108.0,97.58081885543538,99.08256880733946,1.1067748894380616,0.31517367043197947,0.35299316872495384,no clear signal,within limits
"BIG PICTURE LOANS, LLC",1291,1282.0,1158.5742998179458,99.30286599535243,1.1065323995202112,0.00037788975778719726,0.0008305203695671155,WORSE than expected,above 99.8% limit
21ST MORTGAGE CORP.,1106,1095.0,989.6703759781508,99.00542495479205,1.1064289955307045,0.0010340521969464036,0.0021091020580889202,WORSE than expected,above 99.8% limit
"EZCORP, INC.",188,181.0,163.59763037032613,96.27659574468085,1.1063729932412907,0.18936113255196313,0.22084182461349858,no clear signal,within limits
"BLOCKCHAIN.COM, INC.",326,323.0,292.23863289464845,99.079754601227,1.1052611244470234,0.08003587435482334,0.10246067233073698,no clear signal,within limits
"SHERMETA LAW GROUP, PLLC",130,119.0,107.74718321118073,91.53846153846153,1.1044372247464154,0.3005901327120552,0.338346591845255,no clear signal,within limits
"BC SERVICES, INC.",269,245.0,221.83906861126013,91.07806691449814,1.1044042040643705,0.13165496928678966,0.16041118626258846,no clear signal,within limits
"BSI FINANCIAL HOLDINGS, INC.",1554,1553.0,1406.6556736663729,99.93564993564993,1.104037063990357,0.00012890459685143088,0.0003065898716209546,WORSE than expected,above 99.8% limit
"HOPE BANCORP, INC.",108,100.0,90.59735035197815,92.5925925925926,1.103785040197001,0.3483189568291708,0.3858174091193925,no clear signal,within limits
FRANKLIN CREDIT MANAGEMENT CORPORATION,270,270.0,244.6840387848138,100.0,1.1034638848570348,0.11613603333079352,0.14351685969437028,no clear signal,within limits
"LOANCARE, LLC",8315,8307.0,7532.939017701106,99.90378833433554,1.1027568364060805,1.814042793991217e-18,1.194173194717441e-17,WORSE than expected,above 99.8% limit
"BLOCK, INC.",70285,70158.0,63633.226104817,99.81930710677955,1.102537216711838,9.054283739067766e-143,3.30957897725398e-141,WORSE than expected,above 99.8% limit
MINTO FINANCIAL DBA MINTO MONEY,195,195.0,176.87794757680444,100.0,1.1024551260994622,0.18810164694437467,0.21955730050902222,no clear signal,within limits
FREEDOM MORTGAGE COMPANY,10158,10144.0,9205.603690780043,99.86217759401457,1.101937509015277,6.734487979941954e-22,4.821754538216171e-21,WORSE than expected,above 99.8% limit
"EASTPOINT RECOVERY GROUP, INC",143,132.0,119.87061640944893,92.3076923076923,1.10118729638563,0.2888400859353723,0.3256484410423962,no clear signal,within limits
CARD CORPORATION,405,333.0,302.4614928921052,82.22222222222223,1.100966595171798,0.08741947001969547,0.11078982103773449,no clear signal,within limits
"UNIVERSAL ACCOUNT SERVICING, LLC",159,150.0,136.26114958865415,94.33962264150944,1.1008273484615443,0.2582481182758807,0.29330060203205094,no clear signal,within limits
"NATIONS DIRECT MORTGAGE, LLC",180,178.0,161.72619151734014,98.88888888888889,1.1006256830138426,0.217247324295738,0.25037522565560644,no clear signal,within limits
FIRST HOME MORTGAGE CORPORATION,128,125.0,113.6011836734311,97.65625,1.1003406475000916,0.30666741082686294,0.3446286679923241,no clear signal,within limits
STATEBRIDGE COMPANY,821,821.0,746.2824190865783,100.0,1.1001197120587045,0.007372600758875024,0.012549684379996824,WORSE than expected,within limits
MR. COOPER GROUP INC.,15430,15394.0,13995.82002916285,99.76668826960467,1.099899824942289,3.011027852713871e-31,2.647036511025042e-30,WORSE than expected,above 99.8% limit
VYSTAR CREDIT UNION,1223,1006.0,915.5252663824501,82.25674570727719,1.0988227599387248,0.0033653954167244637,0.006214106165284436,WORSE than expected,within limits
JAMES B. NUTTER & COMPANY,125,125.0,113.79267577838718,100.0,1.098488976948211,0.31538122562107107,0.35299316872495384,no clear signal,within limits
"CARRINGTON MORTGAGE SERVICES, LLC",7189,7137.0,6499.161299793351,99.27667269439421,1.0981416941024267,7.051363668140318e-15,4.0140754651831566e-14,WORSE than expected,above 99.8% limit
FIRST AMERICAN FINANCIAL CORPORATION,256,254.0,231.3773489407116,99.21875,1.0977738363883027,0.14905667320464455,0.17894530603392506,no clear signal,within limits
EARNEST INC.,305,299.0,272.59276250040296,98.0327868852459,1.096874316314829,0.11990481076449268,0.14732293442960553,no clear signal,within limits
VIKING CLIENT SERVICES,374,332.0,302.70682870427777,88.77005347593582,1.0967707647069287,0.10118940632788763,0.1270814515275189,no clear signal,within limits
UNITED SERVICES AUTOMOBILE ASSOCIATION,19689,16526.0,15072.873176523384,83.93519223932145,1.0964067571231157,2.2817278193267564e-31,2.0186751216846272e-30,WORSE than expected,above 99.8% limit
"UNITED ACCOUNTS, INC.",134,116.0,105.82109105306787,86.56716417910448,1.0961897939780978,0.3456548601128749,0.38347811557251055,no clear signal,within limits
MORTGAGE SOLUTIONS OF COLORADO,234,228.0,208.18760424190856,97.43589743589743,1.095166068269223,0.18354370050441937,0.21495969645922303,no clear signal,within limits
PNC BANK N.A.,32034,28262.0,25838.266235700827,88.22501092589124,1.0938040401855713,7.023625040749606e-50,8.198164018152271e-49,WORSE than expected,above 99.8% limit
VILLAGE CAPITAL & INVESTMENT LLC,864,859.0,785.5209487756533,99.42129629629629,1.0935418098509966,0.010143602027020821,0.01655636100532541,WORSE than expected,within limits
QUALITY LOAN SERVICE CORPORATION,324,322.0,294.54639541824514,99.38271604938272,1.093206384490877,0.11947127644226994,0.14698459076909917,no clear signal,within limits
"RESIDENTIAL CREDIT SOLUTIONS, INC.",812,807.0,738.7799826238271,99.38423645320196,1.0923414534512492,0.013860632281323582,0.021778753663753907,WORSE than expected,within limits
"UNITED BANKSHARES, INC.",238,210.0,192.27934398794022,88.23529411764706,1.0921609968316264,0.21650839943523437,0.24998351356237783,no clear signal,within limits
ARBOR RESIDENTIAL MORTGAGE LLC,336,335.0,306.8156363449304,99.70238095238095,1.0918609103200463,0.1171221086678216,0.14447833831225954,no clear signal,within limits
"FORIS DAX, INC.",1086,1029.0,942.4293486263979,94.7513812154696,1.0918590359052165,0.005641618807304318,0.009904341905475938,WORSE than expected,within limits
"PHELAN HALLINAN DIAMOND & JONES, PC",105,105.0,96.20638409372742,100.0,1.09140366295968,0.3949923044802012,0.43234382263435733,no clear signal,within limits
"GITSIT SOLUTIONS, LLC.",122,122.0,111.80584703100108,100.0,1.091177279540419,0.3577963302803661,0.39505493065137404,no clear signal,within limits
ALABAMA HOUSING FINANCE AUTHORITY,217,212.0,194.3240305002195,97.6958525345622,1.0909613157687184,0.22004308209138396,0.25301311343123534,no clear signal,within limits
"RSH & ASSOCIATES, LLC",112,98.0,89.86698680684306,87.5,1.0905005662495144,0.4170587274718546,0.4539926116445188,no clear signal,within limits
"HILLTOP HOLDINGS, INC",169,166.0,152.2475524143447,98.22485207100591,1.0903295151059489,0.28357323588251304,0.32049082558243336,no clear signal,within limits
STATE HOME MORTGAGE,144,143.0,131.26676542185882,99.30555555555556,1.089384655289048,0.32644207186860136,0.36390693244421135,no clear signal,within limits
"UNITED SHORE FINANCIAL SERVICES, LLC",2305,2263.0,2077.4359581080394,98.17787418655098,1.0893235919825695,6.181975137589518e-05,0.00015842737022346567,WORSE than expected,above 99.8% limit
"COMMUNITY LOAN SERVICING, LLC (FORMERLY KNOWN AS BAYVIEW LOAN SERVICING, LLC)",4016,4003.0,3676.6659594985904,99.67629482071713,1.0887581423213966,1.159400363718566e-07,4.0159778184665543e-07,WORSE than expected,above 99.8% limit
SPECIALIZED LOAN SERVICING HOLDINGS LLC,8753,8729.0,8022.2582616761365,99.7258082942991,1.088097604847765,7.529872990757443e-15,4.268976973127383e-14,WORSE than expected,above 99.8% limit
FIRST ASSOCIATES LOAN SERVICING LLC,386,368.0,338.3308936858674,95.33678756476684,1.0876925721766328,0.11577733124241164,0.14325653885723819,no clear signal,within limits
ROSEBUD ECONOMIC DEVELOPMENT CORPORATION,707,679.0,624.3121476301252,96.03960396039604,1.0875969698450825,0.03195311120140098,0.04608813235591481,WORSE than expected,within limits
FIRST MERCHANTS CORPORATION,152,136.0,125.09494921687993,89.47368421052632,1.0871741892969136,0.35105320499248643,0.3882268325912131,no clear signal,within limits
SANTANDER CONSUMER USA HOLDINGS INC.,12439,11588.0,10659.7481841519,93.15861403649811,1.0870800885548266,7.888019873833489e-19,5.242325169739099e-18,WORSE than expected,above 99.8% limit
TRANSFORM CREDIT INC.,368,296.0,272.3039402714958,80.43478260869566,1.0870206274094987,0.1626037456304716,0.19370206061811757,no clear signal,within limits
RUSHMORE LOAN MANAGEMENT SERVICES LLC,3798,3798.0,3495.693394989221,100.0,1.0864797254370506,4.7423417518723524e-07,1.5499088690236935e-06,WORSE than expected,above 99.8% limit
FCI LENDER SERVICES INC.,486,485.0,446.454972114971,99.79423868312757,1.086335756778408,0.07448178345418699,0.0960586789395225,no clear signal,within limits
ROUNDPOINT MORTGAGE SERVICING LLC,3020,3010.0,2771.0824207558444,99.66887417218543,1.0862181425765705,7.839645851112956e-06,2.2132658713812795e-05,WORSE than expected,above 99.8% limit
"UNISA, INC",111,98.0,90.25135070789015,88.28828828828829,1.0858563249340092,0.4410262798270119,0.4785824239685309,no clear signal,within limits
BLACKHAWK NETWORK HOLDINGS INC.,1368,1053.0,969.7707949766044,76.97368421052632,1.0858235837318688,0.008655260347938442,0.014467095816229236,WORSE than expected,within limits
"RGS FINANCIAL, INC.",263,239.0,220.17980822155775,90.8745247148289,1.0854764654872633,0.21900584684579946,0.2520290979857626,no clear signal,within limits
SELENE HOLDINGS LLC,3186,3186.0,2935.2309631624685,100.0,1.0854341753629324,5.139246100986753e-06,1.4840775123223702e-05,WORSE than expected,above 99.8% limit
"SERVIS ONE, INC., TITUSVILLE, PA BRANCH",1254,1252.0,1153.8028583385476,99.84051036682615,1.085107382904957,0.004485976920708744,0.008050415946853288,WORSE than expected,within limits
"UPROVA CREDIT, LLC",412,412.0,379.9126824291039,100.0,1.0844597168110701,0.10798695263153979,0.1345236566862859,no clear signal,within limits
"CASH EXPRESS, LLC",136,131.0,120.94362205864165,96.32352941176471,1.0831493035365052,0.3827409308332463,0.42059110199950883,no clear signal,within limits
"GREENSKY OPERATIONS, LLC",535,443.0,408.99588306100736,82.80373831775701,1.0831404870985473,0.10039636171253098,0.12619958951919052,no clear signal,within limits
"VALON TECHNOLOGIES, INC.",435,433.0,399.8433273408465,99.54022988505747,1.0829241615201173,0.10525929833996597,0.13136133458599528,no clear signal,within limits
"FAY SERVICING, LLC",4007,4004.0,3697.4613750072267,99.92513102071375,1.0829051594872101,6.746031425438544e-07,2.1590409331645477e-06,WORSE than expected,above 99.8% limit
POST LAKE LENDING INC.,121,119.0,109.93317936746548,98.34710743801652,1.0824757428530973,0.4107965305227517,0.4478778499969404,no clear signal,within limits
LENDUP LOANS LLC,198,182.0,168.22550442922255,91.91919191919192,1.0818811369745234,0.3062502573582507,0.34443854855919853,no clear signal,within limits
THE J. G. WENTWORTH COMPANY,319,302.0,279.1831719475725,94.67084639498432,1.0817270893988993,0.1840926096132172,0.21542092228539061,no clear signal,within limits
GUILD HOLDINGS COMPANY,794,763.0,705.4806543030033,96.09571788413098,1.0815321374812528,0.03359079295156276,0.04829980477196757,WORSE than expected,within limits
"MONEY SOURCE, INC., THE",920,906.0,837.9638761605503,98.47826086956522,1.0811921919011391,0.020976931182733496,0.03167060588349655,WORSE than expected,within limits
"NOVAD MANAGEMENT CONSULTING, LLC",201,201.0,186.01546924544715,100.0,1.0805552936824883,0.28881123694424715,0.3256484410423962,no clear signal,within limits
SN SERVICING CORPORATION,949,948.0,878.0932021116788,99.89462592202318,1.0796120476963107,0.020454055675490086,0.03098220647028978,WORSE than expected,within limits
UTAH SYSTEM OF HIGHER EDUCATION,250,242.0,224.24426064392537,96.8,1.0791803513948959,0.25055906653382515,0.28550167630474416,no clear signal,within limits
COLORADO HOUSING AND FINANCE AUTHORITY,151,150.0,138.99445805487122,99.33774834437087,1.0791797176602833,0.3712278106892371,0.40826241413091874,no clear signal,within limits
SELENE FINANCE LP,1691,1685.0,1561.4002356614803,99.64518036664695,1.0791595655717043,0.0020712553069131634,0.003968239477658461,WORSE than expected,within limits
NATIONSTAR MORTGAGE LLC,19134,18920.0,17533.764425301084,98.88157207065956,1.0790609216066909,5.00605429756257e-25,3.906409786131691e-24,WORSE than expected,above 99.8% limit
"AVADYNE HEALTH HOLDINGS, INC",387,341.0,316.07457968551665,88.11369509043928,1.0788593006729086,0.17194280784700128,0.20308551028867752,no clear signal,within limits
"SHELLPOINT PARTNERS, LLC",19337,18968.0,17582.813815930327,98.09174122149247,1.0787806888346092,6.2808776484797915e-25,4.873820700412531e-24,WORSE than expected,above 99.8% limit
"REVERSE MORTGAGE SOLUTIONS, INC.",543,541.0,501.5943823461207,99.6316758747698,1.0785607236459993,0.08493657746729297,0.1078399507331535,no clear signal,within limits
RESURGENT CAPITAL SERVICES L.P.,71059,55759.0,51711.078337556864,78.46859651838614,1.0782795832649112,3.867326579739056e-69,6.471947734045239e-68,WORSE than expected,above 99.8% limit
"SELECT PORTFOLIO SERVICING, INC.",16416,16278.0,15100.743671537202,99.1593567251462,1.0779601557426448,3.1717589302769873e-21,2.236331550332353e-20,WORSE than expected,above 99.8% limit
"FLAGSTAR BANK, N.A.",4198,4076.0,3781.2185773309147,97.09385421629348,1.0779593712028055,2.2646680769423643e-06,6.707087332351693e-06,WORSE than expected,above 99.8% limit
"DOVENMUEHLE MORTGAGE, INC.",2453,2407.0,2233.469815743526,98.12474520994701,1.0776953344223752,0.0002958088139919465,0.0006605762743324979,WORSE than expected,above 99.8% limit
"CANEEL CAPITAL, LLC",112,110.0,102.13462458366877,98.21428571428571,1.077009882284219,0.46135918524472747,0.499865763108367,no clear signal,within limits
UNITED COMMUNITY BANK,156,140.0,130.03111716093733,89.74358974358974,1.0766653633124166,0.40369029393446065,0.44116901516519735,no clear signal,within limits
"CMG FINANCIAL SERVICES, INC.",840,827.0,768.3730730101123,98.45238095238095,1.076300080064253,0.037776953057426906,0.05348846870210599,no clear signal,within limits
REVERSE MORTGAGE INVESTMENT TR,130,130.0,120.8011925585091,100.0,1.0761483164749017,0.4253187684656951,0.46225960046858416,no clear signal,within limits
"PROSPERITY BANCSHARES, INC.",313,268.0,249.05598794071673,85.62300319488818,1.07606326680165,0.2439573428459469,0.27935428624321534,no clear signal,within limits
"COMMUNITY FINANCIAL SYSTEM, INC.",223,194.0,180.29084123452247,86.99551569506727,1.0760391302830776,0.32493307152192785,0.3631146005798611,no clear signal,within limits
SOUTHWEST BUSINESS CORPORATION,210,206.0,191.47309796164205,98.0952380952381,1.0758691544295593,0.3107776660928113,0.34868350420267763,no clear signal,within limits
ZIONS BANCORPORATION,1113,961.0,893.5662056980809,86.34321653189578,1.0754659183302906,0.02658644086834598,0.039036539499083055,WORSE than expected,within limits
SUPREME LENDING,205,196.0,182.38405942998455,95.60975609756098,1.0746553213727676,0.33100368249016315,0.3684007331561191,no clear signal,within limits
FIRST HORIZON BANK,1599,1384.0,1288.4035922135515,86.55409631019387,1.0741975638411627,0.008733770314297219,0.014580777604037063,WORSE than expected,within limits
OCWEN FINANCIAL CORPORATION,37666,36824.0,34280.53215795654,97.7645622046408,1.0741956930634495,5.970156693127823e-42,6.428331509112051e-41,WORSE than expected,above 99.8% limit
UMPQUA HOLDINGS CORPORATION,401,354.0,329.6840500486438,88.2793017456359,1.0737553119350738,0.19175904013161504,0.2234507606902796,no clear signal,within limits
"NATIONAL COMMERCIAL SERVICES, INC",217,185.0,172.30412624648588,85.25345622119816,1.073682935110633,0.35184533464903184,0.3887932934188586,no clear signal,within limits
BENHT: ECONOMIC DEVELOPMENT CORPORATION,116,116.0,108.05420000356348,100.0,1.0735353183511096,0.46896459292408615,0.5077099139295056,no clear signal,within limits
"LENNAR FINANCIAL SERVICES, LLC",293,287.0,267.52103507042216,97.95221843003414,1.0728128347905435,0.24722760509007166,0.2824006114063401,no clear signal,within limits
HOME POINT FINANCIAL CORPORATION,838,825.0,769.0484429135923,98.44868735083533,1.0727542687355707,0.04745944187412568,0.06462859290505939,no clear signal,within limits
"LAKEVIEW LOAN SERVICING, LLC",2937,2919.0,2721.143149054781,99.38712972420838,1.0727109307034974,0.00018248594341868006,0.0004224549590142444,WORSE than expected,above 99.8% limit
SENEX SERVICES CORP.,230,208.0,193.9634065330934,90.43478260869566,1.0723672249203962,0.3306465972177636,0.3682984150244376,no clear signal,within limits
FULTON FINANCIAL CORPORATION,480,422.0,393.90877327714486,87.91666666666667,1.0713140417999545,0.16675121418941324,0.19795597158982242,no clear signal,within limits
"ROCKET MORTGAGE, LLC",9007,8723.0,8143.441551242844,96.84689685799934,1.0711687368430494,2.2279311840071673e-10,9.793026628436567e-10,WORSE than expected,above 99.8% limit
"MERCURY TECHNOLOGIES, INC.",292,256.0,239.00030400997127,87.67123287671232,1.0711283446288817,0.2864230266984313,0.32344844234481385,no clear signal,within limits
JPMORGAN CHASE & CO.,174943,143038.0,133575.5828137269,81.76263125703801,1.0708394227968188,1.8485305504263774e-144,6.939483606870914e-143,WORSE than expected,above 99.8% limit
INTERCONTINENTAL CAPITAL GROUP,102,99.0,92.60543652809383,97.05882352941177,1.069051707023337,0.5330428730076825,0.5690980404363344,no clear signal,within limits
ASPEN YO LLC,471,467.0,437.12151246216104,99.15074309978769,1.068352818806705,0.16219108484425698,0.19337632347525574,no clear signal,within limits
FINANCIAL ASSET MANAGEMENT SYSTEMS INC,256,232.0,217.26328142768654,90.625,1.0678288502110211,0.3336500074408593,0.371048727250083,no clear signal,within limits
"HAUGE ASSOCIATES, INC.",106,91.0,85.2603246073664,85.84905660377359,1.067319417549317,0.5621309735918617,0.5955758370092264,no clear signal,within limits
NVR INC.,213,211.0,197.7228465826315,99.06103286384976,1.0671503250476408,0.36236283185956747,0.3997791687473703,no clear signal,within limits
"PULTEGROUP, INC.",177,173.0,162.1523021868581,97.74011299435028,1.0668982041379926,0.4138420779214976,0.4508444284180079,no clear signal,within limits
"CONTINENTAL SERVICES GROUP, INC. D/B/A CONSERVE",1880,1555.0,1457.9787025494243,82.7127659574468,1.0665450718044949,0.012245219448347042,0.019420864144308627,WORSE than expected,within limits
BOK FINANCIAL CORP,827,734.0,688.8342107830663,88.75453446191052,1.0655684466739672,0.09098812763162177,0.11499773364906518,no clear signal,within limits
"SETERUS, INC.",4471,4352.0,4085.743009331861,97.33840304182509,1.0651673367757117,3.849216403674463e-05,0.00010068854208481787,WORSE than expected,above 99.8% limit
"CIT BANK, NATIONAL ASSOCIATION",2178,2027.0,1902.9911335159607,93.06703397612489,1.0651652360854256,0.0050283137664077675,0.008931365500691034,WORSE than expected,within limits
MOVEMENT MORTGAGE LLC,527,510.0,478.8547284186727,96.7741935483871,1.0650411695508963,0.16349368032316125,0.1944287003158142,no clear signal,within limits
"AMERINATIONAL COMMUNITY SERVICES, INC.",107,99.0,92.98370252357708,92.5233644859813,1.064702709325835,0.559435282480514,0.5931722193629266,no clear signal,within limits
SOUTHSTATE BANK CORPORATION,404,357.0,335.3124179840933,88.36633663366337,1.0646787319905806,0.2484190076569897,0.2832955678452863,no clear signal,within limits
CL HOLDINGS LLC,52421,41045.0,38552.455528809514,78.29877339234277,1.0646533258906907,3.518784094105371e-36,3.417895878819832e-35,WORSE than expected,above 99.8% limit
MOUNTAIN AMERICA FEDERAL CREDIT UNION,739,613.0,575.8366778748334,82.94993234100136,1.0645379559049981,0.12877945408975924,0.15718335828706115,no clear signal,within limits
"BANKUNITED, NATIONAL ASSOCIATION",313,283.0,265.87563767011267,90.41533546325878,1.0644074142330202,0.30805671672224594,0.34591008854260274,no clear signal,within limits
GREENSTATE CREDIT UNION,164,128.0,120.27972512331044,78.04878048780488,1.0641860036575137,0.5047808523886795,0.5426784860432476,no clear signal,within limits
GRANITE STATE MANAGEMENT & RESOURCES,134,126.0,118.40888110086011,94.02985074626865,1.0641093710924758,0.5089350810136193,0.5458770868941445,no clear signal,within limits
"PINNACLE CREDIT SERVICES, LLC",1041,927.0,871.6471364947572,89.04899135446686,1.063503751905661,0.06510683950022769,0.0851538607022752,no clear signal,within limits
BANNER CORPORATION,166,144.0,135.40815110275662,86.74698795180723,1.0634514896427714,0.4821670185525915,0.5199766993552404,no clear signal,within limits
"PACIFIC UNION FINANCIAL, LLC",364,358.0,336.66443415741963,98.35164835164835,1.0633733880918474,0.2571615678619861,0.2923055791819138,no clear signal,within limits
MOHELA,28483,27139.0,25524.933774777848,95.28139592037355,1.0632348839555883,1.5717904664636175e-23,1.1801172745502513e-22,WORSE than expected,above 99.8% limit
"NAVIENT SOLUTIONS, LLC.",43557,41261.0,38820.72618924977,94.72874624055835,1.0628600763121734,1.5374956746207484e-34,1.4627270493480955e-33,WORSE than expected,above 99.8% limit
"PEER ADVISORS, LLC",522,521.0,490.3674631194558,99.80842911877394,1.0624685346896312,0.1755446172723757,0.20681210635396932,no clear signal,within limits
"AMERIHOME MORTGAGE COMPANY, LLC",2084,2010.0,1893.059580570167,96.44913627639156,1.061773237688912,0.00797193401043081,0.013454454848710079,WORSE than expected,within limits
"FIRST CITIZENS BANCSHARES, INC.",1589,1351.0,1275.7925174622544,85.02202643171806,1.0589496187729215,0.03786901415589203,0.05356421656062528,no clear signal,within limits
"STATE FARM BANK, FSB",927,790.0,746.1803127019881,85.22114347357066,1.0587253329417614,0.11481517044194131,0.14226429236740096,no clear signal,within limits
STANDARD MORTGAGE CORPORATION,102,96.0,90.71172014401661,94.11764705882354,1.0582976471793013,0.6060033881642266,0.6381642957999323,no clear signal,within limits
CROW CREEK SIOUX TRIBE,288,275.0,259.892034274843,95.48611111111111,1.0581316998318613,0.36383164983173133,0.40108108064783715,no clear signal,within limits
HIGHER EDUCATION STUDENT ASSISTANCE AUTHORITY (HESAA),318,292.0,276.01739235305524,91.82389937106919,1.057904349833511,0.3506425682216652,0.38808169502780315,no clear signal,within limits
"LDF HOLDINGS, LLC",1008,948.0,896.8470572743746,94.04761904761905,1.0570364169795967,0.09269425224067114,0.11679836856513602,no clear signal,within limits
POPULAR BANK,653,550.0,520.3409097868006,84.22664624808576,1.0569993434215113,0.20271140185890665,0.23463844765168446,no clear signal,within limits
SERVATUS CORPORATION,173,142.0,134.34321448822476,82.08092485549133,1.05699421099118,0.5310760227952577,0.5674343043558561,no clear signal,within limits
"PHILLIPS & COHEN ASSOCIATES, LTD.",379,316.0,299.04401028285133,83.37730870712402,1.0567006498512068,0.34077950643584837,0.3786741875515147,no clear signal,within limits
"NEIGHBORHOOD ASSISTANCE CORPORATION OF AMERICA (""NACA"")",147,143.0,135.36557023278135,97.27891156462584,1.0563986082582897,0.5338455660530035,0.5695172743837341,no clear signal,within limits
ATLANTIC BAY MORTGAGE GROUP LLC,113,110.0,104.13229109223514,97.34513274336283,1.0563486008635645,0.5907145446994784,0.6230087339313405,no clear signal,within limits
"AMERICAN FINANCIAL RESOURCES, INC.",195,190.0,179.90402049580447,97.43589743589743,1.0561186986059101,0.4705800123322711,0.5090620226865455,no clear signal,within limits
GLOBAL TEL*LINK CORPORATION,111,101.0,95.68644685776614,90.990990990991,1.0555308856867915,0.6135854687826665,0.6441951747083324,no clear signal,within limits
"MIDWEST LOAN SERVICES, INC.",129,122.0,115.60139451122421,94.57364341085271,1.0553505908456366,0.5758660268658179,0.6096630421620587,no clear signal,within limits
"MIDSTATE COLLECTION SOLUTIONS, INC.",111,93.0,88.18293441257806,83.78378378378379,1.0546258255013892,0.6357312842366433,0.6649327965396818,no clear signal,within limits
INDEPENDENT BANK CORP.,105,90.0,85.40399978804638,85.71428571428571,1.0538148122261237,0.647193308496049,0.6764119680218299,no clear signal,within limits
PENDRICK CAPITAL PARTNERS,230,201.0,190.81029483938033,87.3913043478261,1.0534022819324143,0.47917580178770647,0.5175545790693036,no clear signal,within limits
TRANSFERWISE LTD,2060,1868.0,1774.2731142388166,90.67961165048544,1.0528255120415289,0.027934441772343582,0.04058675692655359,WORSE than expected,within limits
REVENUE RECOVERY CORPORATION,197,172.0,163.43392529054086,87.30964467005076,1.0524130757688834,0.5229534622913851,0.5600480795086614,no clear signal,within limits
AMERITECH FINANCIAL,217,207.0,196.7103817465682,95.39170506912443,1.0523084656847874,0.48136081064196706,0.5195106184783934,no clear signal,within limits
"WEBSTER BANK, NATIONAL ASSOCIATION",1627,1371.0,1302.8766417509357,84.26551936078673,1.052286882783863,0.06257830113769028,0.08215620064296011,no clear signal,within limits
BANK OF THE WEST,2435,2034.0,1933.0133252381193,83.53182751540041,1.0522431343040228,0.023212110242096257,0.03451993696602966,WORSE than expected,within limits
AMERICAN ADVISORS GROUP,403,393.0,373.5369567658756,97.51861042183623,1.0521047325615052,0.32630334600049815,0.36390693244421135,no clear signal,within limits
FINANCE OF AMERICA HOLDINGS LLC,319,310.0,294.64851857074666,97.17868338557994,1.0521009964812273,0.38554990759753166,0.42334294201815925,no clear signal,within limits
"TRIAD FINANCIAL SERVICES, INC.",159,150.0,142.59571462985193,94.33962264150944,1.0519250202530142,0.556890212212603,0.5909247553577583,no clear signal,within limits
NAVY FEDERAL CREDIT UNION,48542,38665.0,36766.20036857642,79.65267191298257,1.0516452505939793,9.459708234629469e-23,6.989114222287411e-22,WORSE than expected,above 99.8% limit
GUARANTEED RATE INC.,819,790.0,751.2159832671583,96.45909645909646,1.0516283167514138,0.1641602633365661,0.19505441041444854,no clear signal,within limits
"SORTIS FINANCIAL, INC.",220,204.0,194.39598017087053,92.72727272727273,1.0494044157738638,0.5093603629794434,0.5459116853228757,no clear signal,within limits
EQUITABLE ACCEPTANCE CORP,367,342.0,326.011292117228,93.18801089918256,1.0490434174194885,0.3896093283594767,0.42742239749066396,no clear signal,within limits
ASSOCIATED BANC-CORP,905,771.0,735.3403219277237,85.19337016574586,1.048494114913749,0.19616629214860662,0.22839478608081693,no clear signal,within limits
"BLATT, HASENMILLER, LEIBSKER & MOORE, LLC",104,90.0,85.89580156648339,86.53846153846153,1.0477811296788466,0.6861419250836135,0.7149670922289116,no clear signal,within limits
"STEARNS VENTURES, LLC",369,357.0,341.2347349690405,96.7479674796748,1.0462006455245239,0.4069424998239225,0.44402445581730426,no clear signal,within limits
MIDAMERICA MORTGAGE INC,209,202.0,193.41227686563963,96.65071770334929,1.044401127340671,0.5555451156969569,0.5899481389167225,no clear signal,within limits
PENDING COMPANY MATCH,499,409.0,392.0508478805096,81.96392785571142,1.0432320251597982,0.40461593153567615,0.44183296297409924,no clear signal,within limits
CHRYSALIS HOLDINGS LLC,245,236.0,226.27742567916766,96.3265306122449,1.04296749572632,0.5352472530885325,0.5701368363036593,no clear signal,within limits
DISCOVER BANK,44422,31932.0,30617.402359953554,71.88330106703886,1.0429362891270584,8.769687958485902e-14,4.703126090477574e-13,WORSE than expected,above 99.8% limit
FINANCIAL CREDIT NETWORK INC,519,432.0,414.333683349255,83.23699421965318,1.042637896363964,0.3976932726112584,0.43495744539924247,no clear signal,within limits
BANCORPSOUTH BANK,229,193.0,185.37535483905782,84.27947598253274,1.041130845939914,0.59461804947668,0.6266498260418122,no clear signal,within limits
FIFTH THIRD FINANCIAL CORPORATION,15304,12770.0,12266.714792971812,83.44223732357554,1.0410285243867041,6.4641683123179526e-06,1.839903644633122e-05,WORSE than expected,above 99.8% limit
"CONN'S, INC.",2593,2114.0,2033.1170570116699,81.52718858465099,1.0397827280575838,0.07592545880698817,0.0976343826092249,no clear signal,within limits
LAND HOME FINANCIAL SERVICES,242,231.0,222.3320752785322,95.45454545454545,1.0389863887637842,0.5784857996649512,0.6115043955362384,no clear signal,within limits
HOLLIS COBB ASSOCIATES,243,203.0,195.58529089785057,83.53909465020575,1.037910361602918,0.6146725120188573,0.6443623541088248,no clear signal,within limits
AMERICAN PACIFIC MORTGAGE,151,141.0,135.90008725173334,93.37748344370861,1.0375269276966679,0.684288315729961,0.7135709238355223,no clear signal,within limits
GATEWAY FIRST BANK,297,265.0,255.75638186528118,89.22558922558923,1.0361422775349858,0.5795566704366558,0.6121705058832814,no clear signal,within limits
NORTHWEST BANCSHARES INC,280,233.0,225.06445326519247,83.21428571428571,1.0352589963438479,0.6142650379949195,0.6443623541088248,no clear signal,within limits
"BRIGHTFUNDERS, LLC",147,141.0,136.2529551062387,95.91836734693878,1.0348399408296134,0.7067727718607334,0.7345506858069168,no clear signal,within limits
MORTGAGE LENDERS INVESTMENT TRADING CORP,103,99.0,95.68215380384434,96.11650485436893,1.0346757055966518,0.7613930720048501,0.7868861436121554,no clear signal,within limits
AMERICAN EXPRESS COMPANY,59610,42416.0,41029.2070233247,71.15584633450763,1.0338001408578752,9.980322427663892e-12,4.8470866615472534e-11,WORSE than expected,above 99.8% limit
"LD HOLDINGS GROUP, LLC",2997,2782.0,2691.468210419078,92.82615949282616,1.033636581413245,0.08379853838494297,0.10668759836543151,no clear signal,within limits
CORNERSTONE HOME LENDING INC.,172,163.0,157.7624028648477,94.76744186046511,1.0331992733378894,0.69761983823231,0.7263822753408385,no clear signal,within limits
"PEOPLE'S UNITED BANK, NATIONAL ASSOCIATION",784,630.0,609.7901411123512,80.35714285714286,1.0331423181929162,0.42334124695463377,0.4604706280501068,no clear signal,within limits
VALLEY NATIONAL BANCORP,745,621.0,601.3025450283867,83.35570469798658,1.0327579770524393,0.43214022008457886,0.4693063062529164,no clear signal,within limits
GOLDMAN SACHS BANK USA,21086,14931.0,14460.409161018852,70.81001612444275,1.0325433971985887,0.0001003631981439243,0.0002437141297585854,WORSE than expected,above 99.8% limit
INVESTORS BANK,198,167.0,161.9372309741426,84.34343434343434,1.0312637742130208,0.7114303675991829,0.7385476686063266,no clear signal,within limits
"HUNTINGTON NATIONAL BANK, THE - FIRSTMERIT BANK, N.A. BRANCH",364,289.0,280.6319207233455,79.3956043956044,1.0298187007917177,0.6330661791674592,0.6626442523463457,no clear signal,within limits
"BETTER MORTGAGE, INC.",382,363.0,353.1266306011917,95.0261780104712,1.0279598550299054,0.6132391040949279,0.6441951747083324,no clear signal,within limits
"CALIBER HOME LOANS, INC.",4728,4444.0,4326.652782247293,93.9932318104907,1.0271219401367715,0.07655703797191422,0.09827885928187509,no clear signal,within limits
"CAVALRY INVESTMENTS, LLC",6313,5005.0,4883.394987804988,79.28084904166006,1.0249017358822476,0.08393519080075601,0.1067637179690935,no clear signal,within limits
WLCC,787,716.0,698.9370925588702,90.97839898348157,1.024412651185332,0.5284818243936583,0.5655325532224895,no clear signal,within limits
ASTORIA BANK,289,243.0,237.57378027355034,84.08304498269896,1.0228401455758365,0.7419350574173875,0.7679193701585331,no clear signal,within limits
"RETRIEVAL-MASTERS CREDITORS BUREAU, INC., ELMSFORD, NY BRANCH",733,630.0,615.949182364713,85.9481582537517,1.022811650762071,0.581833174586606,0.6141081151221852,no clear signal,within limits
"MST FINANCIAL SERVICES, L.L.C.",125,105.0,102.6990956468363,84.0,1.022404329255986,0.8464816048759058,0.8690043970233801,no clear signal,within limits
DFC GLOBAL CORP.,237,200.0,195.7550662239579,84.38818565400844,1.021684924216396,0.7804770221858903,0.8060093559971759,no clear signal,within limits
AMERICAN FINANCIAL NETWORK INC.,255,235.0,230.02183723072721,92.15686274509804,1.0216421311524408,0.760155773209822,0.7861923819720348,no clear signal,within limits
DITECH FINANCIAL LLC,14813,13785.0,13513.083476175594,93.06014986835888,1.020122463115381,0.01988408565294048,0.030151741235736162,WORSE than expected,within limits
"CITIZENS FINANCIAL GROUP, INC.",18098,14743.0,14461.545428550757,81.46204000442037,1.019462274819784,0.01979674468859427,0.03005210751088245,WORSE than expected,within limits
AMERICAN INTERNET MORTGAGE,170,159.0,155.9862487451509,93.52941176470588,1.0193206213951138,0.830506509608869,0.8557667224382189,no clear signal,within limits
"LTD FINANCIAL SERVICES, L.P.",423,362.0,355.34439104828846,85.57919621749409,1.0187300239412167,0.738054800626651,0.7650433716943419,no clear signal,within limits
"EAGLE HOME MORTGAGE, LLC",118,111.0,109.00888952486882,94.0677966101695,1.0182655789248907,0.8741125479560182,0.892751712581551,no clear signal,within limits
"SANTANDER HOLDINGS USA, INC.",17418,12903.0,12684.748147980305,74.0785394419566,1.0172058482733413,0.0536837348388406,0.07211480434347156,no clear signal,within limits
"KELSTING GROUP, INC.",254,206.0,202.97689123063333,81.10236220472441,1.0148938568870465,0.8505524607861848,0.8718947365549894,no clear signal,within limits
"CARDINAL FINANCIAL COMPANY, LIMITED PARTNERSHIP",762,704.0,693.6792787587722,92.38845144356955,1.0148782319974947,0.7051964274723934,0.7337212267858835,no clear signal,within limits
"PLAZA HOME MORTGAGE, INC.",324,302.0,298.1847741153578,93.20987654320987,1.012794838019349,0.8404874693907716,0.8634889755797202,no clear signal,within limits
LIEN ENFORCEMENT INC,145,121.0,119.48686903395925,83.44827586206897,1.0126635753223285,0.9141588916347156,0.9295510252420353,no clear signal,within limits
"OVERTON, RUSSELL, DOERR AND DONOVAN, LLP",148,128.0,126.42185538067444,86.48648648648648,1.0124831629355031,0.9119586413741924,0.9279930790247276,no clear signal,within limits
PARAMOUNT RESIDENTIAL MORTGAGE GROUP,284,253.0,249.95621152692786,89.08450704225352,1.0121772867914676,0.8641021854822141,0.8838276403790835,no clear signal,within limits
SLM CORPORATION,6003,5138.0,5076.481531615497,85.59053806430119,1.0121183280193922,0.3914261664241569,0.42877834792046843,no clear signal,within limits
"RABOBANK, NATIONAL ASSOCIATION",104,81.0,80.09889025182683,77.88461538461539,1.0112499654532057,0.9494363379974347,0.9605004176827653,no clear signal,within limits
"AMA ADVISORS, LLC.",458,419.0,414.34797463766586,91.48471615720524,1.0112273394515858,0.8322533622791347,0.8569310008937866,no clear signal,within limits
"SERVICEMAC, LLC",514,473.0,468.1599086343656,92.02334630350195,1.0103385430413148,0.8352518274390727,0.8589635091330774,no clear signal,within limits
"LENDKEY TECHNOLOGIES, INC.",160,143.0,141.55388796351903,89.375,1.0102159824592996,0.9255563420711739,0.9404519086590055,no clear signal,within limits
"TILT FINANCE, INC.",264,210.0,207.87761234908027,79.54545454545455,1.0102097942483372,0.9013701043651005,0.9185642516237158,no clear signal,within limits
WELLS FARGO & COMPANY,174043,141626.0,140332.89053728187,81.37414317151509,1.0092145858163921,0.0005695581004320579,0.0012208583356483464,WORSE than expected,above 99.8% limit
PENTAGON FEDERAL CREDIT UNION,6439,4948.0,4908.492479941567,76.84423047056997,1.0080488093278903,0.5765652531895754,0.6099384133132675,no clear signal,within limits
"PETER ROBERTS & ASSOCIATES, INC.",131,109.0,108.18939040786023,83.20610687022901,1.0074925054026451,0.963404898444174,0.9718005838336657,no clear signal,within limits
"PRIMELENDING, A PLAINSCAPITAL COMPANY",207,193.0,191.60715772084197,93.23671497584542,1.007269260166091,0.9390293598116962,0.9506645632495963,no clear signal,within limits
"FIRST NIAGARA FINANCIAL GROUP, INC.",499,376.0,373.40352650236804,75.35070140280561,1.0069535323406098,0.9068513344004901,0.9234725098843701,no clear signal,within limits
HANCOCK WHITNEY BANK,592,477.0,473.77210736724936,80.57432432432432,1.0068131757495984,0.8943056237610815,0.9120341493422482,no clear signal,within limits
AMERICAN NEIGHBORHOOD MORTGAGE,115,105.0,104.37230732221661,91.30434782608695,1.006013977211844,0.977003859657856,0.9838435346473151,no clear signal,within limits
"COMMUNITY HEALTH INVESTMENT COMPANY, LLC.",212,178.0,177.1548774991318,83.9622641509434,1.0047705291144036,0.9693309009714994,0.9770686657833184,no clear signal,within limits
"LCO FINANCIAL SERVICES, LLC",108,97.0,96.56609303199735,89.81481481481481,1.0044933677482308,0.9918165676631894,0.9953997200030131,no clear signal,within limits
ACTIVEHOURS,279,249.0,248.22170084616332,89.24731182795699,1.0031355000436446,0.9774687385264902,0.9838435346473151,no clear signal,within limits
SECURITY SERVICE FEDERAL CREDIT UNION,302,233.0,232.29262952759657,77.1523178807947,1.003045169680338,0.9804193348607195,0.9860988096462995,no clear signal,within limits
"ADLER WALLACH & ASSOCIATES, INC.",1182,947.0,944.8516000378651,80.11844331641286,1.0022737961834947,0.9529263972309203,0.9633295238382448,no clear signal,within limits
VW CREDIT,2587,2013.0,2009.089375186604,77.81213761113258,1.0019464663253383,0.9364065252374935,0.9495566067131983,no clear signal,within limits
NEW YORK STATE HIGHER EDUCATION SERVICES CORPORATION (HESC)—,140,122.0,121.8589401731685,87.14285714285714,1.0011575664996843,1.0,1.0,no clear signal,within limits
SECURITY NATIONAL AUTOMOTIVE ACCEPTANCE,111,95.0,95.06439878322354,85.58558558558559,0.9993225772839485,1.0,1.0,no clear signal,within limits
360 MORTGAGE GROUP LLC,105,97.0,97.20721537614438,92.38095238095238,0.9978683128063842,1.0,1.0,no clear signal,within limits
T.S. HOLDINGS,7202,5355.0,5368.257872289454,74.35434601499584,0.997530321269049,0.8635015876314609,0.8838276403790835,no clear signal,within limits
MONEYGRAM PAYMENT SYSTEMS WORLDWIDE INC,3329,2839.0,2848.014965422677,85.28086512466206,0.996834649560439,0.8756307479408956,0.8936451938941248,no clear signal,within limits
PRIMARY RESIDENTIAL MORTGAGE,274,247.0,247.8687676246656,90.14598540145985,0.9964950500501091,0.989759482896757,0.9940534502845955,no clear signal,within limits
OLD NATIONAL BANCORP,567,453.0,454.80400947488755,79.8941798941799,0.9960334354198627,0.9574495269130249,0.9671981039143212,no clear signal,within limits
TOWNE MORTGAGE COMPANY,100,88.0,88.36230692247487,88.0,0.9958997570899463,1.0,1.0,no clear signal,within limits
"GVA HOLDINGS, LLC",769,680.0,682.9180387303772,88.42652795838751,0.9957271025732426,0.9313063729474254,0.9456027427075833,no clear signal,within limits
"FMA ALLIANCE, LTD.",338,265.0,266.9658880475271,78.40236686390533,0.992636182615297,0.9365677114449832,0.9495566067131983,no clear signal,within limits
"COMMERCIAL TRADE, INC.",108,86.0,86.64756965695106,79.62962962962963,0.9925263956102304,1.0,1.0,no clear signal,within limits
SYNCHRONY FINANCIAL,82725,57778.0,58231.31428097811,69.8434572378362,0.9922152833647069,0.060351194503410366,0.07953302577346964,no clear signal,within limits
"HW HOLDING, INC",9073,6941.0,6999.7290175813905,76.50170836548,0.9916098155465906,0.48708239464473224,0.5242209263490339,no clear signal,within limits
"ATLANTIC UNION BANKSHARES, INC.",251,205.0,206.7784574463811,81.67330677290836,0.9913992131078632,0.9383137960377854,0.950633014366509,no clear signal,within limits
MODERN ADJUSTMENT BUREAU,108,83.0,83.82243461427556,76.85185185185185,0.9901883711913148,0.9864375927784598,0.9914340205276995,no clear signal,within limits
"CAPITAL MARKETS COOPORATIVE, LLC",108,99.0,100.15541214447289,91.66666666666667,0.9884638071998922,0.9610227528523129,0.9701021829301326,no clear signal,within limits
"ONEMAIN FINANCIAL HOLDINGS, LLC.",2645,2227.0,2255.8815490154466,84.19659735349717,0.9871972227318178,0.5516442626948496,0.5867028184403875,no clear signal,within limits
FAIRWAY INDEPENDENT MORTGAGE CORPORATION,369,329.0,333.45193143274605,89.15989159891599,0.9866489559271185,0.8354641474721293,0.8589635091330774,no clear signal,within limits
FRANKLIN AMERICAN MORTGAGE CO.,231,210.0,213.06716972426818,90.9090909090909,0.9856046817149848,0.8691177048453066,0.8883035261443201,no clear signal,within limits
LENDING CLUB CORP,1486,1270.0,1291.97298474942,85.46433378196501,0.9829926902429142,0.5522333439537223,0.586879965380046,no clear signal,within limits
WORLDREMIT CORP.,300,254.0,258.5483603830709,84.66666666666667,0.9824080865323148,0.8087518255734683,0.8345886223785642,no clear signal,within limits
PROVIDENT FUNDING ASSOCIATES,505,448.0,456.6738745608574,88.7128712871287,0.9810064138895654,0.707051308080524,0.7345506858069168,no clear signal,within limits
"IMPAC MORTGAGE HOLDINGS, INC.",177,160.0,163.11873616170902,90.3954802259887,0.9808805767191744,0.8473517521443852,0.869255231704986,no clear signal,within limits
EASTERN BANKSHARES INC,134,107.0,109.48465850747125,79.85074626865672,0.9773058751669605,0.8616631112757868,0.8826327887625869,no clear signal,within limits
M&T BANK CORPORATION,10198,8262.0,8454.078550274025,81.01588546773877,0.9772797769583298,0.03664276406811398,0.05204171706606372,no clear signal,within limits
CROSSCOUNTRY MORTGAGE LLC,1609,1402.0,1435.1156103036549,87.13486637663145,0.976924778696646,0.38988061743748825,0.42742239749066396,no clear signal,within limits
SIERRA PACIFIC MORTGAGE,147,131.0,134.17978523617046,89.1156462585034,0.9763020545116113,0.8276861802693558,0.853493767181986,no clear signal,within limits
UNION HOME MORTGAGE CORP,237,209.0,214.5024878664503,88.18565400843882,0.974347673441083,0.7402879608213688,0.7667859638932746,no clear signal,within limits
"PENNYMAC LOAN SERVICES, LLC.",6394,5539.0,5695.285805927542,86.6280888332812,0.972558742220648,0.038303849503866026,0.054063209066055704,no clear signal,within limits
"GREENSKY, LLC",698,579.0,595.7881116481558,82.9512893982808,0.9718220096709985,0.5069973466661559,0.5445141894632067,no clear signal,within limits
"PINNACLE FINANCIAL PARTNERS, INC.",736,529.0,545.9544332635304,71.875,0.9689453327410814,0.48353659049293163,0.5210491266056494,no clear signal,within limits
RENASANT CORPORATION,224,175.0,181.29460231798615,78.125,0.9652797036563417,0.6743178287643871,0.703702076749612,no clear signal,within limits
ATLANTICUS SERVICES CORPORATION,5470,3587.0,3723.135333169418,65.57586837294333,0.9634352982131517,0.02549295502857535,0.037669909079458684,BETTER than expected,within limits
BANK OF HAWAII CORPORATION,355,270.0,280.74130154007355,76.05633802816901,0.9617395036599546,0.545187524065788,0.5802800543504824,no clear signal,within limits
"TRIDENT ASSET MANAGEMENT, L.L.C.",1350,1042.0,1084.8909279803381,77.18518518518519,0.9604652164801627,0.19690117484433614,0.22905840189177798,no clear signal,within limits
"PROSPECT MORTGAGE, LLC",112,98.0,102.28391405619793,87.5,0.958117421534688,0.7189343981936226,0.7457803428610469,no clear signal,within limits
GLOBAL CREDIT UNION,289,218.0,227.98082897596072,75.4325259515571,0.9562207532063446,0.5344570787795866,0.5697320663275869,no clear signal,within limits
FIRSTBANK,291,216.0,226.57303311103777,74.22680412371135,0.9533349888737368,0.5072723982472206,0.5445141894632067,no clear signal,within limits
"CENTRAL BANCOMPANY, INC",135,104.0,109.13824814094372,77.03703703703704,0.952919822074585,0.6663979422498378,0.6959599562293419,no clear signal,within limits
QC HOLDINGS INC,224,185.0,194.35558110674341,82.58928571428571,0.9518635839862752,0.5299553704756942,0.5666728326333635,no clear signal,within limits
BBVA FINANCIAL CORPORATION,5170,3841.0,4040.621447631509,74.29400386847195,0.9505963500370664,0.001598675719528591,0.0031319613179481135,BETTER than expected,below 99.8% limit
"AAA AUTO TITLE LOANS, LLC",146,118.0,124.26075872906682,80.82191780821918,0.9496159624880649,0.6130138329142412,0.6441951747083324,no clear signal,within limits
KEYCORP,8221,6185.0,6514.248495278122,75.23415642865831,0.9494571790565283,4.024316630425063e-05,0.00010490355689597169,BETTER than expected,below 99.8% limit
BMO BANK NATIONAL ASSOCIATION,7088,5325.0,5614.945019010283,75.12697516930022,0.948361913067959,9.844311514166253e-05,0.0002403119278238475,BETTER than expected,below 99.8% limit
NATIONS LENDING CORPORATION,118,100.0,105.74987516858405,84.7457627118644,0.9456275937969881,0.618155737529436,0.6475251277740472,no clear signal,within limits
"ALTISOURCE PORTFOLIO SOLUTIONS, S.À R.L.",370,295.0,312.11078936366056,79.72972972972973,0.9451771936543865,0.34760706012250264,0.385336158427898,no clear signal,within limits
"JON BARRY AND ASSOCIATES, INC.",870,670.0,710.101525787054,77.01149425287356,0.9435270530610299,0.13519084885407207,0.1641434344915263,no clear signal,within limits
WESTERN ALLIANCE BANCORPORATION,115,90.0,95.5855234055123,78.26086956521739,0.9415651742386107,0.6116943325616847,0.6436692635819545,no clear signal,within limits
UNIVERSAL ACCEPTANCE CORPORATION (NE),378,287.0,305.69226804211223,75.92592592592592,0.9388526632949147,0.2976632518174395,0.33532380922499877,no clear signal,within limits
PHH MORTGAGE SERVICES CORPORATION,2434,2081.0,2217.671801139521,85.49712407559572,0.9383714934422244,0.003518308190916097,0.006447137304990052,BETTER than expected,within limits
SOLO FUNDS INC.,154,129.0,137.97003944822808,83.76623376623377,0.9349855991626791,0.47503067627522294,0.5134767387908831,no clear signal,within limits
"ONLINE INFORMATION SERVICES, INC.",3941,2838.0,3038.512199681301,72.01217964983506,0.934009743419055,0.00024601403664689734,0.0005583553870956542,BETTER than expected,below 99.8% limit
"SUNTRUST BANKS, INC.",9607,7238.0,7764.718336990976,75.34089726241282,0.9321651714677531,1.5479557918639956e-09,6.3991386752949104e-09,BETTER than expected,below 99.8% limit
CADENCE BANK,320,245.0,262.89286878358917,76.5625,0.9319385540338928,0.282610036296294,0.3196623293286257,no clear signal,within limits
"I.Q. DATA INTERNATIONAL, INC.",1698,1361.0,1465.4056049295086,80.15312131919906,0.9287531011357563,0.006088628480339449,0.0105846119639443,BETTER than expected,within limits
"RSI ENTERPRISES, INC.",261,198.0,213.2599553201634,75.86206896551724,0.9284443471946999,0.311934202730763,0.3496986340540999,no clear signal,within limits
TCF FINANCIAL CORPORATION,130,102.0,109.86586009124679,78.46153846153847,0.9284048740462783,0.4872348566714203,0.5242209263490339,no clear signal,within limits
"COINBASE, INC.",9666,7763.0,8365.017659647265,80.3124353403683,0.9280315136032061,2.8091821324833207e-11,1.3093805308789706e-10,BETTER than expected,below 99.8% limit
ACADEMY MORTGAGE CORPORATION,189,155.0,168.26437749719713,82.01058201058201,0.921169425789971,0.32519208864642246,0.3631146005798611,no clear signal,within limits
U.S. BANK NATIONAL ASSOCIATION - SAN FRANCISCO MAIN BRANCH,905,638.0,692.9066229611029,70.49723756906077,0.9207589866489339,0.036758967821777136,0.05215342829872159,no clear signal,within limits
DHI MORTGAGE COMPANY,228,185.0,201.07783846399875,81.14035087719299,0.920041718237998,0.2707625740482784,0.30691023028941433,no clear signal,within limits
EMBRACE HOME LOANS,148,124.0,134.93465892930791,83.78378378378379,0.918963304046023,0.37041083347020487,0.4076867255864616,no clear signal,within limits
BEACON FINANCIAL CORPORATION,163,124.0,134.9980820791473,76.07361963190183,0.9185315679322074,0.36753851524620235,0.40484615200394536,no clear signal,within limits
"CREDIT BUREAU SYSTEMS, INC., PADUCAH, KY BRANCH",352,253.0,275.70373664728277,71.875,0.9176516904581223,0.17842407172914684,0.20984846370176544,no clear signal,within limits
"OUT TECH, INC.",114,81.0,88.73978918904177,71.05263157894737,0.9127810730702351,0.4464215360765506,0.48405894895419893,no clear signal,within limits
AMSCOT CORPORATION,145,114.0,125.13281409312671,78.62068965517241,0.911032016870959,0.342442442767762,0.3802178681090499,no clear signal,within limits
REGIONS FINANCIAL CORPORATION,10121,7155.0,7857.75834761515,70.69459539571189,0.9105650343868822,8.770031034656195e-16,5.054594650264504e-15,BETTER than expected,below 99.8% limit
"BANK OF AMERICA, NATIONAL ASSOCIATION",184920,131151.0,144169.3857513682,70.92310188189488,0.9097007614791434,1.1725386479334784e-265,7.755505628474293e-264,BETTER than expected,below 99.8% limit
SQUARETWO FINANCIAL CORPORATION,487,366.0,402.8729633404151,75.15400410677618,0.9084749618473191,0.06694192655228345,0.08738941351609185,no clear signal,within limits
MIDFIRST BANK,2104,1656.0,1824.0829552979028,78.70722433460077,0.907853447777844,6.823802996031328e-05,0.00017327719125205692,BETTER than expected,below 99.8% limit
"WORLDWIDE PROCESSING GROUP, LLC",164,127.0,140.21186097972281,77.4390243902439,0.9057721587360325,0.28188567725159586,0.3191028571332246,no clear signal,within limits
"SOLOMON AND SOLOMON, P.C.",200,153.0,170.94122118994025,76.5,0.8950445008813587,0.17871715445269368,0.2100153363238507,no clear signal,within limits
"FIRST MIDWEST BANCORP, INC.",181,129.0,144.24076397085523,71.2707182320442,0.8943380251789659,0.21679970460675704,0.2501119515770644,no clear signal,within limits
DREAM CENTER EDUCATION HOLDINGS,107,85.0,95.09509314371344,79.4392523364486,0.8938421236050831,0.3252084687698684,0.3631146005798611,no clear signal,within limits
"SERVICE FINANCE HOLDINGS, LLC",170,132.0,147.90738198411208,77.6470588235294,0.8924503850266188,0.2019846202103522,0.23418751041083405,no clear signal,within limits
TD BANK US HOLDING COMPANY,37379,24559.0,27649.50185571387,65.70266727306776,0.8882257672546384,4.8315909397996015e-80,9.452225092086827e-79,BETTER than expected,below 99.8% limit
"MB FINANCIAL, INC.",173,131.0,147.59017426754139,75.72254335260115,0.8875929624050186,0.1816556876835056,0.2131078971219504,no clear signal,within limits
MERCHANTS' CREDIT GUIDE COMPANY,728,535.0,606.0809152945593,73.48901098901099,0.8827204198303893,0.0035162342550664433,0.006447137304990052,BETTER than expected,within limits
AES/PHEAA,16528,12847.0,14582.54682089548,77.72870280735721,0.8809846563695858,1.0552903094254754e-48,1.221498533159988e-47,BETTER than expected,below 99.8% limit
FINANCE OF AMERICA MORTGAGE LLC,170,134.0,152.10939404501647,78.82352941176471,0.8809449333572584,0.14903015013041615,0.17894530603392506,no clear signal,within limits
ERC,12397,9314.0,10580.256246240655,75.13108010002419,0.8803189434385791,3.3990436781886715e-36,3.324839203523989e-35,BETTER than expected,below 99.8% limit
"AMERICAN FIRST FINANCE, INC.",1402,929.0,1055.7530614126442,66.26248216833096,0.8799406167546007,7.433533958957333e-05,0.00018603925529714837,BETTER than expected,below 99.8% limit
"KANSAS COUNSELORS, INC.",318,221.0,251.22185621005337,69.49685534591195,0.8797005297788101,0.05699022088198216,0.07589589338933195,no clear signal,within limits
"TRIVERITY, INC.",174,121.0,137.70699437427652,69.54022988505747,0.8786772273246466,0.1629857832061654,0.19399079080836654,no clear signal,within limits
YSA ARM LLC DBA OXYGEN XL,194,130.0,148.10056978629328,67.01030927835052,0.8777819031188596,0.14362129012144523,0.1731683784537217,no clear signal,within limits
U.S. BANCORP,49598,33450.0,38227.4001538747,67.44223557401509,0.8750268097060095,1.3467645772080201e-137,4.796553840363949e-136,BETTER than expected,below 99.8% limit
"FIRST INVESTORS SERVICING CORPORATION, ATLANTA, GA BRANCH",300,226.0,258.71432171911414,75.33333333333333,0.8735504030015314,0.04174111615659413,0.05809459954059043,no clear signal,within limits
PERFORMANT FINANCIAL CORPORATION,670,500.0,573.0630563064145,74.6268656716418,0.8725043335068035,0.0019902649202136577,0.0038289168617406796,BETTER than expected,below 99.8% limit
"CITIBANK, N.A.",140908,89433.0,102630.82372765237,63.46907201862208,0.8714048738157364,0.0,0.0,BETTER than expected,below 99.8% limit
"COLLECTION BUREAU OF THE HUDSON VALLEY, INC.",693,481.0,552.1269227600475,69.40836940836941,0.8711764997720298,0.002167686108770939,0.004130200281320761,BETTER than expected,within limits
"HARRIS & HARRIS, LTD.",5413,3559.0,4102.665357788668,65.7491224829115,0.8674848396405153,4.111426039090416e-18,2.6196196184846733e-17,BETTER than expected,below 99.8% limit
"HUNTINGTON NATIONAL BANK, THE",8864,6126.0,7077.96447203648,69.11101083032491,0.865503072840011,5.4488411787213775e-31,4.7600254070716935e-30,BETTER than expected,below 99.8% limit
FIRST NATIONAL BANK OF PENNSYLVANIA,981,692.0,802.6508918546627,70.54026503567788,0.862143189551581,6.996808581932699e-05,0.00017670122036917308,BETTER than expected,below 99.8% limit
ENCORE CAPITAL GROUP INC.,66483,43318.0,50259.3143743238,65.15650617451078,0.8618899907263768,9.242221949643936e-221,4.754609736316825e-219,BETTER than expected,below 99.8% limit
TCF NATIONAL BANK,2491,1674.0,1946.858134326541,67.20192693697311,0.8598469351641134,2.584910340283741e-10,1.1185172780853946e-09,BETTER than expected,below 99.8% limit
"EQUIFAX, INC.",4637959,2382427.0,2785022.2686688006,51.36800476243968,0.8554427111057769,0.0,0.0,BETTER than expected,below 99.8% limit
LENDER LIVE,122,96.0,112.23967413805588,78.68852459016394,0.855312533088069,0.13195123720385654,0.1606312607152995,no clear signal,within limits
"W&A INTERMEDIATE CO., LLC",3803,2291.0,2699.652515474418,60.24191427820142,0.8486277351873915,7.40351799311887e-16,4.302714013574106e-15,BETTER than expected,below 99.8% limit
NBT BANCORP INC.,198,139.0,163.9936765180686,70.20202020202021,0.8475936569705793,0.05115894725560913,0.06905712122258609,no clear signal,within limits
"PROFESSIONAL CREDIT MANAGEMENT, INC",403,274.0,325.44646341880014,67.99007444168734,0.8419203488083497,0.0038096162659086654,0.006962574991246232,BETTER than expected,within limits
ACCURATE BACKGROUND,291,171.0,203.47039595923417,58.76288659793814,0.8404170994696462,0.02189565905246361,0.032808058709678484,BETTER than expected,within limits
"REVENUE ENTERPRISES, LLC",122,81.0,96.70893098314696,66.39344262295081,0.8375648368413411,0.11582224127910616,0.14325653885723819,no clear signal,within limits
XOOM CORPORATION,295,209.0,249.93575243854357,70.84745762711864,0.8362148990724757,0.008768893867777771,0.01462184103522608,BETTER than expected,within limits
AMERISAVE MORTGAGE CORPORATION,1755,1325.0,1591.442369095663,75.4985754985755,0.8325780598344451,6.7882892150363424e-12,3.3795461360879856e-11,BETTER than expected,below 99.8% limit
"MERCHANTS AND MEDICAL CREDIT CORPORATION, INC.",598,397.0,479.4846097168085,66.38795986622074,0.8279723518852351,0.00011747478790477167,0.00028133186275815144,BETTER than expected,below 99.8% limit
ROYAL UNITED MORTGAGE LLC,106,79.0,95.62242034856618,74.52830188679245,0.8261660781229595,0.09274917244589276,0.11679836856513602,no clear signal,within limits
CHECK INTO CASH INC.,541,385.0,468.76119941712875,71.1645101663586,0.8213137104323484,7.46741602460926e-05,0.00018655109457162342,BETTER than expected,below 99.8% limit
"BREAD FINANCIAL HOLDINGS, INC.",48934,27790.0,34265.08669416348,56.79077941717415,0.8110296129714328,1.508936717178903e-286,1.103112157979735e-284,BETTER than expected,below 99.8% limit
ALPHA RECOVERY CORP,243,167.0,207.43654924940992,68.72427983539094,0.8050654554574599,0.004265194678797026,0.007674035503690504,BETTER than expected,within limits
"DIRECMANAGEMENT, INC.",109,69.0,86.32976257617445,63.30275229357798,0.79926085675397,0.06331908611205521,0.08297189680155159,no clear signal,within limits
"ORG GC GP BUYER, LLC",1254,856.0,1074.6008126173863,68.2615629984051,0.796574867568782,5.404583307508177e-12,2.7003475590391577e-11,BETTER than expected,below 99.8% limit
"KRAMER & FRANK, P.C.",136,88.0,112.20909638956911,64.70588235294117,0.7842501439854784,0.020969074546905705,0.03167060588349655,BETTER than expected,within limits
PREMIER STUDENT LOAN CENTER,228,160.0,205.29917868447947,70.17543859649123,0.7793504144792565,0.0011951957560317793,0.0024129751528025314,BETTER than expected,below 99.8% limit
"PAYPAL HOLDINGS, INC",41880,27486.0,35269.83853154778,65.63037249283667,0.7793060911071261,0.0,0.0,BETTER than expected,below 99.8% limit
"R.M. GALICIA, INC.",992,636.0,816.2490062514073,64.11290322580645,0.7791739960833839,6.129200837868869e-11,2.7912983487868387e-10,BETTER than expected,below 99.8% limit
FIRST HERITAGE CREDIT LLC,175,117.0,150.18970055539174,66.85714285714286,0.7790148030613392,0.005779712989132709,0.010110858113230899,BETTER than expected,within limits
COMERICA,8603,4927.0,6395.27162820731,57.27071951644775,0.7704129373127364,1.3945271204227033e-81,2.767140243238764e-80,BETTER than expected,below 99.8% limit
"PORTFOLIO RECOVERY ASSOCIATES, LLC",64994,38017.0,49713.901005003536,58.49309167000031,0.764715687794722,0.0,0.0,BETTER than expected,below 99.8% limit
"DIVERSIFIED CONSULTANTS, INC.",4912,3217.0,4214.8996787636015,65.49267100977198,0.7632447377593753,7.255807283026487e-58,9.598396491546466e-57,BETTER than expected,below 99.8% limit
"PROFESSIONAL FINANCE COMPANY, INC.",768,471.0,623.8706887958496,61.328125,0.7549641431449367,1.8779002396249294e-10,8.360267412945599e-10,BETTER than expected,below 99.8% limit
"MNE SERVICES, INC",302,191.0,255.804146892184,63.24503311258278,0.7466649869460577,2.6851042058437344e-05,7.172326426763359e-05,BETTER than expected,below 99.8% limit
"CREDIT PROTECTION ASSOCIATION, L.P.",1035,651.0,876.3318545045323,62.89855072463768,0.7428692642561393,1.7998518578766447e-15,1.0330554671862229e-14,BETTER than expected,below 99.8% limit
CHIME INC.,260,172.0,231.73903859510128,66.15384615384616,0.7422141778214657,4.77481265219903e-05,0.00012304665628765215,BETTER than expected,below 99.8% limit
"SPRING OAKS CAPITAL, LLC",10788,5700.0,7740.164937457331,52.8364849833148,0.7364184156355289,9.113063350701176e-131,3.087328047347301e-129,BETTER than expected,below 99.8% limit
"NATIONAL CREDIT SERVICES, INC.",112,72.0,98.51875258123918,64.28571428571429,0.7308253313563664,0.006256616924372546,0.010849489273350145,BETTER than expected,within limits
"CBC COMPANIES, INC.",58090,24887.0,34077.086761336686,42.84214150456189,0.7303147764449275,0.0,0.0,BETTER than expected,below 99.8% limit
RADIUS GLOBAL SOLUTIONS LLC,8730,4793.0,6642.991874007322,54.90263459335624,0.7215122479306404,4.100750351825663e-126,1.3561767234966301e-124,BETTER than expected,below 99.8% limit
"SOUTHWEST CREDIT SYSTEMS, L.P.",8178,4591.0,6363.051835110222,56.13842015162631,0.7215091309908328,6.997661846661969e-121,2.1129896315246686e-119,BETTER than expected,below 99.8% limit
TAPTAP SEND INC.,139,88.0,122.1285998450396,63.30935251798561,0.7205519437024335,0.001443857709102158,0.0028747214246771934,BETTER than expected,below 99.8% limit
"PLS GROUP, INC",244,145.0,202.0469610439338,59.42622950819672,0.7176549414592318,2.9524645304995742e-05,7.841249011212063e-05,BETTER than expected,below 99.8% limit
"ALLIANCE ONE, INC.",1073,615.0,865.9633214797552,57.315936626281456,0.71019174224272,2.8394283358399296e-19,1.8961374800392607e-18,BETTER than expected,below 99.8% limit
"BAY AREA RECEIVABLES, INC",171,96.0,138.50136530047976,56.14035087719298,0.6931339614719846,0.000168664586389909,0.0003937396815051825,BETTER than expected,below 99.8% limit
"MEDICAL SOCIETY BUSINESS SERVICES, INC.",233,137.0,200.9477133282765,58.798283261802574,0.6817693903099615,2.1724127496807563e-06,6.44760963527045e-06,BETTER than expected,below 99.8% limit
"TRANSUNION INTERMEDIATE HOLDINGS, INC.",4753547,1900257.0,2842841.0240291273,39.975559303400175,0.6684359005438815,0.0,0.0,BETTER than expected,below 99.8% limit
"THE CBE GROUP, INC.",4719,2438.0,3699.3186540883926,51.66348802712439,0.6590402795675859,2.4207853323269015e-108,6.113583321094666e-107,BETTER than expected,below 99.8% limit
"TROJAN PROFESSIONAL SERVICES, INC.",118,63.0,99.35361307500693,53.389830508474574,0.6340987312906095,0.0001248423646453879,0.0002974374691122535,BETTER than expected,below 99.8% limit
"ACCELERATED FINANCIAL SOLUTIONS, LLC",187,94.0,156.6885765681484,50.26737967914438,0.5999161014722517,8.658894338548235e-08,3.0371727869301763e-07,BETTER than expected,below 99.8% limit
"ACRA INTERMEDIATE HOLDINGS, LLC",134,71.0,122.02037918162705,52.985074626865675,0.5818700161086753,7.641969110242431e-07,2.4179259895505095e-06,BETTER than expected,below 99.8% limit
"SEQUIUM ASSET SOLUTIONS, LLC",4937,2188.0,3855.2262935004205,44.31841199108771,0.5675412630612059,6.053842858114644e-188,2.7125121709423356e-186,BETTER than expected,below 99.8% limit
TURNING POINT SOLUTIONS LLC,231,106.0,189.2769163902632,45.887445887445885,0.560026029700539,5.7873188183816756e-11,2.64427165747768e-10,BETTER than expected,below 99.8% limit
"ACCOUNT CONTROL TECHNOLOGY, INC.",410,196.0,352.5454951691079,47.80487804878049,0.5559566146377317,1.2301969458906608e-19,8.335334428498185e-19,BETTER than expected,below 99.8% limit
"ASCENSION POINT RECOVERY SERVICES, LLC",173,80.0,144.0934442451978,46.24277456647399,0.5551952791403011,7.995012709559967e-09,3.05924866489774e-08,BETTER than expected,below 99.8% limit
"STANISLAUS CREDIT CONTROL SERVICE, INC.",124,58.0,105.87171525800137,46.774193548387096,0.5478328169016472,5.27573390177844e-07,1.720186476424942e-06,BETTER than expected,below 99.8% limit
NORTHLAND GROUP INC,443,182.0,368.74441852700477,41.08352144469526,0.4935667927585766,5.942076936775522e-27,4.826634424082573e-26,BETTER than expected,below 99.8% limit
MUFG AMERICAS HOLDINGS CORPORATION,434,171.0,348.5835198864744,39.40092165898618,0.4905567539615492,6.989232908759002e-26,5.547454005866431e-25,BETTER than expected,below 99.8% limit
"RELIANT CAPITAL SOLUTIONS, LLC",857,320.0,666.6566972709064,37.33955659276546,0.48000717807228893,2.4085034194648047e-50,2.8350942793530626e-49,BETTER than expected,below 99.8% limit
FIRST ADVANTAGE LNS INC.,632,233.0,503.42578182245194,36.86708860759494,0.4628288983462797,3.1567290699709103e-41,3.3470967009080876e-40,BETTER than expected,below 99.8% limit
STONEGATE MORTGAGE CORPORATION,157,64.0,145.24514821013457,40.76433121019108,0.44063433986385203,5.5110519779663746e-14,2.9901762489825367e-13,BETTER than expected,below 99.8% limit
GATESTONE & CO. INTERNATIONAL INC.,257,93.0,211.97342907326063,36.18677042801556,0.43873423384521487,5.903801583484667e-20,4.059594257158516e-19,BETTER than expected,below 99.8% limit
NCSPLUS INCORPORATED,157,55.0,127.11023929475051,35.031847133757964,0.43269527541729225,9.243174169673975e-13,4.72013563296954e-12,BETTER than expected,below 99.8% limit
"DYNAMIC RECOVERY SOLUTIONS, LLC",1767,630.0,1477.1464369670546,35.65365025466893,0.4264979992732103,9.650861167603522e-137,3.351261540450323e-135,BETTER than expected,below 99.8% limit
"MRS BPO, LLC",2953,924.0,2308.4542505004197,31.2902133423637,0.4002678414786423,6.427043807616152e-236,3.570865539511534e-234,BETTER than expected,below 99.8% limit
"STONELEIGH RECOVERY ASSOCIATES, LLC",154,52.0,130.14272775926875,33.76623376623377,0.3995613192938978,1.1013915889852155e-14,6.193655534819694e-14,BETTER than expected,below 99.8% limit
"THE CMI GROUP, INC.",3080,984.0,2495.373521191507,31.948051948051948,0.39432974328033804,8.241742676713598e-261,5.203536626343267e-259,BETTER than expected,below 99.8% limit
"GOLD KEY CREDIT, INC.",273,89.0,232.9610376114567,32.6007326007326,0.38203813355449745,6.383721728367421e-27,5.155226442268807e-26,BETTER than expected,below 99.8% limit
IQOR US INC,1909,589.0,1573.3178321472758,30.853850183342065,0.3743680952221386,3.6595301524430067e-178,1.4950257005127462e-176,BETTER than expected,below 99.8% limit
VAN RU CREDIT CORPORATION,217,66.0,181.07498142380618,30.4147465437788,0.3644898896635915,1.3763303669166552e-22,1.0114935871149386e-21,BETTER than expected,below 99.8% limit
"EMPOWERMENT VENTURES, LLC",1062,194.0,535.8133576483066,18.267419962335218,0.3620663748501327,1.2583413666071326e-64,1.9420401757970082e-63,BETTER than expected,below 99.8% limit
"OXFORD LAW, LLC",147,42.0,120.07115378332777,28.571428571428573,0.3497925911146847,3.3698617013717983e-16,1.9833635183073846e-15,BETTER than expected,below 99.8% limit
"THE REGIONAL ADJUSTMENT BUREAU, INCORPORATED",142,40.0,119.83243330470403,28.169014084507044,0.33379944725223065,4.6085973850932514e-17,2.8199743470901e-16,BETTER than expected,below 99.8% limit
ORACLE FINANCIAL GROUP LLC.,197,55.0,166.6948212130925,27.918781725888326,0.32994426341350674,1.5151354749713732e-23,1.143762594964803e-22,BETTER than expected,below 99.8% limit
"ASPEN NATIONAL FINANCIAL, INC.",274,67.0,218.46862635448161,24.452554744525546,0.30668019073497316,5.70497299962232e-33,5.112391933209937e-32,BETTER than expected,below 99.8% limit
"ATLANTIC CREDIT & FINANCE, INC.",256,65.0,218.36519823242722,25.390625,0.29766648040139715,5.611788387883773e-34,5.162102033622888e-33,BETTER than expected,below 99.8% limit
"SELECT MANAGEMENT RESOURCES, LLC",374,73.0,332.45332748575515,19.518716577540108,0.21957969424483464,2.894748759775717e-66,4.569097758327807e-65,BETTER than expected,below 99.8% limit
"PROFESSIONAL MEDICAL MANAGEMENT, INC.",200,34.0,171.31555550747223,17.0,0.1984641727325049,2.9775877534745244e-37,3.018882766113952e-36,BETTER than expected,below 99.8% limit
"CREDIT BUREAU COLLECTION SERVICES, INC.",272,36.0,232.41938568712,13.235294117647058,0.15489241525000302,1.1233897197770803e-57,1.4583068418414623e-56,BETTER than expected,below 99.8% limit
NATIONS RECOVERY CENTER,142,12.0,119.36476190904831,8.450704225352112,0.10053218226283207,5.6146254406953485e-36,5.415774123004055e-35,BETTER than expected,below 99.8% limit
"KRIYA CAPITAL, LLC",17943,1074.0,13403.974154444353,5.985621133589701,0.08012549021842855,0.0,0.0,BETTER than expected,below 99.8% limit
MEDICAL-COMMERCIAL AUDIT INC,334,15.0,250.52044965209785,4.491017964071856,0.05987535157641128,2.478719689373521e-85,5.138718878417643e-84,BETTER than expected,below 99.8% limit
"MEDIA COLLECTIONS, INC",343,5.0,273.0966826845347,1.4577259475218658,0.018308534365376043,6.412738915282965e-109,1.649498954320007e-107,BETTER than expected,below 99.8% limit
"REVCO MANAGEMENT, LLC",817,10.0,630.4479310937411,1.2239902080783354,0.015861738149653953,8.803071686000612e-253,5.3162898138499355e-251,BETTER than expected,below 99.8% limit
THE LAW OFFICES OF MITCHELL D. BLUHM & ASSOCIATES,855,6.0,708.2176901022227,0.7017543859649122,0.008471971378085702,9.404875699750785e-294,7.684336674678729e-292,BETTER than expected,below 99.8% limit
"CAPIO PARTNERS, LLC",3816,17.0,2991.488075579305,0.44549266247379454,0.005682790494395646,0.0,0.0,BETTER than expected,below 99.8% limit
"WINDHAM PROFESSIONALS, INC.",326,0.0,279.4571639008996,0.0,0.0,8.596581506004984e-122,2.6534781581868718e-120,BETTER than expected,below 99.8% limit
