company_name,n,observed,expected,rate_pct,sir,p_value,q_value,signal,years_observed,years_worse,persistent_worse
IPAC'S INC.,533,532.0,1.7550813025702232,99.81238273921201,303.11986072720066,0.0,0.0,WORSE than expected,2.0,2.0,True
ENTRATA INC.,350,206.0,0.9441827475016534,58.857142857142854,218.17810222129614,0.0,0.0,WORSE than expected,3.0,3.0,True
"BETTERNOI, LLC",132,48.0,0.22390636721815282,36.36363636363637,214.37532391936588,8.223526386441021e-93,1.0486882272617449e-91,WORSE than expected,1.0,1.0,False
"PORANIA, LLC",195,141.0,1.477865263779776,72.3076923076923,95.40788558720133,2.013390803826376e-220,5.830444202747214e-219,WORSE than expected,1.0,1.0,False
NOVO PLATFORM INC.,148,101.0,1.1196786879580438,68.24324324324324,90.20444979996319,6.363008284756461e-156,1.2115865090152714e-154,WORSE than expected,1.0,1.0,False
"CARCO GROUP, INC.",149,16.0,0.25672036693899825,10.738255033557047,62.32462266541521,2.672305451214007e-23,1.3125457869920388e-22,WORSE than expected,,,
"ON-SITE MANAGER, INC.",125,89.0,1.4327545614479527,71.2,62.11810619542256,2.3300091162516197e-123,3.810250201870295e-122,WORSE than expected,1.0,1.0,False
"MERCHANTS & MEDICAL ADJUSTMENT BUREAU, INC. DBA CREDIT BUREAU ASSOCIATES",340,330.0,6.363798715366727,97.05882352941177,51.855819889957516,0.0,0.0,WORSE than expected,2.0,2.0,True
COOLEY ENTERPRISES INC,141,132.0,2.590981070528727,93.61702127659575,50.94595306057697,5.164939710410182e-171,1.0877676056772959e-169,WORSE than expected,,,
"ACCSCIENT, LLC",252,252.0,5.235343293311183,100.0,48.134379329424696,0.0,0.0,WORSE than expected,3.0,3.0,True
"CONSOLIDATED INFORMATION SERVICES SOLUTIONS, LLC",169,34.0,0.7122347196507305,20.118343195266274,47.73707186961217,3.3086911834047434e-44,2.370660177800306e-43,WORSE than expected,2.0,1.0,False
"IMPRINT PAYMENTS, INC.",364,233.0,5.117015456744163,64.01098901098901,45.534355322868706,2.009088764549875e-289,9.308777942414421e-288,WORSE than expected,1.0,1.0,False
TCLUB INC,271,231.0,5.451550600212715,85.23985239852398,42.3732653221611,6.706775972407078e-280,2.663548171898811e-278,WORSE than expected,1.0,1.0,False
CREDIT SERVICE COMPANY,108,104.0,2.5268668513641157,96.29629629629629,41.157688994913265,1.174821662383088e-125,1.9674724225451714e-124,WORSE than expected,,,
ACCURATE BACKGROUND,291,52.0,1.3731689265264744,17.869415807560138,37.86861106123162,9.35541233110386e-62,8.611935854459844e-61,WORSE than expected,,,
LOQBOX US INC,128,46.0,1.2542920594363152,35.9375,36.67407415516337,3.579380385076378e-54,2.997192009190461e-53,WORSE than expected,,,
"A & O RECOVERY SOLUTIONS, LLC",223,223.0,6.101047341918718,100.0,36.55110139333368,2.575316379705005e-256,8.730950653146236e-255,WORSE than expected,2.0,2.0,True
AMERITECH FINANCIAL,217,197.0,5.398517644035193,90.78341013824885,36.49149877608805,1.6835595968208309e-226,5.2003285324021225e-225,WORSE than expected,2.0,2.0,True
"PALMAR, INC.",113,104.0,2.898033519432577,92.03539823008849,35.88640341895106,1.2604923408266893e-119,1.991004947442157e-118,WORSE than expected,1.0,1.0,False
MICROBILT / PRBC (FORMERLY CL VERIFY),2126,153.0,4.360000550453171,7.196613358419567,35.09173868890852,9.099391097394147e-174,2.0076434325996608e-172,WORSE than expected,6.0,5.0,False
STATE HOME MORTGAGE,144,100.0,2.988453815441385,69.44444444444444,33.46211993750699,3.8980945431658595e-112,5.764203632979303e-111,WORSE than expected,,,
MARAUDER CORPORATION,320,306.0,9.525594782027934,95.625,32.123978292393275,0.0,0.0,WORSE than expected,2.0,2.0,True
"RELAY FINANCIAL (US), CORP.",344,88.0,2.7960719806488235,25.58139534883721,31.472723380883693,1.3443753748676876e-96,1.7968093952558516e-95,WORSE than expected,2.0,2.0,True
"BETTER MORTGAGE, INC.",382,209.0,6.720548936062381,54.712041884816756,31.098650123430932,4.1849012120295156e-226,1.2645679749393535e-224,WORSE than expected,2.0,2.0,True
SUNNOVA ENERGY CORPORATION,115,83.0,2.7582616442115806,72.17391304347827,30.09141651742203,1.2424098846554913e-89,1.514868192693976e-88,WORSE than expected,1.0,1.0,False
TELERECOVERY CORPORATION,346,290.0,9.811233796935564,83.81502890173411,29.55795427997837,7.488181306165631e-307,3.589162763989734e-305,WORSE than expected,2.0,2.0,True
"PACIFIC PREMIER BANCORP, INC.",100,32.0,1.1379375136180494,32.0,28.121052005972317,1.576417935492024e-34,9.485804893220403e-34,WORSE than expected,,,
"KLS FINANCIAL SERVICES, INC",357,241.0,8.577978950907012,67.50700280112045,28.095196010537812,3.5133848044204e-250,1.1627630662248467e-248,WORSE than expected,2.0,2.0,True
CRESCO CAPITAL INC.,102,37.0,1.3241268719995807,36.27450980392157,27.94294170929847,1.300217404444405e-39,8.525010340460957e-39,WORSE than expected,,,
"INNOVATE MANAGED HOLDINGS, LLC",228,106.0,3.8162846692186365,46.49122807017544,27.775705742020268,1.7948810091130905e-110,2.626194318597048e-109,WORSE than expected,,,
LCI ACQUISITION INC.,3271,110.0,4.0011443311848645,3.362885967594008,27.49213497315293,4.155658283327995e-114,6.278657623723818e-113,WORSE than expected,4.0,4.0,True
CREDIT CARD ACQUISITIONS GROUP,295,198.0,7.435990154150816,67.11864406779661,26.627254191491254,2.0712590733905358e-201,5.645196298064401e-200,WORSE than expected,2.0,2.0,True
"SNAP US HOLDINGS, LLC",101,93.0,3.575003342876442,92.07920792079207,26.01396168910218,1.4345645319363282e-94,1.8811742447089588e-93,WORSE than expected,1.0,1.0,False
CCM FINANCE LLC,430,193.0,7.536505978745894,44.883720930232556,25.608683990205765,3.185729084214304e-193,8.051206231014333e-192,WORSE than expected,3.0,2.0,False
"WILLIAMS, RUSH & ASSOCIATES, LLC",646,480.0,19.138874117527283,74.30340557275542,25.079845191124303,0.0,0.0,WORSE than expected,3.0,3.0,True
"CREDIT COLLECTIONS U.S.A., L.L.C.",277,254.0,10.976450076869474,91.69675090252707,23.14045053010816,5.150301535237071e-243,1.66486491487896e-241,WORSE than expected,1.0,1.0,False
AUTOMOTIVE CREDIT CORPORATION,409,132.0,5.843362280720103,32.27383863080684,22.589734070661294,8.585165706430744e-126,1.4552902843827723e-124,WORSE than expected,4.0,4.0,True
"NOVAD MANAGEMENT CONSULTING, LLC",201,79.0,3.527659334164948,39.30348258706468,22.394452671462545,1.2256541914922028e-75,1.3206661443210556e-74,WORSE than expected,2.0,2.0,True
GIGGLE FINANCE INC.,107,83.0,3.736039329861211,77.57009345794393,22.21604021579809,4.095257122953224e-79,4.482210551893686e-78,WORSE than expected,1.0,1.0,False
"AMERASSIST A/R SOLUTIONS, INC.",575,338.0,15.456501455940579,58.78260869565217,21.867820539045237,0.0,0.0,WORSE than expected,4.0,3.0,False
"MOBILOANS, LLC",904,904.0,41.9573796024496,100.0,21.545673456385767,0.0,0.0,WORSE than expected,9.0,9.0,True
"THE THOMAS AGENCY, INC.",218,186.0,8.961949074140934,85.3211009174312,20.75441385141205,4.925072886774335e-170,1.0067428400906361e-168,WORSE than expected,,,
ALABAMA HOUSING FINANCE AUTHORITY,217,68.0,3.413299304651871,31.336405529953918,19.922073609930745,5.035805005168904e-62,4.6665126381231845e-61,WORSE than expected,,,
"AC AUTOPAY LLC, DENVER, CO BRANCH",200,72.0,3.6482418483940386,36.0,19.735533715149533,2.6417559658701954e-65,2.5500283281663692e-64,WORSE than expected,,,
FINANCIAL ACCOUNTS SERVICE TEAM INC.,168,100.0,5.073063804931316,59.523809523809526,19.71195392866814,4.755805635068206e-90,5.8500617988892097e-89,WORSE than expected,,,
PREMIER STUDENT LOAN CENTER,228,114.0,5.822646465347457,50.0,19.578726044669317,4.103246006662059e-102,5.591678381627707e-101,WORSE than expected,2.0,1.0,False
NELSON CRUZ & ASSOCIATES LLC,374,217.0,11.302451694443054,58.02139037433155,19.199374247862515,4.136887525537321e-191,1.0088199404380483e-189,WORSE than expected,3.0,3.0,True
SG AND ASSOCIATES,482,221.0,11.621149253753957,45.850622406639005,19.017052029394666,9.870942047868817e-194,2.540853601210677e-192,WORSE than expected,5.0,5.0,True
ALCHRO INC.,294,180.0,10.146546988197713,61.224489795918366,17.740025272575277,5.672890186116494e-153,1.0655834268516117e-151,WORSE than expected,1.0,1.0,False
DIVERSIFIED ACCEPTANCE CORPORATION,106,81.0,4.661162964697484,76.41509433962264,17.37763742943002,4.863337622240447e-69,4.828599496367301e-68,WORSE than expected,,,
UNITED AUTO ACCEPTANCE,114,38.0,2.188297071710404,33.333333333333336,17.36510115159943,3.812618507515506e-33,2.2360927111588832e-32,WORSE than expected,,,
"PROSPECT MORTGAGE, LLC",112,35.0,2.0639486852266593,31.25,16.957785942316857,2.6946057081619075e-30,1.49223184635261e-29,WORSE than expected,,,
SIGUE CORP.,261,101.0,5.975551342592448,38.69731800766284,16.902206040820648,1.4857107381774922e-84,1.6927360049727166e-83,WORSE than expected,1.0,1.0,False
"APPFOLIO, INC.",215,14.0,0.8377862076845751,6.511627906976744,16.71070718470335,8.820781626007147e-13,3.119818437697184e-12,WORSE than expected,2.0,1.0,False
"CREDIT TECHNOLOGIES, INC.",233,25.0,1.5011601923898026,10.729613733905579,16.653785603121236,7.850235582411184e-22,3.74976888644383e-21,WORSE than expected,1.0,0.0,False
WESTCREEK FINANCIAL,1244,488.0,29.519923183751235,39.22829581993569,16.5312083287741,0.0,0.0,WORSE than expected,5.0,3.0,False
"LEWIS, MCDONNELL & ASSOCIATES",199,78.0,4.804298920670726,39.19597989949749,16.235459385010635,2.264154979453822e-64,2.1409356608440904e-63,WORSE than expected,1.0,1.0,False
PREMIUM CREDIT BUREAU,231,15.0,0.9582339735767169,6.4935064935064934,15.65379689473,3.2897817834237476e-13,1.1846623520619194e-12,WORSE than expected,2.0,0.0,False
GLOBAL SOLUTION BIZ LLC.,142,61.0,3.916358729629676,42.95774647887324,15.575692680677404,1.2269005567615303e-49,9.634981773438006e-49,WORSE than expected,,,
"FIDELITY CAPITAL HOLDINGS, INC",585,343.0,22.984883051554366,58.63247863247863,14.922851651264088,1.0323776233151823e-265,3.776328674758166e-264,WORSE than expected,4.0,4.0,True
"BILT TECHNOLOGIES, INC.",666,133.0,8.967541281127057,19.96996996996997,14.83126710327051,9.326354974747525e-104,1.3094579206968749e-102,WORSE than expected,2.0,2.0,True
FIRST ADVANTAGE CORPORATION,1821,96.0,6.511593558481152,5.271828665568369,14.742934911065344,4.176817099762078e-75,4.465981360514837e-74,WORSE than expected,11.0,7.0,False
CONDUENT INCORPORATED,2356,895.0,64.60366297546203,37.988115449915114,13.853703625751713,0.0,0.0,WORSE than expected,8.0,8.0,True
"MANHATTAN BEACH VENTURE, LLC",163,143.0,10.744699665624443,87.73006134969326,13.308887586453478,3.492636943577561e-105,4.953842195482459e-104,WORSE than expected,,,
"PDQ SERVICES, INC.",274,118.0,9.177178403476143,43.065693430656935,12.857982575047666,1.902296302194082e-85,2.1852825289667554e-84,WORSE than expected,,,
"MCCALLA RAYMER LEIBERT PIERCE, LLC",196,78.0,6.195247336274275,39.795918367346935,12.590296362067116,2.357547843922433e-56,2.0481196894076138e-55,WORSE than expected,,,
THE PHOENIX RECOVERY GROUP,624,229.0,18.34419817662428,36.69871794871795,12.483511015041861,1.5257545505338405e-161,2.987040598932448e-160,WORSE than expected,3.0,3.0,True
RENT RECOVERY SOLUTIONS,3268,1078.0,86.3553116775217,32.98653610771114,12.483308543029711,0.0,0.0,WORSE than expected,10.0,4.0,False
"THE STARK COLLECTION AGENCY, INC.",241,84.0,6.74261883375555,34.85477178423236,12.458067417287639,3.234620507762358e-60,2.8821298114036397e-59,WORSE than expected,2.0,2.0,True
"WILLIAM D. MEEKER ENTERPRISES, INC.",287,13.0,1.067535107028913,4.529616724738676,12.177585462440357,2.794774758579936e-10,8.992446561171552e-10,WORSE than expected,2.0,2.0,True
"COAST TO COAST FINANCIAL SOLUTIONS, INC.",199,93.0,7.667433085744999,46.733668341708544,12.129222252086175,1.6490162370815308e-65,1.602889908771558e-64,WORSE than expected,,,
PROFIT SERVICES GROUP,200,89.0,7.753684294489604,44.5,11.47841421184128,8.341811573120395e-61,7.578508553357744e-60,WORSE than expected,1.0,1.0,False
ESSENTIAL LENDING INC,249,73.0,6.426867693812192,29.31726907630522,11.358565864096537,7.636896087040388e-50,6.065877463420651e-49,WORSE than expected,2.0,2.0,True
"LAW OFFICES OF ROBERT J. COLCLOUGH, III",199,74.0,6.5230168692479715,37.185929648241206,11.344444063737543,1.8081043323322624e-50,1.4527543479432628e-49,WORSE than expected,,,
GREEN SQUARE COMPANY LLC.,244,182.0,16.045660243610417,74.59016393442623,11.34263079467077,8.446568034949181e-122,1.3495091458137198e-120,WORSE than expected,1.0,1.0,False
"ABSOLUTE RECOVERY SERVICES, LLC",260,71.0,6.261491092977285,27.307692307692307,11.33915211979326,1.8014242856338684e-48,1.38341423040391e-47,WORSE than expected,2.0,2.0,True
"APEX ASSET MANAGEMENT, LLC",205,89.0,7.956096024446068,43.41463414634146,11.186390878960829,6.768634438489582e-60,5.9926126557328145e-59,WORSE than expected,,,
ASPEN YO LLC,471,80.0,7.165097926060588,16.985138004246284,11.165234700983977,6.201316424770652e-54,5.130851089542385e-53,WORSE than expected,4.0,3.0,False
WEINBERG MEDIATION GROUP LLC,105,57.0,5.108614707383642,54.285714285714285,11.157623595613133,7.724983886855996e-39,4.925563120518273e-38,WORSE than expected,1.0,1.0,False
"TESLA, INC.",697,131.0,11.79286518947531,18.7948350071736,11.108411560314671,4.723178560142666e-87,5.6112976056395775e-86,WORSE than expected,5.0,4.0,False
"ROC ASSET SOLUTIONS, LLC",111,84.0,7.648564201324847,75.67567567567568,10.982453410726412,5.2544974649139e-56,4.5364916001430566e-55,WORSE than expected,,,
UNIVERSAL RECOVERY CORPORATION,165,68.0,6.211413678069634,41.21212121212121,10.947588346930527,1.537617480694821e-45,1.1368554777477665e-44,WORSE than expected,,,
U.S. AUTO SALES INC.,212,37.0,3.3866229426345944,17.452830188679247,10.925337903491602,2.1543134044138938e-25,1.100917511814453e-24,WORSE than expected,1.0,1.0,False
"CAPITAL ACCOUNTS, LLC",1471,564.0,51.9498850912687,38.34126444595513,10.856616891627974,0.0,0.0,WORSE than expected,11.0,7.0,False
CAPITALJ INC. DBA JUNO,259,20.0,1.8591319932607997,7.722007722007722,10.757708474975608,3.418013537066524e-14,1.2669436844059915e-13,WORSE than expected,2.0,1.0,False
FINCO SERVICES INC DBA CURRENT,2304,267.0,25.127786988159368,11.588541666666666,10.625687018352028,5.466782741443435e-171,1.1341534344188619e-169,WORSE than expected,7.0,5.0,False
"RENT RECOVER, LLC",140,85.0,8.052920330183198,60.714285714285715,10.55517706805207,2.5268126044334803e-55,2.1547665767868328e-54,WORSE than expected,,,
"GMA INVESTMENTS, LLC",196,107.0,10.189007905593522,54.59183673469388,10.501513100334288,5.016855864227557e-69,4.945694788139223e-68,WORSE than expected,,,
CRITICAL RESOLUTION MEDIATION LLC,108,65.0,6.227414729133522,60.18518518518518,10.437718190810788,2.2549981933960004e-42,1.559426611353453e-41,WORSE than expected,,,
HIGH POINT ASSET INC,145,126.0,12.20280907969172,86.89655172413794,10.325491382938456,3.664730845821341e-80,4.075180700553331e-79,WORSE than expected,1.0,1.0,False
FINANCIAL DATA SYSTEMS,357,112.0,10.849359151760728,31.372549019607842,10.32319037773062,2.0081988929049326e-71,2.0227510587955482e-70,WORSE than expected,2.0,2.0,True
"RESIDENTIAL CREDIT SOLUTIONS, INC.",812,172.0,16.766194558456085,21.182266009852217,10.258738165080592,2.1738738789062524e-108,3.147588220499678e-107,WORSE than expected,5.0,4.0,False
COMMERCIAL RECOVERY SYSTEMS,200,108.0,10.577976079954729,54.0,10.209892628199459,1.8396804251051967e-68,1.8008139372508616e-67,WORSE than expected,1.0,1.0,False
PROFESSIONAL RECOVERY MANAGEMENT,1166,376.0,36.85026627997346,32.24699828473413,10.203454084790152,4.579445243561666e-234,1.4466883837615262e-232,WORSE than expected,8.0,7.0,False
INTEGRATED RECOVERY SERVICES,208,147.0,14.439479657479454,70.67307692307692,10.18042225114781,1.9557619658396046e-92,2.471371938651864e-91,WORSE than expected,2.0,2.0,True
ADIR INTERNATIONAL LLC,369,49.0,4.867116824800456,13.279132791327914,10.067561918859205,1.3300215278174402e-31,7.576761982238697e-31,WORSE than expected,3.0,3.0,True
"DIRECT RECOVERY SERVICES, LLC",433,190.0,18.92880705989532,43.87990762124711,10.037610896386344,6.21123636598447e-118,9.592909498576015e-117,WORSE than expected,4.0,4.0,True
ROBINHOOD MARKETS INC.,4851,635.0,63.936539380186936,13.090084518655948,9.931723020291866,0.0,0.0,WORSE than expected,7.0,7.0,True
GLOBAL RECOVERY GROUP,114,70.0,7.226054553522918,61.40350877192982,9.687167385952394,1.794791446932333e-43,1.2663756909827122e-42,WORSE than expected,1.0,1.0,False
AMERICAN INTERNET MORTGAGE,170,26.0,2.7265459192081103,15.294117647058824,9.535874608541844,7.642931854171766e-17,3.199902191957456e-16,WORSE than expected,,,
"HAPPY MONEY, INC.",358,79.0,8.332716151493582,22.067039106145252,9.480702158064005,3.314187492482345e-48,2.5311651728299227e-47,WORSE than expected,3.0,1.0,False
"RECOVERY SOLUTIONS GROUP, LLC",122,44.0,4.666420014310689,36.0655737704918,9.429069793345544,2.150498844670161e-27,1.1496897669582784e-26,WORSE than expected,,,
"BRITE FINANCIAL SERVICES, INC.",104,18.0,1.9259201715147711,17.307692307692307,9.346181771305025,6.728336125544178e-12,2.3149473303233683e-11,WORSE than expected,,,
FIRST ADVANTAGE LNS INC.,632,173.0,18.592764824498328,27.373417721518987,9.304694682742964,2.016009734721022e-102,2.8022535312622206e-101,WORSE than expected,6.0,5.0,False
"AUGUSTA COLLECTION AGENCY, INC.",119,35.0,3.808688469519779,29.41176470588235,9.189515047003304,1.0191718590907667e-21,4.851537274438924e-21,WORSE than expected,,,
"CAPITAL MARKETS COOPORATIVE, LLC",108,14.0,1.5263884326066905,12.962962962962964,9.171977264064752,2.066802030911185e-09,6.4849996003759525e-09,WORSE than expected,,,
"MB FINANCIAL, INC.",173,36.0,3.934873137056479,20.809248554913296,9.148960778677138,3.074534490899806e-22,1.483889910538448e-21,WORSE than expected,2.0,2.0,True
"JTM CAPITAL MANAGEMENT, LLC",147,45.0,4.943786021797558,30.612244897959183,9.102335700127657,2.280817058177301e-27,1.2146880118262253e-26,WORSE than expected,,,
"APPLIED BUSINESS SERVICES, INC.",168,50.0,5.51588557433356,29.761904761904763,9.064727562997188,3.5709820287661505e-30,1.9697083412638687e-29,WORSE than expected,,,
"P&B CAPITAL GROUP, LLC",597,155.0,17.16191975045531,25.963149078726968,9.03162363265845,3.764682811893862e-90,4.6722402754754176e-89,WORSE than expected,4.0,2.0,False
"COLONY BRANDS, INC.",2942,495.0,55.183858454785195,16.82528891910265,8.970014309629644,9.613818735666097e-283,4.0494569825987495e-281,WORSE than expected,11.0,7.0,False
SOLAR MOSAIC LLC,991,281.0,31.823037823289404,28.355196770938445,8.830080948285605,1.347529703481563e-159,2.6014809553324618e-158,WORSE than expected,4.0,3.0,False
CONRAD CREDIT CORPORATION,108,42.0,4.822640501998004,38.888888888888886,8.708922007062219,6.432471961415201e-25,3.2513221914062293e-24,WORSE than expected,,,
"RESIDENTCOLLECT, INC.",788,227.0,26.208244758150876,28.80710659898477,8.661396522153664,1.403008852483928e-127,2.437727881190825e-126,WORSE than expected,6.0,5.0,False
D. SCOTT CARRUTHERS,168,89.0,10.284220178819895,52.976190476190474,8.65403486627925,5.660143915505969e-51,4.628000025031351e-50,WORSE than expected,,,
"UETSA TSAKITS, INC. D/B/A MAXLEND",130,43.0,5.103635893265614,33.07692307692308,8.42536593504636,6.246091137247747e-25,3.1686374747351707e-24,WORSE than expected,,,
CONCORD RESOLUTION INC (CLOSED),122,87.0,10.329090575652486,71.31147540983606,8.422813156956389,5.873302175824488e-49,4.560832415863708e-48,WORSE than expected,1.0,1.0,False
"WORLDWIDE PROCESSING GROUP, LLC",164,73.0,8.696411106043099,44.51219512195122,8.394267371890068,3.161732871571064e-41,2.1334022774193103e-40,WORSE than expected,1.0,1.0,False
CHIME INC.,260,40.0,4.791208893329237,15.384615384615385,8.34862367526736,3.8035114987939903e-23,1.861577811029453e-22,WORSE than expected,3.0,3.0,True
"PROFESSIONAL DEBT MEDIATION, INC.",2146,522.0,63.6202302739737,24.324324324324323,8.204937293563116,3.340911911802897e-280,1.3658433992370668e-278,WORSE than expected,13.0,5.0,False
"BAY AREA RECEIVABLES, INC",171,38.0,4.673438550345926,22.22222222222222,8.131058018765916,1.133144335010849e-21,5.375667664385939e-21,WORSE than expected,1.0,0.0,False
"NEIGHBORHOOD ASSISTANCE CORPORATION OF AMERICA (""NACA"")",147,21.0,2.6025513023473685,14.285714285714286,8.069005203109377,1.7383762444935269e-12,6.10187621173233e-12,WORSE than expected,,,
FINANCE OF AMERICA MORTGAGE LLC,170,22.0,2.7438953522419265,12.941176470588236,8.017798485654595,5.721871979330755e-13,2.04457636279428e-12,WORSE than expected,,,
RENTON COLLECTIONS INC.,194,65.0,8.235437183359373,33.50515463917526,7.892720028432711,2.4292908993681187e-35,1.4810150658428443e-34,WORSE than expected,,,
CREDIT BUREAU SERVICES ASSOCIATION,244,61.0,7.847129879949261,25.0,7.773542802683218,6.661135360380279e-33,3.8579075628869114e-32,WORSE than expected,,,
CLARITY SERVICES,372,33.0,4.270131100311801,8.870967741935484,7.728099963392312,2.3466271494132547e-18,1.0161407282505994e-17,WORSE than expected,4.0,4.0,True
INTERCONTINENTAL CAPITAL GROUP,102,13.0,1.6992074652979672,12.745098039215685,7.650625521304642,6.571409917695078e-08,1.918962139831126e-07,WORSE than expected,,,
SIERRA HOLDINGS LLC,118,30.0,3.924524165851268,25.423728813559322,7.644238825445658,1.1093963003726366e-16,4.616948675203488e-16,WORSE than expected,,,
RIVERWALK FINANCIAL CORPORATION,637,175.0,22.96987786478266,27.47252747252747,7.61867350928798,3.450241917085572e-90,4.3205732114855356e-89,WORSE than expected,4.0,3.0,False
ATLANTIC RECOVERY SOLUTIONS LLC,513,142.0,18.67449664199473,27.680311890838208,7.603953280361734,2.178884566096163e-73,2.260186229010199e-72,WORSE than expected,2.0,2.0,True
VIRGINIA HOUSING DEVELOPMENT AUTHORITY,109,14.0,1.857698938856993,12.844036697247706,7.53620498303882,2.3789426086751052e-08,7.050597496926218e-08,WORSE than expected,,,
AMERICAN NEIGHBORHOOD MORTGAGE,115,13.0,1.7365034355084845,11.304347826086957,7.4863082526487075,8.420415071751043e-08,2.438411864527906e-07,WORSE than expected,,,
SERVICER UNDER CONTRACT WITH FEDERAL STUDENT AID,7407,7407.0,1002.6874889635886,100.0,7.387147123632832,0.0,0.0,WORSE than expected,2.0,2.0,True
CONSUMER COLLECTION MANAGEMENT. INC,423,99.0,13.546146674639242,23.404255319148938,7.308351398951358,3.638161485366338e-50,2.9063473934823046e-49,WORSE than expected,3.0,3.0,True
WATERFALL REVENUE GROUP,226,61.0,8.369429920145352,26.991150442477878,7.288429508582421,2.032309036021975e-31,1.1483372195408721e-30,WORSE than expected,,,
"RICHLAND HOLDINGS, INC.",123,29.0,3.994471579330672,23.577235772357724,7.260034130687029,1.3297399077465255e-15,5.265921571987666e-15,WORSE than expected,,,
SOLO FUNDS INC.,154,35.0,4.8350925142849706,22.727272727272727,7.238744635515194,1.5976071051893803e-18,6.93960586316637e-18,WORSE than expected,1.0,1.0,False
SOUTHERN AUTO FINANCE CO,452,45.0,6.355156923347936,9.955752212389381,7.080863705296788,4.658307808833409e-23,2.2719466155362943e-22,WORSE than expected,3.0,2.0,False
"HOME LOAN CENTER, INC.",476,89.0,12.701342197793757,18.69747899159664,7.007133467788895,7.51229255493651e-44,5.327595230286606e-43,WORSE than expected,1.0,1.0,False
"CREDIT KARMA, LLC",5100,304.0,43.403965435843126,5.96078431372549,7.003968345918824,8.275698296581616e-146,1.5337627509664596e-144,WORSE than expected,12.0,9.0,False
1ST FRANKLIN FINANCIAL CORPORATION,850,136.0,19.817899581863138,16.0,6.862483051658204,3.967022077744171e-65,3.776822389085204e-64,WORSE than expected,5.0,2.0,False
"SENSIBLE AUTO LENDING, LLC",244,18.0,2.631890288149854,7.377049180327869,6.839190858769991,9.565445440751967e-10,3.0286945700786414e-09,WORSE than expected,2.0,1.0,False
"VIRTUOSO SOURCING GROUP, LLC.",217,73.0,10.687376530186532,33.64055299539171,6.830488267519279,1.5290147185662632e-35,9.362689245846281e-35,WORSE than expected,,,
"UNITED ACCOUNTS, INC.",135,28.0,4.101156937655965,20.74074074074074,6.827341753959684,1.8322855969350975e-14,6.920861357988547e-14,WORSE than expected,,,
"AMERICAN CREDIT ACCEPTANCE, LLC",3968,395.0,57.9853746930429,9.954637096774194,6.8120625604475435,7.776990609888099e-185,1.832206262329569e-183,WORSE than expected,11.0,7.0,False
INVESTORS BANK,198,23.0,3.4005567644233126,11.616161616161616,6.763598314436749,5.049381951976015e-12,1.7459305754344926e-11,WORSE than expected,,,
"MERCHANTS CREDIT BUREAU, INC.",120,22.0,3.2723981569152247,18.333333333333332,6.722898298151662,1.6684129340048615e-11,5.656326776260384e-11,WORSE than expected,,,
"HOVG, LLC",714,214.0,31.980502642960744,29.971988795518207,6.69157712713761,1.5610285760840876e-99,2.1066307968513417e-98,WORSE than expected,6.0,6.0,True
CROW CREEK SIOUX TRIBE,288,95.0,14.270691072888317,32.986111111111114,6.657000667646887,6.780810590015718e-45,4.934726031477407e-44,WORSE than expected,2.0,2.0,True
"ULRS, INC.",116,24.0,3.633173414258426,20.689655172413794,6.605795337434694,2.7864683951823553e-12,9.731635852521291e-12,WORSE than expected,,,
WORLDREMIT CORP.,304,39.0,5.9246319711568844,12.828947368421053,6.582687361825209,4.1831997766045e-19,1.8342737190789448e-18,WORSE than expected,2.0,2.0,True
ACADEMY MORTGAGE CORPORATION,189,21.0,3.1945219452098668,11.11111111111111,6.5737535569255225,7.335941860270465e-11,2.4163410392833996e-10,WORSE than expected,,,
"CHECKR, INC",1903,33.0,5.072779971821323,1.7341040462427746,6.5053087623179,3.178201247165118e-16,1.2955131183458988e-15,WORSE than expected,9.0,4.0,False
E*TRADE BANK,284,37.0,5.750869176785194,13.028169014084508,6.433810066373906,7.010995553491215e-18,2.989350864832144e-17,WORSE than expected,,,
STATEBRIDGE COMPANY,825,99.0,15.387970030369708,12.0,6.4335971414431885,1.784409378947302e-45,1.31234340568082e-44,WORSE than expected,8.0,5.0,False
ROYAL UNITED MORTGAGE LLC,106,10.0,1.5560828097631167,9.433962264150944,6.426393208162428,1.1248750343416674e-05,2.8172545905133656e-05,WORSE than expected,,,
"FEDCHEX RECOVERY, LLC",238,43.0,6.701329384122385,18.067226890756302,6.4166372872046695,1.6065989985892785e-20,7.345962526444399e-20,WORSE than expected,2.0,2.0,True
"ARCADIA HOLDINGS, LLC",221,58.0,9.06923009617135,26.244343891402714,6.395250686658086,4.00381737197479e-27,2.116085987469566e-26,WORSE than expected,,,
"RECEIVABLE COLLECTION SERVICES, LLC",112,20.0,3.13064893857383,17.857142857142858,6.388451848935517,3.4474122848336475e-10,1.101586914004315e-09,WORSE than expected,,,
"S&S PHYSICIAN SERVICES, INC.",180,33.0,5.207125844904876,18.333333333333332,6.337469264794165,6.613807362257856e-16,2.6569919750111043e-15,WORSE than expected,,,
TATE AND KIRLIN ASSOC,317,70.0,11.074583139363416,22.082018927444796,6.3207796735203985,3.8846806435420677e-32,2.231283510133667e-31,WORSE than expected,,,
GOOGLE COMPARE CREDIT CARDS INC.,1314,162.0,25.873303234521124,12.32876712328767,6.261280151652749,8.542326054455174e-72,8.730759717421097e-71,WORSE than expected,9.0,6.0,False
ATLANTICUS SERVICES CORPORATION,5471,406.0,64.95944646704683,7.420946810455127,6.250053257549832,4.532182383590834e-177,1.0160860505147192e-175,WORSE than expected,11.0,6.0,False
"FIRST HELP FINANCIAL, LLC",215,10.0,1.6054122479239143,4.651162790697675,6.228929680168935,1.4703659535965548e-05,3.6173604876092235e-05,WORSE than expected,2.0,1.0,False
DEUTSCHE BANK,167,18.0,2.8932902045969224,10.778443113772456,6.221290892770178,4.1141122471947475e-09,1.2679858145456095e-08,WORSE than expected,,,
"AMERICAN FINANCIAL RESOURCES, INC.",195,20.0,3.230688856185371,10.256410256410257,6.190630200029525,5.883768720723911e-10,1.875788651790421e-09,WORSE than expected,,,
"OPEN DEALER EXCHANGE, LLC",1527,27.0,4.378094785035539,1.768172888015717,6.167066115673608,5.632566855036138e-13,2.017852558891812e-12,WORSE than expected,6.0,3.0,False
"TRIDENT ASSET MANAGEMENT, L.L.C.",1350,304.0,49.39334237685901,22.51851851851852,6.154675617627879,2.471464218512997e-131,4.461474368484502e-130,WORSE than expected,13.0,12.0,False
LEXISNEXIS,66054,668.0,108.91207650329942,1.0112937899294516,6.133387788082099,1.554389385055959e-285,6.969681436218655e-284,WORSE than expected,13.0,7.0,False
"PAYACTIV, INC.",108,23.0,3.757842775448053,21.296296296296298,6.120532809480747,3.576736929762393e-11,1.1979914053902954e-10,WORSE than expected,,,
"HOPE BANCORP, INC.",108,8.0,1.3147219097359135,7.407407407407407,6.08493700512449,0.0001388657813315357,0.00030687350723503115,WORSE than expected,,,
PRINCE PARKER & ASSOCIATES,628,103.0,17.005602748876086,16.401273885350317,6.056827359842177,5.60005758930139e-45,4.096884236383648e-44,WORSE than expected,5.0,5.0,True
"FIRST INTERSTATE BANCSYSTEM, INC.",253,18.0,2.9839637400690204,7.1146245059288535,6.0322448822999615,6.584557467597524e-09,2.0071348420966137e-08,WORSE than expected,1.0,1.0,False
"ID ANALYTICS, INC.",8266,121.0,20.173599823129987,1.463827728042584,5.997937951622683,3.8790120336081615e-52,3.190430015807896e-51,WORSE than expected,10.0,7.0,False
BENHT: ECONOMIC DEVELOPMENT CORPORATION,116,33.0,5.520430112477993,28.448275862068964,5.977795086185243,3.3608435412457145e-15,1.3049085257909336e-14,WORSE than expected,1.0,1.0,False
"RIA ENVIA, LLC",474,56.0,9.596466150113281,11.814345991561181,5.835481428686012,2.2880507479420167e-24,1.1399249246019366e-23,WORSE than expected,3.0,3.0,True
"CASCADE CAPITAL, LLC",390,77.0,13.203381857187088,19.743589743589745,5.831839208534748,5.998377568648473e-33,3.488596159172125e-32,WORSE than expected,2.0,2.0,True
MAJR FINANCIAL CORP,109,6.0,1.0359626226770755,5.504587155963303,5.791714747869129,0.0014252562756282533,0.0027592008678597106,WORSE than expected,,,
"COLLINS ASSET GROUP, LLC",244,44.0,7.742171585715899,18.0327868852459,5.68316001691035,5.076989713135698e-19,2.2191873274398174e-18,WORSE than expected,1.0,1.0,False
"CLGF HOLDCO 1, LLC",9094,416.0,73.4402202636313,4.574444688805806,5.66447102836386,1.3611974294971547e-166,2.7029491814300644e-165,WORSE than expected,6.0,2.0,False
TOMOCREDIT INC.,368,50.0,8.827463445010677,13.58695652173913,5.664141269059599,2.2814645353384566e-21,1.0749951539391372e-20,WORSE than expected,3.0,3.0,True
"CLICK N' CLOSE, INC.",153,14.0,2.488539973533615,9.15032679738562,5.625788674843197,7.958820380721734e-07,2.1522880017905076e-06,WORSE than expected,,,
"CCS FINANCIAL SERVICES, INC.",28437,4173.0,742.5169186839877,14.674543728241376,5.620073960598886,0.0,0.0,WORSE than expected,13.0,7.0,False
"PALM BEACH CREDIT ADJUSTORS, INC",265,53.0,9.458395395734513,20.0,5.603487460875404,2.311959619575899e-22,1.1197295718503482e-21,WORSE than expected,,,
GREAT AMERICAN FINANCE CO,272,32.0,5.713702418596667,11.764705882352942,5.60057168813133,5.0444791774262586e-14,1.8599008107751989e-13,WORSE than expected,,,
SOP PIONEER PARTNERS LP,110,15.0,2.6885673723879435,13.636363636363637,5.579179511755078,3.456336579050109e-07,9.589436816127049e-07,WORSE than expected,1.0,1.0,False
"MOMNT TECHNOLOGIES, INC.",160,26.0,4.70853102226547,16.25,5.521892045959234,1.690822292593939e-11,5.718352765706996e-11,WORSE than expected,1.0,1.0,False
"SKOPOS FINANCIAL, LLC",508,63.0,11.51859069801231,12.401574803149606,5.469419102709458,9.022957022422575e-26,4.645151948580511e-25,WORSE than expected,3.0,3.0,True
"BERMAN & RABIN, P.A.",114,25.0,4.605099663726701,21.92982456140351,5.4287641583349835,5.961193783896754e-11,1.9728712760991638e-10,WORSE than expected,,,
"AQUA FINANCE, INC.",997,141.0,26.185908897871236,14.142427281845537,5.384575366465988,4.8553098978365146e-55,4.115171193898022e-54,WORSE than expected,6.0,2.0,False
"PROFESSIONAL MEDICAL MANAGEMENT, INC.",200,47.0,8.729468102685047,23.5,5.384062287316628,2.5726071171805666e-19,1.13162148508892e-18,WORSE than expected,,,
"STERN RECOVERY SERVICES, INC.",116,13.0,2.420718026640061,11.206896551724139,5.3703074281823335,3.3726340961288974e-06,8.79542475350688e-06,WORSE than expected,1.0,1.0,False
"MED-1 SOLUTIONS, LLC",146,38.0,7.098261528129443,26.027397260273972,5.353423489598288,8.516772976929637e-16,3.4018144936586773e-15,WORSE than expected,,,
FUNDO LLC,121,25.0,4.679933056264129,20.66115702479339,5.341956754389317,8.305046813502713e-11,2.716238840180887e-10,WORSE than expected,1.0,1.0,False
"REVERSE MORTGAGE SOLUTIONS, INC.",543,48.0,9.011644280170362,8.839779005524862,5.326441935310453,1.6286875508450333e-19,7.186906970395544e-19,WORSE than expected,5.0,4.0,False
ARM WNY LLC,134,40.0,7.515174158569282,29.850746268656717,5.322564608085555,1.7806358792411797e-16,7.36632104805131e-16,WORSE than expected,1.0,1.0,False
"CANEEL CAPITAL, LLC",113,13.0,2.4587921409322484,11.504424778761061,5.287148833602122,3.989591607727018e-06,1.0346142415560738e-05,WORSE than expected,,,
"ARC MANAGEMENT GROUP, LLC",216,39.0,7.401481711337333,18.055555555555557,5.269215208660335,5.871910320814915e-16,2.3726614377711432e-15,WORSE than expected,,,
ONE SOURCE TECHNOLOGY,338,5.0,0.9620769410745594,1.4792899408284024,5.197089532585012,0.006221838791568348,0.011101868960564832,WORSE than expected,2.0,2.0,True
COLLECTION BUREAU OF AMERICA LTD.,900,169.0,32.68987263731102,18.77777777777778,5.169796832035057,3.177638959941925e-63,2.964374600214279e-62,WORSE than expected,12.0,7.0,False
"DIAZ & ASSOCIATES, INC.",173,29.0,5.629898971208169,16.76300578034682,5.151069343927612,5.801151971276613e-12,2.0008936079589312e-11,WORSE than expected,,,
GENESIS LENDING,512,44.0,8.553413496514896,8.59375,5.144145085225668,1.8489027741849296e-17,7.835289195478817e-17,WORSE than expected,2.0,0.0,False
YSA ARM LLC DBA OXYGEN XL,194,27.0,5.2490263634411685,13.917525773195877,5.143811086195284,3.280482924224727e-11,1.1014181798725531e-10,WORSE than expected,,,
U.S. AUTO CREDIT CORPORATION,237,22.0,4.288991158333577,9.282700421940929,5.129411366879052,2.4440420216169144e-09,7.600041185788615e-09,WORSE than expected,1.0,1.0,False
"WESBANCO BANK, INC.",193,13.0,2.5376156862616552,6.7357512953367875,5.1229191521712405,5.59407813588981e-06,1.4293692295747862e-05,WORSE than expected,,,
ZARVAD III S.A.,153,53.0,10.364315692773351,34.64052287581699,5.113699888257448,1.21537155175174e-20,5.593928665347413e-20,WORSE than expected,,,
"CLEAR DEBT SOLUTIONS, LLC",110,38.0,7.435202384009798,34.54545454545455,5.110822548922553,3.579667823466958e-15,1.3859995193924991e-14,WORSE than expected,,,
INCOMM HOLDINGS INC.,3478,740.0,145.15641992598842,21.27659574468085,5.097948822224379,2.670313184688946e-267,1.0310375907548986e-265,WORSE than expected,8.0,8.0,True
BAM MANAGEMENT US HOLDINGS INC.,866,95.0,18.69242285022305,10.969976905311778,5.082273216329813,1.1774338342839218e-35,7.241739069268369e-35,WORSE than expected,3.0,3.0,True
GROW CREDIT INC,256,14.0,2.764564861346764,5.46875,5.064088094203681,2.691064460442184e-06,7.05769735851818e-06,WORSE than expected,3.0,2.0,False
"AVA FINANCE, INC",1009,52.0,10.308693997407731,5.153617443012884,5.044285921482987,4.982405217286091e-20,2.2392974001060504e-19,WORSE than expected,3.0,3.0,True
"NATIONWIDE CAPITAL SERVICES, LLC",545,76.0,15.223954007451876,13.944954128440367,4.992132790390673,2.406300670304825e-28,1.3065460670795731e-27,WORSE than expected,3.0,3.0,True
GEORGIA STUDENT FINANCE AUTHORITY,310,104.0,20.84085596507441,33.54838709677419,4.990198107711392,3.1638966176417863e-38,2.008135296128805e-37,WORSE than expected,2.0,2.0,True
"MIDSTATE COLLECTION SOLUTIONS, INC.",111,17.0,3.4320130538560254,15.315315315315315,4.953361112918762,2.8474518698316397e-07,7.995874947608038e-07,WORSE than expected,,,
"OLIPHANT FINANCIAL, LLC",409,46.0,9.35276138906561,11.246943765281173,4.918333536636461,1.8099219906243434e-17,7.693552192562194e-17,WORSE than expected,3.0,1.0,False
"COASTAL CREDIT, LLC",124,21.0,4.274639579940277,16.93548387096774,4.912694885095647,1.1964648105204642e-08,3.591978588819536e-08,WORSE than expected,,,
"BALANCED HEALTHCARE RECEIVABLES, LLC",121,22.0,4.484381563248673,18.181818181818183,4.905916164739176,5.41190063257853e-09,1.660605271365156e-08,WORSE than expected,,,
"PERSOLVE, LLC - LEGAL - SERIES 2",376,49.0,10.090954440432274,13.03191489361702,4.855834033267219,2.6578188342008594e-18,1.147319310415899e-17,WORSE than expected,3.0,2.0,False
STONEGATE MORTGAGE CORPORATION,157,12.0,2.472559812072019,7.643312101910828,4.853269854751838,2.262847811470789e-05,5.423031824042063e-05,WORSE than expected,1.0,1.0,False
"COLLECTION SERVICES OF ATHENS, INC.",183,36.0,7.493795342052234,19.672131147540984,4.803974268950494,1.15563068669923e-13,4.227175406610341e-13,WORSE than expected,,,
"AUSSRQ HOLDINGS, LLC",116,9.0,1.883994013935208,7.758620689655173,4.7770852420073115,0.00030723472797980017,0.0006549942820428255,WORSE than expected,1.0,1.0,False
"ALPINE CREDIT, INC",135,22.0,4.610131987217221,16.296296296296298,4.772097645143495,8.82802335424782e-09,2.667598361392276e-08,WORSE than expected,,,
NEW CITY FUNDING CORP.,162,13.0,2.7383493888425403,8.024691358024691,4.747385433344905,1.252497390017208e-05,3.108877450221284e-05,WORSE than expected,,,
"APPLE FINANCIAL HOLDINGS, INC.",208,16.0,3.4028571724589036,7.6923076923076925,4.7019311093913485,1.2812734372723488e-06,3.438166173375608e-06,WORSE than expected,,,
SUNLIGHT FINANCIAL LLC,310,48.0,10.229983760710459,15.483870967741936,4.692089559745935,2.184753274760727e-17,9.230416571177541e-17,WORSE than expected,3.0,3.0,True
AMERICAN FINANCIAL NETWORK INC.,257,19.0,4.073186757361658,7.392996108949417,4.664652305878297,1.359378968072294e-07,3.8879357317294e-07,WORSE than expected,,,
"PROFESSIONAL BUREAU OF COLLECTIONS OF MARYLAND, INC., GREENWOOD VILLAGE, CO BRANCH",356,62.0,13.294881752045528,17.415730337078653,4.663448773469594,6.311615379392261e-22,3.0252225439156007e-21,WORSE than expected,2.0,2.0,True
"SPECIALIZED COLLECTION SYSTEMS, INC.",126,13.0,2.812215372399458,10.317460317460318,4.622690042728857,1.6547233426711143e-05,4.042294281744902e-05,WORSE than expected,,,
MIDAMERICA MORTGAGE INC,209,16.0,3.5000211378915096,7.655502392344498,4.571400962920685,1.8369131745775444e-06,4.872727695921349e-06,WORSE than expected,2.0,2.0,True
CARD CORPORATION,405,31.0,6.805355788341791,7.654320987654321,4.555235753155756,2.2478680288250232e-11,7.56546382582756e-11,WORSE than expected,3.0,1.0,False
PRIMARY RESIDENTIAL MORTGAGE,274,19.0,4.221651495587032,6.934306569343065,4.500608356672984,2.3346702827514222e-07,6.609351716954128e-07,WORSE than expected,,,
"SOUTHWEST RECOVERY SERVICES, INC.",1065,130.0,28.953408120835256,12.206572769953052,4.489972284349153,1.1096907921391054e-42,7.751106538057068e-42,WORSE than expected,7.0,4.0,False
EATON GROUP ATTORNEYS LLC,116,19.0,4.285888117438495,16.379310344827587,4.433153521365262,2.9285790663534604e-07,8.207106657724415e-07,WORSE than expected,,,
"WAYPOINT RESOURCE GROUP, LLC",2573,301.0,67.96974751066095,11.69840652934318,4.428440755246128,2.8536546056295477e-95,3.777695144595306e-94,WORSE than expected,9.0,4.0,False
"IMPAC MORTGAGE HOLDINGS, INC.",177,12.0,2.7401165875325515,6.779661016949152,4.37937570050838,6.090527225438289e-05,0.00013993112137783838,WORSE than expected,,,
"CARTER-YOUNG, INC.",982,123.0,28.19804039401541,12.525458248472505,4.362005241545253,2.8774662587908334e-39,1.8603153952182598e-38,WORSE than expected,9.0,4.0,False
"BLIKSUM, LLC",701,133.0,30.53291047387186,18.97289586305278,4.355955522609383,2.8481434613465247e-42,1.9598610946889452e-41,WORSE than expected,8.0,3.0,False
"TRIBAL LENDING ENTERPRISE, INC.",351,81.0,18.610547597990927,23.076923076923077,4.3523705884261155,2.6133858585212424e-26,1.3554501281136294e-25,WORSE than expected,2.0,2.0,True
FIRST HOME MORTGAGE CORPORATION,128,8.0,1.856591285622327,6.25,4.308972072611238,0.0013696568946640337,0.002655262320199452,WORSE than expected,,,
"PLATINUM HOLDINGS GROUP, LLC",445,125.0,29.042253227907782,28.089887640449437,4.304073758295133,2.544701589925271e-39,1.660626859153111e-38,WORSE than expected,3.0,3.0,True
"PLUSFOUR, INC",494,69.0,16.031898493224322,13.96761133603239,4.303919465879975,2.2990644256445724e-22,1.117377465610474e-21,WORSE than expected,5.0,2.0,False
ARMY AND AIR FORCE EXCHANGE SERVICE,2481,174.0,40.47132004337441,7.013301088270858,4.299340861961474,4.723904477465648e-54,3.931872589028294e-53,WORSE than expected,12.0,2.0,False
TFC CREDIT CORPORATION OF CALIFORNIA,149,31.0,7.212737418799614,20.80536912751678,4.297952108890053,9.215295736789435e-11,3.0068687967458485e-10,WORSE than expected,,,
KINGSTON DATA & CREDIT INTERNATIONAL INC.,416,43.0,10.015985832174382,10.336538461538462,4.293137063140701,2.0473354325925316e-14,7.67060984178873e-14,WORSE than expected,4.0,2.0,False
ACTIVEHOURS,279,47.0,11.137689354979985,16.845878136200717,4.219905808289125,2.315084718061528e-15,9.01391528881099e-15,WORSE than expected,2.0,0.0,False
"NATIONS DIRECT MORTGAGE, LLC",180,11.0,2.6102297682547886,6.111111111111111,4.214188395895373,0.00017942654974500624,0.00039091364286137725,WORSE than expected,,,
"CAPITAL LINK MANAGEMENT, LLC",119,14.0,3.3289685560030198,11.764705882352942,4.2055068302625624,2.158407679421054e-05,5.1816695585410444e-05,WORSE than expected,,,
"WEBCOLLEX, LLC",360,48.0,11.438727765256239,13.333333333333334,4.196270860278206,1.4326751153242584e-15,5.6574386656270436e-15,WORSE than expected,2.0,0.0,False
"BALLYBUNION ENTERPRISES, INC",150,26.0,6.213610689125901,17.333333333333332,4.184362571266521,5.446037826285746e-09,1.6673992463738298e-08,WORSE than expected,,,
"UNIVERSAL ACCOUNT SERVICING, LLC",160,35.0,8.372830270927714,21.875,4.1801874476695895,1.161394909111259e-11,3.9567130481976717e-11,WORSE than expected,,,
KASHIA SERVICES,258,57.0,13.706261032426765,22.093023255813954,4.15868338310115,4.586836558112847e-18,1.96780951104224e-17,WORSE than expected,1.0,1.0,False
SOLIDUS GROUP LLC.,238,67.0,16.27124487956646,28.15126050420168,4.117693544403542,9.035007900818964e-21,4.172312618650618e-20,WORSE than expected,2.0,1.0,False
"AUTOVEST, L.L.C.",116,15.0,3.6734759698800503,12.931034482758621,4.083326016826998,1.5013673605269825e-05,3.6871035885733316e-05,WORSE than expected,,,
"BEPENSA CAPITAL, INC.",295,23.0,5.701703233814179,7.796610169491525,4.033882343015957,8.253260595806025e-08,2.394996289805924e-07,WORSE than expected,1.0,0.0,False
"RS CLARK AND ASSOCIATES, INC.",705,90.0,22.474785798829338,12.76595744680851,4.0044875535449105,1.3922295631285115e-26,7.247936676961165e-26,WORSE than expected,5.0,4.0,False
TRANSFERWISE LTD,2060,136.0,34.23754114632703,6.601941747572815,3.9722478731388087,4.845930194460053e-39,3.1184458195830895e-38,WORSE than expected,7.0,7.0,True
"EASTPOINT RECOVERY GROUP, INC",143,24.0,6.101344617909452,16.783216783216783,3.933559158345541,6.739333173481744e-08,1.9638727696309485e-07,WORSE than expected,,,
SENEX SERVICES CORP.,230,50.0,12.804631733627653,21.73913043478261,3.9048370183649634,5.6231155006514435e-15,2.1651331152092816e-14,WORSE than expected,,,
"NATIONWIDE BIWEEKLY ADMINISTRATION, INC.",141,14.0,3.655354847897901,9.929078014184396,3.8299975194066405,5.927088761628011e-05,0.00013685470728675973,WORSE than expected,1.0,1.0,False
"HERITAGE FINANCIAL GROUP, INC.",104,8.0,2.0930351071650355,7.6923076923076925,3.8222005797293113,0.0029115936980300037,0.005396153653682274,WORSE than expected,,,
STERLING INFOSYSTEMS INC.,563,11.0,2.891100130621437,1.9538188277087034,3.80478001556991,0.0004291830512074363,0.000899795537222227,WORSE than expected,5.0,1.0,False
"MIB GROUP, INC.",526,4.0,1.0522698946977445,0.7604562737642585,3.80130612892709,0.04472378648958288,0.06720655483299481,no clear signal,3.0,1.0,False
JOHNSON MARK P.C.,370,50.0,13.227787439510164,13.513513513513514,3.7799216406104827,1.892191962943918e-14,7.108504941870395e-14,WORSE than expected,2.0,2.0,True
PARAMOUNT RESIDENTIAL MORTGAGE GROUP,284,16.0,4.24902652949235,5.633802816901408,3.765568392888239,2.042392060033633e-05,4.911634884855969e-05,WORSE than expected,,,
COLLECTION CONSULTANTS OF CALIFORNIA,296,53.0,14.149309541485819,17.905405405405407,3.7457658159646474,4.416706847755467e-15,1.7053395884389163e-14,WORSE than expected,2.0,2.0,True
KBR INC DBA RASH CURTIS & ASSOCIATES,687,101.0,27.17989187564161,14.701601164483261,3.7159824057473663,3.278557372074015e-27,1.7393873080850692e-26,WORSE than expected,8.0,6.0,False
"CLEARONE ADVANTAGE, LLC",144,31.0,8.369149227473134,21.52777777777778,3.7040802066519865,3.0517639591983384e-09,9.427071319087851e-09,WORSE than expected,,,
"UNITED RESOURCE SYSTEMS, INC",166,23.0,6.234140932460153,13.855421686746988,3.6893615734996876,3.8864926222766493e-07,1.0697474742504043e-06,WORSE than expected,,,
DHI MORTGAGE COMPANY,228,13.0,3.5278888410558156,5.701754385964913,3.6849233594642965,0.00016420908336310005,0.0003588846318784734,WORSE than expected,,,
"BENUCK & RAINEY, INC.",100,15.0,4.07993728734221,15.0,3.676527099212213,4.9834259336115073e-05,0.00011544936746199991,WORSE than expected,,,
CHERRY TECHNOLOGIES INC.,609,57.0,15.64487392261848,9.35960591133005,3.6433658898070505,1.2988485397936435e-15,5.158284200894755e-15,WORSE than expected,3.0,3.0,True
MIDWEST RECOVERY SYSTEMS,1933,306.0,84.13743921720321,15.830315571650285,3.6369065049632927,3.694150922113893e-77,4.0116170169830557e-76,WORSE than expected,5.0,3.0,False
"FACTORTRUST, INC.",1915,14.0,3.8495971974479635,0.7310704960835509,3.636744127224818,0.00010242798641475747,0.00023112808622810532,WORSE than expected,7.0,2.0,False
"REVENUE ENTERPRISES, LLC",122,16.0,4.4009971239262935,13.114754098360656,3.6355397537105874,3.1138557879839234e-05,7.360985621254514e-05,WORSE than expected,,,
DIGNIFI,366,21.0,5.861967476896406,5.737704918032787,3.5824149626838877,2.0324662400207637e-06,5.381196330721641e-06,WORSE than expected,4.0,2.0,False
"ENHANCED ACQUISITIONS, LLC",229,50.0,14.019658838198374,21.83406113537118,3.566420593899798,1.6017912243437032e-13,5.813289299837461e-13,WORSE than expected,1.0,1.0,False
"ACCELERATED FINANCIAL SOLUTIONS, LLC",187,30.0,8.492052796229455,16.0427807486631,3.532714729861343,1.5735936022404735e-08,4.703860445407007e-08,WORSE than expected,1.0,1.0,False
"FEDERAL ADJUSTMENT BUREAU, INC.",279,25.0,7.137753622500954,8.960573476702509,3.502502513002179,3.06726665634217e-07,8.544089483598429e-07,WORSE than expected,3.0,0.0,False
"NATIONAL ACCOUNT SYSTEMS OF OMAHA, LLC",110,11.0,3.1419661867672026,10.0,3.50099248245507,0.0008563070763620003,0.0017150818964599144,WORSE than expected,,,
DATAMAX CORPORATION,260,36.0,10.284872720583888,13.846153846153847,3.5002863893444687,6.963376335529564e-10,2.214895447685605e-09,WORSE than expected,,,
"PREFERRED COLLECTION AND MANAGEMENT, INC.",145,20.0,5.744889370586928,13.793103448275861,3.4813551158003753,5.5178477343837335e-06,1.4124877257446389e-05,WORSE than expected,,,
"CERTIFIED CREDIT REPORTING, INC.",106,2.0,0.5763891975490916,1.8867924528301887,3.469877659929007,0.22837908852776864,0.28470576955479676,no clear signal,,,
"LTD FINANCIAL SERVICES, L.P.",423,60.0,17.30264688011588,14.184397163120567,3.467677541807301,1.9814034022156172e-15,7.802126711273961e-15,WORSE than expected,1.0,1.0,False
"THUNDERBIRD COLLECTION SPECIALISTS, INC.",203,29.0,8.401555926285608,14.285714285714286,3.4517415886346567,4.496444814304118e-08,1.3297996365707926e-07,WORSE than expected,,,
"INTERNATIONAL COMPUTER SYSTEMS, INC.",378,40.0,11.59678926387088,10.582010582010582,3.449230566310079,1.1730672074348397e-10,3.8186496916497123e-10,WORSE than expected,3.0,3.0,True
TEXAS HIGHER EDUCATION COORDINATING BOARD,102,14.0,4.093547699358537,13.72549019607843,3.420016335022507,0.00019371092142978465,0.00042005956441092145,WORSE than expected,,,
"BROWN AND JOSEPH, LTD",212,29.0,8.533269202842265,13.679245283018869,3.3984630404418357,6.225204715930859e-08,1.8216914852934512e-07,WORSE than expected,,,
TMX FINANCE LLC,1229,189.0,55.865051144337464,15.378356387306754,3.383152724798986,4.924132465017549e-44,3.5100226289099454e-43,WORSE than expected,10.0,5.0,False
ROCKLOANS HOLDINGS LLC,159,15.0,4.458080465729387,9.433962264150944,3.3646768189380016,0.0001330476746572142,0.0002958980284376444,WORSE than expected,,,
"SERVICING SOLUTIONS, LLC",232,13.0,3.87920370618679,5.603448275862069,3.3512032325775545,0.0004099890520376393,0.0008621554952077438,WORSE than expected,2.0,2.0,True
"MALEN & ASSOCIATES, P.C.",108,12.0,3.586175793914472,11.11111111111111,3.346182867098509,0.0007160847014586288,0.0014530769854415972,WORSE than expected,,,
"AMCOL SYSTEMS, INC.",697,104.0,31.42210550627823,14.921090387374463,3.309771841330636,3.2208159009670387e-24,1.5989050365514943e-23,WORSE than expected,5.0,1.0,False
"MEADE & ASSOCIATES, INC.",256,38.0,11.61010013136209,14.84375,3.2730122539900837,1.431169294566253e-09,4.510941767453723e-09,WORSE than expected,,,
DENEFITS LLC,239,15.0,4.630129530585604,6.2761506276150625,3.239650187087282,0.00020050421838476627,0.00043411349463368397,WORSE than expected,3.0,2.0,False
SEZZLE INC.,1426,92.0,28.509352720794922,6.451612903225806,3.227011181242798,6.946262673606582e-21,3.2184350387710497e-20,WORSE than expected,5.0,3.0,False
"INGO MONEY, INC.",145,10.0,3.11226048610603,6.896551724137931,3.2130986608102683,0.0028832773134930185,0.005350808365494388,WORSE than expected,,,
AMERICA FIRST FEDERAL CREDIT UNION,913,38.0,11.8318877411434,4.16210295728368,3.211659950749988,2.371851560397001e-09,7.392093428143119e-09,WORSE than expected,7.0,4.0,False
"PMAB,LLC",376,57.0,17.849085031431827,15.159574468085106,3.1934410026970186,2.7667283700674953e-13,9.988967362061866e-13,WORSE than expected,4.0,3.0,False
"HEALTHCARE RECEIVABLES GROUP, INC.",106,12.0,3.779895320185279,11.320754716981131,3.1746910915543016,0.0011309580031460572,0.0022298320913092477,WORSE than expected,,,
"PROCOLLECT, INC.",6256,572.0,180.19043093213935,9.143222506393862,3.1744194019682332,7.865823367485132e-119,1.2284825259330711e-117,WORSE than expected,13.0,5.0,False
"CALIFORNIA BUSINESS BUREAU, INC.",484,59.0,18.65801943927808,12.190082644628099,3.1621791472569525,1.5752852772617971e-13,5.732058993177743e-13,WORSE than expected,3.0,3.0,True
RETAIL MERCHANTS ASSOCIATES,202,18.0,5.704565604266586,8.910891089108912,3.1553673405977407,6.034523957782111e-05,0.00013887397849862804,WORSE than expected,,,
DFC GLOBAL CORP.,237,32.0,10.212523590832234,13.50210970464135,3.133407694521886,7.875495586037418e-08,2.290154574182429e-07,WORSE than expected,,,
LENDING CLUB CORP,1486,161.0,51.83517384146612,10.834454912516824,3.105999036337875,1.3504008369678257e-33,8.021611809338794e-33,WORSE than expected,7.0,2.0,False
ARBOR RESIDENTIAL MORTGAGE LLC,336,20.0,6.503030727845143,5.9523809523809526,3.0754890814774356,3.238194054559269e-05,7.641918057448869e-05,WORSE than expected,3.0,2.0,False
"KEYNOTE CONSULTING, INC.",176,17.0,5.539492291459848,9.659090909090908,3.068873302018787,0.0001376682931574031,0.000304826741238938,WORSE than expected,,,
SIERRA PACIFIC MORTGAGE,147,7.0,2.288942478057242,4.761904761904762,3.0581808267813293,0.018272034654445372,0.029880150787857728,WORSE than expected,,,
SN SERVICING CORPORATION,949,53.0,17.367134248560163,5.584826132771338,3.05174125111597,1.0001574591970762e-11,3.415771175144806e-11,WORSE than expected,9.0,3.0,False
BRIGHT CAPITAL INC,199,18.0,6.00644301346037,9.045226130653266,2.9967819489275445,0.00011536332832804834,0.00025822065438967345,WORSE than expected,2.0,0.0,False
"RELIABLE CREDIT ASSOCIATION, INC.",173,11.0,3.6708266308755277,6.358381502890174,2.9966002500576807,0.0029578981023339183,0.00546739143915445,WORSE than expected,,,
"THE LAW OFFICES OF JENNIFER MCCOY, PC",100,7.0,2.3508535440295644,7.0,2.9776418942718994,0.020907500712183526,0.03379235580225012,WORSE than expected,,,
"PHELAN HALLINAN DIAMOND & JONES, PC",105,8.0,2.705963653702835,7.619047619047619,2.956432910343351,0.013409502220063488,0.022565627222625,WORSE than expected,1.0,0.0,False
"SIMON'S AGENCY, INC.",482,52.0,17.589293744547177,10.78838174273859,2.956343827967534,4.804068827518399e-11,1.5975252799642524e-10,WORSE than expected,3.0,1.0,False
UTAH SYSTEM OF HIGHER EDUCATION,250,15.0,5.119848854423604,6.0,2.9297739887457497,0.0005785285318849694,0.001187820767090262,WORSE than expected,2.0,2.0,True
"OVERTON, RUSSELL, DOERR AND DONOVAN, LLP",148,22.0,7.51510938265814,14.864864864864865,2.9274357670384923,2.6607129446281447e-05,6.365561089557867e-05,WORSE than expected,,,
ROSEBUD ECONOMIC DEVELOPMENT CORPORATION,707,102.0,34.967016150302946,14.427157001414427,2.917034715274563,5.812180408415466e-20,2.5977269349509636e-19,WORSE than expected,5.0,3.0,False
"EGL US, LLC",927,53.0,18.20390314483746,5.717367853290184,2.911463523965768,5.36508792753217e-11,1.779826305314968e-10,WORSE than expected,4.0,3.0,False
"BRIGHTFUNDERS, LLC",147,7.0,2.4077947362165726,4.761904761904762,2.9072245630868325,0.02356572758810243,0.037737743487859875,WORSE than expected,,,
KLARNA AB,2840,214.0,73.66534152969706,7.535211267605634,2.9050296320655646,5.63068155511071e-40,3.7448073500497065e-39,WORSE than expected,6.0,3.0,False
"GREENSKY, LLC",698,74.0,25.532069761148755,10.601719197707736,2.8983157531788972,9.923716092810364e-15,3.799990459781379e-14,WORSE than expected,6.0,6.0,True
"BROKER SOLUTIONS, INC.",954,43.0,14.844974933360163,4.5073375262054505,2.896603072287367,4.237210242548028e-09,1.3030358931729553e-08,WORSE than expected,7.0,4.0,False
"CONSUMER FINANCIAL SERVICES SOLUTIONS, INC.",392,82.0,28.37745672782315,20.918367346938776,2.8896176562433706,4.2073500934138114e-16,1.705019425610845e-15,WORSE than expected,2.0,2.0,True
AMERICAN ADVISORS GROUP,403,18.0,6.294815018888263,4.4665012406947895,2.859496259379995,0.00020538652473218926,0.00044399264288918046,WORSE than expected,2.0,2.0,True
"SEATTLE SERVICE BUREAU, INC",368,40.0,14.013869586598428,10.869565217391305,2.8543151306511594,2.21094313459572e-08,6.580751514107174e-08,WORSE than expected,2.0,1.0,False
VALLEY NATIONAL BANCORP,745,34.0,11.915248148653246,4.563758389261745,2.8534865221286174,2.6386654133817514e-07,7.439644877486074e-07,WORSE than expected,8.0,7.0,False
"MNE SERVICES, INC",302,61.0,21.403133139377346,20.198675496688743,2.850050018507458,4.379680909106276e-12,1.518143756523123e-11,WORSE than expected,2.0,1.0,False
BEACON FINANCIAL CORPORATION,163,6.0,2.112427395172946,3.6809815950920246,2.840334306263234,0.041942943332824445,0.06364704283037771,no clear signal,,,
"BC SERVICES, INC.",269,33.0,11.711516303045249,12.267657992565056,2.817739321373722,5.254587958108808e-07,1.440606954984466e-06,WORSE than expected,,,
"SANTANDER BANK, NATIONAL ASSOCIATION",4262,234.0,83.09772911464454,5.490380103237916,2.81596142870722,1.6963378906345e-41,1.150199838039978e-40,WORSE than expected,11.0,5.0,False
FIRST TECHNOLOGY FEDERAL CREDIT UNION,1828,64.0,22.75347938103502,3.50109409190372,2.812756630677938,2.2503648804258243e-12,7.879111294186135e-12,WORSE than expected,8.0,3.0,False
"SOUTHERN CREDIT RECOVERY, INC.",134,16.0,5.728451588484603,11.940298507462687,2.7930758867131527,0.0006224778939314632,0.0012742920067227304,WORSE than expected,,,
COLORADO HOUSING AND FINANCE AUTHORITY,152,7.0,2.506929680223799,4.605263157894737,2.792260211852091,0.02876225593446138,0.045586699827709604,WORSE than expected,,,
SCOTT FETZER FINANCIAL GROUP INC.,319,22.0,7.89944292195779,6.896551724137931,2.7850065146806,5.558411976939128e-05,0.0001285556181022527,WORSE than expected,2.0,0.0,False
"GRAIN TECHNOLOGY, INC.",690,25.0,8.999605830988301,3.6231884057971016,2.7778994402085497,1.7293750011537463e-05,4.217247809831065e-05,WORSE than expected,4.0,3.0,False
"OMEGA RMS, LLC",463,38.0,13.723494093639266,8.207343412526997,2.7689741213655426,1.0751785330986348e-07,3.081439507231139e-07,WORSE than expected,3.0,2.0,False
CARVANT FINANCIAL LLC,149,6.0,2.172145330775107,4.026845637583893,2.7622461144710626,0.04721527262079336,0.07049326417067966,no clear signal,,,
"HARVARD COLLECTIONS, LLC",761,79.0,28.84807296138195,10.38107752956636,2.7384844771349175,2.304854393263957e-14,8.612224749023925e-14,WORSE than expected,9.0,5.0,False
"POLLACK & ROSEN, P.A.",193,18.0,6.591603115846279,9.32642487046632,2.7307469341908375,0.0003576199372050651,0.0007577617571875617,WORSE than expected,1.0,0.0,False
CHRYSALIS HOLDINGS LLC,245,12.0,4.413144490940815,4.8979591836734695,2.719149582487788,0.004112844720545949,0.007482793405181767,WORSE than expected,,,
"REAL TIME GROUP, INC.",1187,98.0,36.11358918288581,8.256107834877843,2.713659932933005,3.0913007005826906e-17,1.3020933253969516e-16,WORSE than expected,13.0,4.0,False
PATIENT ACCOUNTING SERVICE CENTER,476,44.0,16.253027902433953,9.243697478991596,2.7071878707235117,1.9530727599064863e-08,5.8256891336266434e-08,WORSE than expected,3.0,0.0,False
GLOBAL CREDIT & COLLECTION CORPORATION,362,52.0,19.446573032703597,14.3646408839779,2.6739929915955276,1.4610373714178823e-09,4.594665036811893e-09,WORSE than expected,2.0,1.0,False
"SKRILL USA, INC.",589,30.0,11.249603466545642,5.093378607809847,2.6667606630949052,5.218983977902127e-06,1.3409219462632081e-05,WORSE than expected,3.0,1.0,False
"STUART-LIPPMAN AND ASSOCIATES, INC",165,18.0,6.814056362525872,10.909090909090908,2.6415983435346373,0.0005291574303976375,0.001092910591757379,WORSE than expected,,,
MONEYLION INC.,3955,210.0,79.66570862861104,5.3097345132743365,2.6360149632131793,1.4132882727869184e-33,8.359449783718369e-33,WORSE than expected,9.0,2.0,False
FIRST NATIONAL BANK OF PENNSYLVANIA,981,49.0,18.714042545474857,4.994903160040774,2.6183546329410494,8.44268548543654e-09,2.5567173910145513e-08,WORSE than expected,11.0,7.0,False
"STRATEGIC ALLIANCES, INC.",615,59.0,22.679213129391254,9.59349593495935,2.601501192452688,3.1282533485527477e-10,1.0042198971104665e-09,WORSE than expected,5.0,2.0,False
"WALLACE MANAGEMENT COMPANY, LLC",100,7.0,2.6922329716328055,7.0,2.600072160825884,0.04057982537821423,0.06184863736372564,no clear signal,,,
"RAS LAVRAR, LLC",201,14.0,5.393304528655086,6.965174129353234,2.595811144283956,0.0028214111395641834,0.0052641093744888795,WORSE than expected,1.0,0.0,False
"MCBURBEROD FINANCIAL, INC. D/B/A SEEDFI",131,6.0,2.325327490153768,4.580152671755725,2.5802817131806393,0.0627159796341178,0.09090220197228754,no clear signal,1.0,0.0,False
QUALITY ACCEPTANCE LLC,194,11.0,4.265222539043534,5.670103092783505,2.578997906746203,0.009100655842351656,0.015812389526086004,WORSE than expected,,,
ACTION COLLECTION SERVICE,116,12.0,4.668422964451124,10.344827586206897,2.570461179583985,0.006430470492779862,0.011459428185851293,WORSE than expected,,,
"WAKEFIELD & ASSOCIATES, INC.",2681,232.0,90.31602692175184,8.65348750466244,2.568757815276801,2.559072080271084e-35,1.5533232277627977e-34,WORSE than expected,9.0,6.0,False
LENDINGUSA,216,15.0,5.858303959572314,6.944444444444445,2.5604680302547966,0.0022260546013097107,0.004221304087067528,WORSE than expected,,,
"PACIFIC UNION FINANCIAL, LLC",364,14.0,5.574970166141158,3.8461538461538463,2.5112242008086687,0.0038066981106049517,0.006943976868426355,WORSE than expected,4.0,2.0,False
UNITED PANAM FINANCIAL CORP.,1663,60.0,24.1366666011318,3.607937462417318,2.4858445033659504,1.1884033115305898e-09,3.754274097789818e-09,WORSE than expected,7.0,4.0,False
"ARIVO ACCEPTANCE, LLC",223,6.0,2.415996228351256,2.690582959641256,2.483447585551311,0.07328755378566992,0.10384271127633149,no clear signal,2.0,1.0,False
STERLING BANCORP,212,8.0,3.232496527786482,3.7735849056603774,2.474867314235961,0.035500870986823266,0.05513543091808306,no clear signal,2.0,1.0,False
"SENTRY RECOVERY AND COLLECTIONS, INC.",491,37.0,15.016341693908496,7.535641547861507,2.4639822903743167,2.441422070866795e-06,6.423822655274746e-06,WORSE than expected,2.0,2.0,True
EMBRACE HOME LOANS,148,6.0,2.4563778093596476,4.054054054054054,2.442620991419939,0.07834079970185752,0.11010486510170066,no clear signal,,,
ACS EDUCATION SERVICES,1374,68.0,27.908173628388006,4.9490538573508,2.4365621665342823,2.081216409683904e-10,6.727653045257271e-10,WORSE than expected,8.0,1.0,False
"GITSIT SOLUTIONS, LLC.",122,5.0,2.0848049080035675,4.098360655737705,2.39830594258724,0.12125732028859888,0.16144413333443722,no clear signal,,,
"STEARNS VENTURES, LLC",369,14.0,5.890838985861128,3.794037940379404,2.376571492380294,0.0061919817695765145,0.011062795192431049,WORSE than expected,4.0,2.0,False
HILLCREST DAVIDSON & ASSOCIATES,550,53.0,22.321712550954288,9.636363636363637,2.3743697925961404,4.85771653204484e-08,1.4305563515979508e-07,WORSE than expected,3.0,1.0,False
"ROUND UP VENTURES, L.P.",180,12.0,5.061071967124722,6.666666666666667,2.371039194452988,0.011950434396259877,0.02030697287384013,WORSE than expected,1.0,1.0,False
"RECEIVABLE SOLUTIONS, INC.",223,22.0,9.280272385047644,9.865470852017937,2.370620073118366,0.0005288777846592201,0.001092910591757379,WORSE than expected,,,
"MEDICAL SOCIETY BUSINESS SERVICES, INC.",233,23.0,9.715275168661284,9.871244635193133,2.3674059252785202,0.00039717745065661914,0.0008377490992605473,WORSE than expected,,,
"RECEIVABLES MANAGEMENT PARTNERS, LLC",1863,167.0,70.75042046171095,8.964036500268385,2.360410000536716,3.4531607538495803e-22,1.6608627847235005e-21,WORSE than expected,13.0,10.0,False
"VALOR INTELLIGENT PROCESSING, LLC",405,26.0,11.073862954850123,6.419753086419753,2.3478708474184735,0.0001821673268411771,0.00039626382521007226,WORSE than expected,4.0,3.0,False
GRANITE STATE MANAGEMENT & RESOURCES,134,6.0,2.5575669225917568,4.477611940298507,2.3459796680197096,0.09195530390621509,0.12705553919447216,no clear signal,,,
INDEPENDENT BANK CORP.,105,3.0,1.2795833348743282,2.857142857142857,2.344513185063198,0.2764238130235772,0.33852784150023996,no clear signal,,,
LIEN ENFORCEMENT INC,145,13.0,5.555959409774032,8.96551724137931,2.3398299089677344,0.009657984411160123,0.016656432775659827,WORSE than expected,,,
"PROSPERITY BANCSHARES, INC.",313,10.0,4.33330054075947,3.194888178913738,2.3077097713253383,0.0270860804866849,0.043028173573133724,WORSE than expected,,,
"CROSSCHECK, INC.",242,4.0,1.7351650758951531,1.6528925619834711,2.3052561716276148,0.1970398262380777,0.251040658543472,no clear signal,2.0,1.0,False
FINANCIAL BUSINESS AND CONSUMER SOLUTIONS.,546,53.0,23.15379321663237,9.706959706959706,2.289041778343594,1.5085779035025005e-07,4.2969739464517945e-07,WORSE than expected,4.0,4.0,True
EQUITABLE ACCEPTANCE CORP,367,25.0,10.933414356169175,6.8119891008174385,2.2865684209520296,0.0003634751534234842,0.0007689961389020443,WORSE than expected,3.0,0.0,False
"CIT BANK, NATIONAL ASSOCIATION",2178,116.0,50.752205906726644,5.325987144168963,2.285614938849889,6.408138825977518e-15,2.4605836928477213e-14,WORSE than expected,10.0,7.0,False
"TRIAD FINANCIAL SERVICES, INC.",159,6.0,2.630468832018593,3.7735849056603774,2.2809622098413787,0.1026187137163253,0.13984314908401194,no clear signal,,,
NATIONS RECOVERY CENTER,142,20.0,8.827307041781747,14.084507042253522,2.2656966507832155,0.001681697549764019,0.0032197790553333146,WORSE than expected,,,
"SUTTELL, HAMMER & WHITE, P.S",309,26.0,11.571379784393063,8.414239482200648,2.24692305364202,0.0003576159627554717,0.0007577617571875617,WORSE than expected,1.0,0.0,False
SARMA,227,15.0,6.6992275854787975,6.607929515418502,2.23906410233232,0.007763876797572426,0.013625995894729384,WORSE than expected,,,
MOHELA,29217,10593.0,4796.186597518294,36.25628914672964,2.2086296653848225,0.0,0.0,WORSE than expected,11.0,2.0,False
FOCUS HOLDING COMPANY,527,79.0,35.9259227290071,14.990512333965844,2.198969267843308,7.581012065009644e-10,2.405846294603517e-09,WORSE than expected,4.0,2.0,False
"NATIONWIDE CREDIT & COLLECTION, INC.",303,19.0,8.664833665750317,6.270627062706271,2.1927714637041134,0.003211348785375774,0.005920125744923509,WORSE than expected,1.0,1.0,False
AMERICASH HOLDING LLC,217,23.0,10.639244605537684,10.599078341013826,2.1618076144267415,0.0013547219267279983,0.002629976924793181,WORSE than expected,,,
CONSUMER FINANCIAL SERVICES,156,7.0,3.248030299260063,4.487179487179487,2.1551523092609934,0.09520072532906454,0.13088922671355066,no clear signal,,,
"GO CAPITAL HOLDINGS, LLC",236,9.0,4.23747667884905,3.8135593220338984,2.123905494258557,0.0586095282463662,0.08566482046524607,no clear signal,1.0,0.0,False
"BANK OF NEW YORK MELLON CORPORATION, THE",1042,36.0,16.975096502482675,3.45489443378119,2.1207537756698382,7.777890674716024e-05,0.00017694383040679662,WORSE than expected,7.0,5.0,False
"OPTIMUM OUTCOMES, INC.",637,71.0,33.50197340578174,11.145996860282574,2.119278143410707,2.340573306247615e-08,6.95170276855595e-08,WORSE than expected,6.0,3.0,False
"CAWLEY & BERGMANN, LLP",201,15.0,7.107549417978815,7.462686567164179,2.1104320375257517,0.013044533389354854,0.022031471945568953,WORSE than expected,,,
"AMERICAN CAPITAL ENTERPRISES, INC.",102,9.0,4.272438819093167,8.823529411764707,2.1065251911343386,0.06125420250833066,0.08906207268470671,no clear signal,,,
SOUTHWEST BUSINESS CORPORATION,210,8.0,3.8000914161986414,3.8095238095238093,2.1052125130196653,0.0802240408762497,0.11252413402420491,no clear signal,,,
AMERIS BANCORP,618,19.0,9.067114292109155,3.074433656957929,2.0954847802608096,0.005254410770982779,0.009497569534026088,WORSE than expected,7.0,3.0,False
ALORICA INC.,1848,152.0,72.93732584957569,8.225108225108226,2.0839809827067337,9.003576797721345e-16,3.585951790496467e-15,WORSE than expected,10.0,6.0,False
ZIP CO US INC.,413,29.0,13.938697992031909,7.021791767554479,2.0805386569518847,0.000556695103616332,0.0011463795467062247,WORSE than expected,2.0,2.0,True
HCFS HEALTHCARE FINANCIAL SERVICES OF TEAMHEALTH,4072,283.0,136.25692114242148,6.949901768172888,2.0769587161315384,7.179320611354072e-28,3.8829788520553155e-27,WORSE than expected,10.0,6.0,False
FRANKLIN AMERICAN MORTGAGE CO.,231,8.0,3.857337332863119,3.463203463203463,2.0739695052965406,0.08617980645553254,0.11978993097319023,no clear signal,2.0,1.0,False
"PLAZA HOME MORTGAGE, INC.",324,11.0,5.313115410867573,3.3950617283950617,2.070348401900011,0.04063401449999868,0.06186339556954892,no clear signal,,,
EDFINANCIAL SERVICES,9561,2160.0,1046.8499228901974,22.59177910260433,2.0633330076927936,3.0720128487893576e-198,8.211726653494628e-197,WORSE than expected,11.0,2.0,False
"DUNCAN SOLUTIONS, LNC.",489,43.0,21.01445774576181,8.793456032719837,2.0462103053157406,3.439299065823838e-05,8.089045180194813e-05,WORSE than expected,3.0,1.0,False
MORTGAGE SOLUTIONS OF COLORADO,235,8.0,3.924606033150259,3.404255319148936,2.0384211644241,0.0935419770176102,0.1288635758716335,no clear signal,1.0,0.0,False
RECEIVABLES MANAGEMENT CORPORATION,349,23.0,11.284120739062901,6.590257879656161,2.038262486892714,0.0028775619413364713,0.0053473410407188435,WORSE than expected,1.0,0.0,False
"NATIONWIDE RECOVERY SYSTEMS, LTD",637,37.0,18.16130047392275,5.808477237048666,2.0372990388616254,0.0001372158633103375,0.0003046805910565002,WORSE than expected,4.0,1.0,False
"SORTIS FINANCIAL, INC.",220,15.0,7.37298977198081,6.818181818181818,2.034452842590901,0.017803534000200256,0.029148306549208903,WORSE than expected,,,
"AUTOMATIC DATA PROCESSING, INC.",111,5.0,2.4657924640345183,4.504504504504505,2.027745673218184,0.2085978731420548,0.26407198876817506,no clear signal,,,
FIRST UNITED BANK AND TRUST COMPANY,107,3.0,1.4848941268504936,2.803738317757009,2.0203460608757964,0.37474186115681424,0.4391999890455074,no clear signal,,,
"PATIENTFI, INC.",208,12.0,5.949188179070263,5.769230769230769,2.0170819343413937,0.037942539803110256,0.058600144807025835,no clear signal,2.0,0.0,False
FIRST DATA CORPORATION,1201,84.0,41.87362996866508,6.994171523730225,2.0060357810597975,1.3439730321901733e-08,4.026126109362804e-08,WORSE than expected,7.0,2.0,False
CREDIT BUREAU OF CARBON COUNTY,100,8.0,3.996045534235558,8.0,2.001979189541542,0.10179702909096768,0.13899594345426822,no clear signal,,,
"ALEXANDER-ROSE ASSOC, INC.",115,7.0,3.512852542504351,6.086956521739131,1.9926825607685836,0.1325671116740831,0.17482759509200715,no clear signal,,,
"NORTH STATE ACCEPTANCE, LLC",149,6.0,3.019913826547004,4.026845637583893,1.9868116590798397,0.17187788455478045,0.22152576319296652,no clear signal,,,
"FRONTLINE ASSET STRATEGIES, LLC",575,31.0,15.674611671595256,5.391304347826087,1.9777204468916216,0.0008157685584015534,0.0016386102545927158,WORSE than expected,3.0,1.0,False
"N.A.R., INC.",356,26.0,13.205201528411914,7.303370786516854,1.9689211061307306,0.0023961917447957,0.004531573503763297,WORSE than expected,1.0,0.0,False
BUSINESS & PROFESSIONAL COLLECTION SERVICE INC,144,10.0,5.081078373445562,6.944444444444445,1.9680861551479745,0.06972931840584456,0.0994089770093579,no clear signal,,,
MAR JOE ENTERPRISES,150,9.0,4.589984293843679,6.0,1.9607910232005064,0.08914648114703175,0.12341992907806187,no clear signal,,,
"REMITLY, INC.",1033,38.0,19.384683721431735,3.6786060019361084,1.9603105496112452,0.0002379390256844995,0.0005119740645533348,WORSE than expected,7.0,4.0,False
"DOVENMUEHLE MORTGAGE, INC.",2454,79.0,40.33147194250409,3.2192339038304807,1.9587680834615002,9.528732739794977e-08,2.7479125535923275e-07,WORSE than expected,14.0,5.0,False
"CARDINAL FINANCIAL COMPANY, LIMITED PARTNERSHIP",762,22.0,11.37681071860212,2.8871391076115485,1.9337581106124933,0.0066686641211333554,0.011838369257184374,WORSE than expected,6.0,1.0,False
"CONSTAR FINANCIAL SERVICES, LLC",150,11.0,5.722986267354344,7.333333333333333,1.9220734571297766,0.06441974739759615,0.09298385138386153,no clear signal,,,
COLLECTION SERVICE OF NEVADA,122,8.0,4.208511797860555,6.557377049180328,1.9009094863573606,0.1290576869617069,0.17052298942658994,no clear signal,,,
"BLOCKCHAIN.COM, INC.",326,11.0,5.788001677743022,3.374233128834356,1.9004832086174082,0.06894401766642655,0.0985313921961845,no clear signal,2.0,1.0,False
"COLLECTION BUREAU OF FORT WALTON BEACH, INC",311,18.0,9.47164693007879,5.787781350482315,1.9004086757961813,0.017363233698892203,0.028562005729538653,WORSE than expected,1.0,0.0,False
"STONELEIGH RECOVERY ASSOCIATES, LLC",154,17.0,9.001650699080077,11.03896103896104,1.8885425094018937,0.022247925381066597,0.03579237995333631,WORSE than expected,,,
"PLANET HOME LENDING, LLC",1897,64.0,33.97568313263554,3.373748023194518,1.8837001672682905,5.636113946874599e-06,1.4374675937900355e-05,WORSE than expected,11.0,2.0,False
"MERIDIAN FINANCIAL SERVICES, INC.",600,38.0,20.253358576548806,6.333333333333333,1.87623202622798,0.0005504096833349819,0.001135117892931194,WORSE than expected,3.0,1.0,False
"CASTLE CREDIT CO HOLDINGS, LLC, CHICAGO, IL BRANCH",151,7.0,3.7314961989755697,4.635761589403973,1.8759231221840056,0.16922246353438133,0.21880858075608378,no clear signal,,,
HEALTHCARE FINANCE DIRECT LLC.,438,27.0,14.506110890463258,6.164383561643835,1.8612845444157324,0.004253325746380458,0.00772826508165861,WORSE than expected,3.0,1.0,False
PROFESSIONAL COLLECTION SERVICE INC (GA),108,5.0,2.6925269224462016,4.62962962962963,1.856991645401051,0.2719640603840671,0.33424407067537865,no clear signal,,,
"AUTO NOW FINANCIAL SERVICES, INC., PHOENIX, AZ BRANCH",174,6.0,3.237290614834546,3.4482758620689653,1.8534017219540397,0.2194057441253406,0.2759945559585733,no clear signal,,,
COMMERCIAL ACCEPTANCE COMPANY,395,20.0,10.870568953167023,5.063291139240507,1.839830103296775,0.016505299387894832,0.02724746573536083,WORSE than expected,3.0,1.0,False
PAYWARD VENTURES INC. DBA KRAKEN,657,22.0,11.997876606100663,3.34855403348554,1.8336577981485052,0.012106817775547974,0.020547590608072874,WORSE than expected,5.0,3.0,False
"BLAKELY-WITT AND ASSOCIATES, INC.",158,13.0,7.101957229328061,8.227848101265822,1.8304813138433913,0.05957076269548137,0.08697831948184781,no clear signal,,,
"COMMUNITY FINANCIAL SYSTEM, INC.",225,5.0,2.735970282688461,2.2222222222222223,1.827505229730355,0.2849821298718171,0.3471736726746939,no clear signal,,,
"W&A INTERMEDIATE CO., LLC",3803,144.0,78.83362729788429,3.7864843544570075,1.8266316664064577,6.065795404653281e-11,2.0027210480921758e-10,WORSE than expected,4.0,2.0,False
SUPREME LENDING,205,6.0,3.2853151821542332,2.926829268292683,1.8263087914949168,0.2307269915758788,0.2871177424265636,no clear signal,,,
FINANCIAL ASSISTANCE INC,301,14.0,7.671700181937292,4.651162790697675,1.8248888340243579,0.05084249345531342,0.07542269573413624,no clear signal,2.0,0.0,False
META PAYMENTS INC.,393,11.0,6.028092639772594,2.7989821882951653,1.8247894744389608,0.08758425436429694,0.12149911533570135,no clear signal,2.0,1.0,False
MILLCO MANAGEMENT,783,36.0,19.78045335905257,4.597701149425287,1.819978508405851,0.001330035735894073,0.002585663878171694,WORSE than expected,8.0,2.0,False
"ASSET RECOVERY SOLUTIONS, LLC",618,42.0,23.089416439989424,6.796116504854369,1.8190152232370251,0.0005152688966438553,0.0010689906960223267,WORSE than expected,4.0,1.0,False
IMMEDIATE CREDIT RECOVERY,213,15.0,8.2534536406486,7.042253521126761,1.8174210037510095,0.04393954364324442,0.06617114373142985,no clear signal,,,
TENET HEALTHCARE CORPORATION,1261,145.0,79.82862254681677,11.498810467882633,1.8163911060216833,7.565273023440793e-11,2.485988062076289e-10,WORSE than expected,5.0,2.0,False
"BWW LAW GROUP, LLC",118,9.0,4.9900046075081335,7.627118644067797,1.803605549072698,0.1348862223871257,0.17754909954365977,no clear signal,,,
"SHELLPOINT PARTNERS, LLC",19563,606.0,337.55199050243687,3.0976844042324796,1.7952790001267231,2.778303811629666e-39,1.80459920475011e-38,WORSE than expected,13.0,2.0,False
BOEING EMPLOYEES' CREDIT UNION,1036,26.0,14.541895104774595,2.5096525096525095,1.7879375289581978,0.00845238175795609,0.014759812366280108,WORSE than expected,7.0,5.0,False
UNITED COMMUNITY BANK,156,4.0,2.250823829481069,2.5641025641025643,1.7771270890277566,0.38146351690409214,0.445949780064498,no clear signal,,,
ETORO USA LLC,116,4.0,2.2642367512920774,3.4482758620689653,1.7665997152097352,0.38684458372004354,0.4518604801435803,no clear signal,,,
BANK OF THE WEST,2435,83.0,47.2333739020898,3.4086242299794662,1.7572320828076127,3.203009623244834e-06,8.384526132411147e-06,WORSE than expected,12.0,7.0,False
STANDARD MORTGAGE CORPORATION,102,3.0,1.709881414778384,2.9411764705882355,1.7545076366531691,0.4907750243278741,0.5568794153597918,no clear signal,,,
"CREDIT PROTECTION ASSOCIATION, L.P.",1035,99.0,56.90704473291956,9.565217391304348,1.739679163882684,5.454489361619032e-07,1.4866157279706774e-06,WORSE than expected,7.0,5.0,False
"NCC BUSINESS SERVICES, INC.",860,78.0,45.25593931856248,9.069767441860465,1.7235306829220312,1.2472777736329165e-05,3.107018109945796e-05,WORSE than expected,6.0,4.0,False
LENDER LIVE,122,4.0,2.3220689209009304,3.278688524590164,1.7226017556998505,0.410309274423405,0.47606835680178045,no clear signal,1.0,0.0,False
CROSSCOUNTRY MORTGAGE LLC,1651,50.0,29.04138045454589,3.0284675953967293,1.7216812430200241,0.0005125292835991727,0.001064896418838341,WORSE than expected,7.0,3.0,False
QUALITY LOAN SERVICE CORPORATION,324,13.0,7.608118728136962,4.012345679012346,1.7087009896312928,0.09349946125155782,0.1288635758716335,no clear signal,3.0,1.0,False
KENTUCKY HIGHER EDUCATION ASSISTANCE AUTHORITY,206,19.0,11.140868123541049,9.223300970873787,1.705432627808629,0.03964595120169805,0.060558101286110215,no clear signal,,,
JAMES B. NUTTER & COMPANY,125,4.0,2.353169838045079,3.2,1.6998348080659758,0.42309572302956655,0.4894203284565946,no clear signal,,,
"AARGON AGENCY, INC.",3453,173.0,102.19527979371834,5.010136113524472,1.6928374808425724,2.3015116438708245e-10,7.422508549838622e-10,WORSE than expected,13.0,9.0,False
"KELSTING GROUP, INC.",254,16.0,9.468327117798172,6.299212598425197,1.6898444467474998,0.06528149698964476,0.09403241535295981,no clear signal,,,
"ADLER WALLACH & ASSOCIATES, INC.",1182,63.0,37.405137752459964,5.32994923857868,1.6842606065755439,0.00016728553865470887,0.0003650343779121591,WORSE than expected,11.0,9.0,False
"CREDIT BUREAU OF NAPA COUNTY, INC.",216,22.0,13.096516868018647,10.185185185185185,1.6798359610961466,0.03033615398986877,0.047808678056595916,WORSE than expected,2.0,2.0,True
"CARS ACQUISITION, LLC",142,4.0,2.3947695986083226,2.816901408450704,1.6703068229714157,0.44036915605012483,0.5046274747812642,no clear signal,,,
"NATIONAL RECOVERIES, INC.",149,9.0,5.393079225529107,6.040268456375839,1.6688054492870952,0.19358048036254352,0.2470861962386919,no clear signal,,,
DRIVETIME,1119,36.0,21.5941697352155,3.2171581769436997,1.6671166542370763,0.005632419229982098,0.010115068126195241,WORSE than expected,10.0,5.0,False
WAFD BANK,312,8.0,4.7988205606699195,2.5641025641025643,1.6670762948642517,0.2264415939920947,0.28305199249011836,no clear signal,,,
"USCB, INC.",724,36.0,21.86370064006863,4.972375690607735,1.6465648058693416,0.006827473355105372,0.012089411418594227,WORSE than expected,6.0,1.0,False
MEDICAL BUSINESS BUREAU,406,28.0,17.167618774737416,6.896551724137931,1.6309775029023073,0.019899967701894766,0.032351994275595,WORSE than expected,1.0,0.0,False
BANCORPSOUTH BANK,229,7.0,4.308313083018001,3.056768558951965,1.6247658573356174,0.29040391492739465,0.3519280224490659,no clear signal,,,
MS SERVICES LLC,130,7.0,4.311390346975987,5.384615384615385,1.6236061772763875,0.2911399379025822,0.35220584306752767,no clear signal,,,
"VEROS CREDIT, LLC",730,17.0,10.475533420740721,2.328767123287671,1.62282905482802,0.07781552526496631,0.1096993713167375,no clear signal,4.0,1.0,False
"RETRIEVAL-MASTERS CREDITORS BUREAU, INC., ELMSFORD, NY BRANCH",733,68.0,42.02805088446967,9.276944065484312,1.6179670141478666,0.0002815759681740735,0.0006030671737472452,WORSE than expected,7.0,5.0,False
"CREDIT CENTRAL HOLDINGS, LLC",569,28.0,17.389879919140654,4.92091388400703,1.6101318772869169,0.023210360534994496,0.037211535344454844,WORSE than expected,3.0,0.0,False
"ELEVATE RECOVERIES, LLC",363,12.0,7.461543299092872,3.3057851239669422,1.608246380002765,0.1540219551057917,0.20045928613956035,no clear signal,4.0,1.0,False
"FLEXSHOPPER, INC",173,7.0,4.3564859349510625,4.046242774566474,1.606799632667386,0.3020271345255413,0.36405156202562616,no clear signal,,,
"JACOB LAW GROUP, PLLC",106,7.0,4.357365563336149,6.60377358490566,1.606475265444692,0.3022413687608436,0.36405156202562616,no clear signal,,,
"VITAL SOLUTIONS, INC.",210,18.0,11.210410905772267,8.571428571428571,1.6056503326503186,0.07495330112559279,0.10587915504529875,no clear signal,1.0,0.0,False
FINANCE OF AMERICA HOLDINGS LLC,319,9.0,5.641701806129835,2.8213166144200628,1.5952633282073325,0.23610898666002259,0.29302811737270656,no clear signal,1.0,0.0,False
"EZCORP, INC.",188,22.0,13.792267652059257,11.702127659574469,1.595096655241844,0.05017069067293944,0.07450561969592502,no clear signal,,,
"RECEIVABLES OUTSOURCING, INC.",137,10.0,6.269899801941295,7.299270072992701,1.594921819468915,0.20750925862700495,0.26293333590842016,no clear signal,,,
NATIONS LENDING CORPORATION,118,3.0,1.8849843036277645,2.542372881355932,1.5915251889505506,0.5844550494821059,0.6488758137221464,no clear signal,,,
ALPHA RECOVERY CORP,243,19.0,11.960255570001523,7.818930041152264,1.5885948162893295,0.07282216672115509,0.10331756528800899,no clear signal,,,
ATLANTIC BAY MORTGAGE GROUP LLC,113,3.0,1.8906121015896804,2.6548672566371683,1.5867876850452374,0.5874916591641873,0.6512068630288839,no clear signal,,,
C/C FINANCIAL,262,8.0,5.045549389585481,3.053435114503817,1.5855557804097213,0.27634442553314725,0.33852784150023996,no clear signal,1.0,0.0,False
"FINANCE SYSTEM OF RICHMOND, INC.",163,8.0,5.070361477983478,4.9079754601226995,1.5777967773575114,0.28164648051917046,0.344014593955753,no clear signal,,,
"DYCK-O'NEAL, INC.",278,17.0,10.804526347641891,6.115107913669065,1.573414646141363,0.09813892270356966,0.13452968694079076,no clear signal,,,
GREENSTATE CREDIT UNION,164,3.0,1.9123349790839592,1.829268292682927,1.5687628123797908,0.5992215442991197,0.6626236647380878,no clear signal,1.0,1.0,False
"FAY SERVICING, LLC",4010,106.0,67.58932717082058,2.6433915211970076,1.568294942959011,1.8982604838943113e-05,4.596832879116886e-05,WORSE than expected,13.0,6.0,False
"AVID ACCEPTANCE, LLC",199,5.0,3.2024978729298987,2.512562814070352,1.5612812867930508,0.43966496166007685,0.5046274747812642,no clear signal,,,
CNG HOLDINGS INC,551,26.0,16.67530831285425,4.718693284936479,1.559191561091423,0.04122771228214272,0.06269859964133302,no clear signal,4.0,2.0,False
BRIDGECREST ACCEPTANCE CORPORATION,7608,165.0,106.55148053436041,2.168769716088328,1.548547229682006,1.8948725494155987e-07,5.38624303412614e-07,WORSE than expected,10.0,7.0,False
"JOHN C. HEATH, ATTORNEY AT LAW, PLLC",2088,131.0,84.71439879940836,6.273946360153257,1.5463723033694585,3.809147166614648e-06,9.896662731952077e-06,WORSE than expected,8.0,2.0,False
TAPTAP SEND INC.,139,4.0,2.5895189371998857,2.8776978417266186,1.5446884525684543,0.5234396503724811,0.5886578592376608,no clear signal,1.0,0.0,False
AMERISAVE MORTGAGE CORPORATION,1755,46.0,29.789333632840457,2.6210826210826212,1.5441768710559045,0.006991260327952414,0.012347969321288255,WORSE than expected,9.0,3.0,False
"STANISLAUS CREDIT CONTROL SERVICE, INC.",124,11.0,7.129544862538566,8.870967741935484,1.5428754867366539,0.2159418936312906,0.2723767986819364,no clear signal,,,
"FIRST NIAGARA FINANCIAL GROUP, INC.",499,15.0,9.78997529324843,3.006012024048096,1.5321795561981262,0.14595699206503396,0.1916976886324693,no clear signal,5.0,1.0,False
"HEAD MERCANTILE CO., INC.",183,7.0,4.602575463961411,3.8251366120218577,1.5208876106020732,0.3646234749579626,0.4291504065974327,no clear signal,,,
AVANTE,805,36.0,23.75468371874509,4.472049689440993,1.515490604978756,0.022871293991262077,0.03671027557488948,WORSE than expected,7.0,4.0,False
LAND HOME FINANCIAL SERVICES,242,6.0,3.962559028658326,2.479338842975207,1.5141730272297107,0.4180911246615456,0.4842888860662903,no clear signal,,,
"D&A SERVICES, LLC",366,23.0,15.199877288337934,6.284153005464481,1.5131701107644264,0.07401442501430791,0.1047658358145499,no clear signal,1.0,0.0,False
LENDMARK FINANCIAL SERVICES,2268,83.0,54.90661126777424,3.6596119929453264,1.511657668968442,0.0004932515306155645,0.001026376687957537,WORSE than expected,10.0,1.0,False
"SUMMIT A*R, INC.",610,24.0,15.890381992521913,3.9344262295081966,1.5103475807752458,0.06875797425388652,0.09842799609979636,no clear signal,3.0,1.0,False
"BUSINESS PROCESSING SOLUTIONS, LLC",142,7.0,4.640063707024854,4.929577464788732,1.5085999766344382,0.3746043846965724,0.4391999890455074,no clear signal,2.0,2.0,True
"SERVIS ONE, INC., TITUSVILLE, PA BRANCH",1254,34.0,22.616093242232267,2.7113237639553427,1.503354254682234,0.030223415712553582,0.04768507132854651,WORSE than expected,7.0,2.0,False
"MACHOL & JOHANNES, LLC",225,18.0,12.014670920537336,8.0,1.4981683742358363,0.1270605503728614,0.16804392485088235,no clear signal,,,
FOURSIGHT HOLDING LLC,181,2.0,1.3374921226342773,1.1049723756906078,1.4953359097628707,0.772801818127595,0.8256683529572306,no clear signal,2.0,2.0,True
MORGAN STANLEY & CO. LLC,1223,23.0,15.414283517178678,1.8806214227309894,1.4921225481785974,0.08404747908618265,0.11764954272889616,no clear signal,8.0,3.0,False
"P.S.C., INC",322,17.0,11.43033065504808,5.279503105590062,1.4872710609200215,0.14657053520204738,0.19201983405357764,no clear signal,,,
PENDING COMPANY MATCH,499,28.0,18.87136898113988,5.61122244488978,1.483729136343172,0.05820746116052904,0.08534638292524828,no clear signal,3.0,2.0,False
UBS BANK USA,143,4.0,2.6999294382660133,2.797202797202797,1.481520199494153,0.571784535725336,0.6363334705029761,no clear signal,,,
"PARAMOUNT CAPITAL GROUP, INC.",140,8.0,5.401857604590472,5.714285714285714,1.480972025845635,0.35712852725480615,0.42247544926313235,no clear signal,,,
"PEER ADVISORS, LLC",522,14.0,9.47065381802492,2.681992337164751,1.4782506328501472,0.20012603713677754,0.254041270885955,no clear signal,5.0,4.0,False
"ALLIED COLLECTION SERVICES, INC. (NEVADA)",891,45.0,30.45748929916773,5.05050505050505,1.4774691228810397,0.016066806810611223,0.026586739841368574,WORSE than expected,7.0,4.0,False
"BANK OF AMERICA, NATIONAL ASSOCIATION",185793,4438.0,3007.5242733039236,2.3886798749145552,1.4756323130601448,7.799459488317599e-131,1.3899036780463414e-129,WORSE than expected,16.0,6.0,False
"CMRE FINANCIAL SERVICES, INC.",1994,123.0,83.91017230708103,6.168505516549649,1.4658532644869835,7.604702160978071e-05,0.00017328747547146753,WORSE than expected,12.0,6.0,False
PATENAUDE & FELIX A PROFESSIONAL CORPORATION,443,25.0,17.109617859194955,5.643340857787811,1.4611664740697081,0.08637119033650144,0.11993601854918781,no clear signal,1.0,1.0,False
WINKLEVOSS EXCHANGE LLC,1591,39.0,26.815430591400496,2.451288497800126,1.4543864909074777,0.03179622994000307,0.04993984137469409,WORSE than expected,6.0,3.0,False
"IO, INC.",763,36.0,24.76989439981009,4.718217562254259,1.4533772094028794,0.03991330698636129,0.06089955731179164,no clear signal,8.0,2.0,False
"CMG FINANCIAL SERVICES, INC.",840,23.0,15.827493606620704,2.738095238095238,1.4531675432412752,0.10613420056298688,0.1440688855298357,no clear signal,7.0,4.0,False
"PAYTOMORROW, LLC",105,3.0,2.072270467941959,2.857142857142857,1.4476874743958497,0.6857534238426185,0.7423654666209032,no clear signal,,,
NATIONAL DEBT RELIEF LLC,393,41.0,28.57432722151649,10.432569974554708,1.4348544300678046,0.03339936373389181,0.05222172732295795,no clear signal,3.0,2.0,False
R & B CORPORATION OF VIRGINIA,1361,59.0,41.1444064108092,4.335047759000735,1.433973780321689,0.010251122133685137,0.017613176471968285,WORSE than expected,9.0,4.0,False
"INVESTMENT RETRIEVERS, INC.",233,11.0,7.696697406529284,4.721030042918455,1.429184417548811,0.3103806775159224,0.3728860343536146,no clear signal,,,
"RISECREDIT, LLC",821,52.0,36.404489147274376,6.33373934226553,1.428395267123073,0.017337074660116806,0.028552765139291895,WORSE than expected,8.0,4.0,False
"NEVADA CREDICO, INC.",154,9.0,6.301157453438994,5.8441558441558445,1.4283090156853728,0.37072836902848194,0.4352300953966131,no clear signal,,,
"VOSS & KLEIN, LLC",104,5.0,3.507032389030531,4.8076923076923075,1.425706821425216,0.5517670235167882,0.6175170392015584,no clear signal,,,
"DIRECMANAGEMENT, INC.",109,4.0,2.805744735368887,3.669724770642202,1.4256464423069113,0.6186818744952421,0.6819728830677133,no clear signal,,,
BLACKHAWK NETWORK HOLDINGS INC.,1370,62.0,43.83083010137006,4.525547445255475,1.4145294500836298,0.011146404468504517,0.019010432161007704,WORSE than expected,11.0,3.0,False
"COLLECTION PROFESSIONALS, INC.",193,8.0,5.670114041703403,4.1450777202072535,1.4109063664611334,0.4239721564049293,0.4898763901935592,no clear signal,1.0,0.0,False
"COLLECTIONS USA, INC.",202,8.0,5.6745272169610255,3.9603960396039604,1.4098090808496244,0.42511035600297886,0.4907835505350005,no clear signal,1.0,1.0,False
FRANKLIN CREDIT MANAGEMENT CORPORATION,270,8.0,5.679807309345353,2.962962962962963,1.4084984867069494,0.4264736838689585,0.49194889674510567,no clear signal,,,
WELLS FARGO & COMPANY,174178,3810.0,2710.753232542667,2.187417469485239,1.4055134027918312,6.249110475824805e-88,7.488158242583171e-87,WORSE than expected,16.0,5.0,False
"REVCO MANAGEMENT, LLC",817,31.0,22.083466194457927,3.7943696450428397,1.4037651393593171,0.0843672379719954,0.11795741726670556,no clear signal,6.0,3.0,False
"JDJ INVESTMENTS, INC.",199,8.0,5.787125169361846,4.0201005025125625,1.382378947383675,0.45453740929593023,0.5191511905680716,no clear signal,1.0,0.0,False
TRANSFORM CREDIT INC.,368,11.0,7.961400102909801,2.989130434782609,1.3816665232010668,0.3606025958766874,0.4258603298798603,no clear signal,4.0,2.0,False
"EVERBANK, NATIONAL ASSOCIATION",1737,44.0,31.88584645828805,2.533103051237766,1.3799225953608998,0.04817768173492542,0.0717759674293101,no clear signal,13.0,6.0,False
"SENTRY CREDIT, INC.",520,19.0,13.814398626676477,3.6538461538461537,1.3753765555389288,0.21468058803838558,0.27103180506208535,no clear signal,3.0,0.0,False
CONGRESS COLLECTION CORP,219,8.0,5.820629405752262,3.65296803652968,1.3744218094513911,0.463432113208328,0.5288757285382397,no clear signal,1.0,0.0,False
EQUITY LOANS LLC,109,2.0,1.4559137442285845,1.834862385321101,1.373707754273382,0.8546247351111785,0.8999457437913169,no clear signal,,,
"JIM BOTTIN ENTERPRISES, INC",610,32.0,23.39457683849568,5.245901639344262,1.3678383764285118,0.10445547976484006,0.1420676290343715,no clear signal,3.0,2.0,False
GLOBAL TEL*LINK CORPORATION,111,4.0,2.930763449445128,3.6036036036036037,1.3648320886345526,0.6745208153459878,0.7336337506501746,no clear signal,,,
ADP INC.,928,31.0,22.728592224391093,3.3405172413793105,1.3639208136583347,0.1137140560056241,0.1528651236439241,no clear signal,5.0,3.0,False
GATESTONE & CO. INTERNATIONAL INC.,257,17.0,12.513194233202109,6.614785992217898,1.3585659810900037,0.2630569218502113,0.3241570224927249,no clear signal,,,
"SCA COLLECTIONS, INC.",679,32.0,23.587009526256015,4.712812960235641,1.356678978926049,0.11370723560804812,0.1528651236439241,no clear signal,6.0,2.0,False
TOWNE MORTGAGE COMPANY,100,2.0,1.490120015097699,2.0,1.3421737710629107,0.8777247772242932,0.9221749360104062,no clear signal,,,
AMERICAN STUDENT ASSISTANCE,139,7.0,5.2168910617310935,5.0359712230215825,1.3417953177801698,0.5403372472929118,0.6061894864706597,no clear signal,,,
"SECOND ROUND LIMITED PARTNERSHIP, AUSTIN, TX BRANCH",380,22.0,16.41917008377025,5.7894736842105265,1.3398971986864425,0.21652268825312404,0.2728617739545262,no clear signal,3.0,1.0,False
"CARVANA GROUP, LLC",1238,24.0,17.92455180954643,1.938610662358643,1.3389456124207162,0.1956801619235522,0.24953708722361245,no clear signal,6.0,0.0,False
MEI AUTO FINANCE INC,144,3.0,2.2620068022912694,2.0833333333333335,1.3262559586298284,0.7877237662864741,0.840319290205832,no clear signal,,,
SIMMONS FIRST NATIONAL CORPORATION,359,6.0,4.531608173189779,1.6713091922005572,1.324033272668547,0.6049567219974191,0.6684338979144774,no clear signal,2.0,1.0,False
"FINANCIAL CREDIT SERVICE, INC.",653,54.0,40.79813893590298,8.269525267993874,1.3235897864076143,0.05462849258722417,0.08026808107425117,no clear signal,5.0,4.0,False
CREDIT ADJUSTMENTS INC,129,7.0,5.314878487949384,5.426356589147287,1.317057391974502,0.5703093384228929,0.6357096875764403,no clear signal,,,
"UNISA, INC",111,10.0,7.6049879539442315,9.00900900900901,1.3149264746453182,0.4714614554757115,0.536716972245077,no clear signal,,,
SEQUOIA FINANCIAL SERVICES,419,14.0,10.65609458237755,3.341288782816229,1.3138021525402386,0.3758109139441507,0.44008186215869377,no clear signal,2.0,0.0,False
"RECEIVABLE RECOVERY SERVICES, LLC",241,13.0,9.898794295630765,5.394190871369295,1.3132912566672972,0.39789917276734926,0.4636042331488814,no clear signal,,,
CORELOGIC INC,9550,42.0,31.99267067368112,0.4397905759162304,1.3128006857693018,0.10210284419117581,0.13927669619797287,no clear signal,12.0,7.0,False
"EMPOWERMENT VENTURES, LLC",1062,19.0,14.63492600027805,1.7890772128060264,1.2982641661214425,0.31142359775200157,0.3738158902204509,no clear signal,3.0,2.0,False
SELF FINANCIAL INC.,12507,175.0,135.25181512060212,1.3992164387942752,1.2938828203078456,0.0011854502905784482,0.0023273670959096655,WORSE than expected,7.0,1.0,False
"AMERINATIONAL COMMUNITY SERVICES, INC.",107,2.0,1.5576781104594697,1.8691588785046729,1.2839623196669678,0.9225803936591677,0.9620305680316903,no clear signal,,,
"BMW FINANCIAL SERVICES NA, LLC",3306,66.0,51.95657754272829,1.9963702359346642,1.270291522680119,0.06765246902298043,0.09714559084911446,no clear signal,13.0,5.0,False
CREDIT CARD RECEIVABLES FUND INCORPORATED,542,25.0,19.792910642214505,4.612546125461255,1.2630785058302525,0.2909423325044722,0.35220584306752767,no clear signal,5.0,1.0,False
"SIMM ASSOCIATES, INC.",603,29.0,22.98871332604827,4.8092868988391375,1.2614886091576254,0.25377355804344265,0.31383028975123245,no clear signal,3.0,2.0,False
"DAVE OPERATING, LLC",770,26.0,20.644296831919707,3.3766233766233764,1.2594277350149043,0.2864364260995199,0.34863978308085175,no clear signal,4.0,2.0,False
"KIMBALL, TIREY & ST. JOHN LLP",1221,44.0,35.25718669237574,3.6036036036036037,1.2479725164661215,0.17196136581669846,0.22152576319296652,no clear signal,6.0,5.0,False
TOLEDO FINANCE CORPORATION,115,4.0,3.20522110993471,3.4782608695652173,1.2479638261466084,0.797284773901767,0.849215199788089,no clear signal,,,
HOME POINT FINANCIAL CORPORATION,838,16.0,12.864483637352166,1.909307875894988,1.2437343348584804,0.4490611560681623,0.5133182622818632,no clear signal,5.0,2.0,False
"ALDRIDGE PITE, LLP",219,8.0,6.433073330069226,3.65296803652968,1.2435735751070496,0.6349632321935527,0.6949597580701088,no clear signal,1.0,0.0,False
"GLOBAL CLIENT SOLUTIONS, LLC",266,17.0,13.716238396378499,6.390977443609023,1.239406862780142,0.44007603326402783,0.5046274747812642,no clear signal,,,
"AMERICOR FUNDING, LLC",227,14.0,11.308963737057962,6.167400881057269,1.2379560431451269,0.4961715037450455,0.5606520870338162,no clear signal,2.0,0.0,False
"GLASS MOUNTAIN CAPITAL, LLC",176,9.0,7.293368503293729,5.113636363636363,1.233997705715205,0.6197596349692512,0.6821436396570942,no clear signal,,,
UMB FINANCIAL CORPORATION,706,11.0,8.929795091186179,1.5580736543909348,1.2318311772749566,0.5714400078355709,0.6363334705029761,no clear signal,5.0,4.0,False
"NATIONAL CREDIT SERVICES, INC.",112,5.0,4.060687695267764,4.464285714285714,1.2313185290823743,0.7660352420245035,0.8196989887714086,no clear signal,,,
"SOUTHWEST CREDIT SYSTEMS, L.P.",8178,306.0,248.67113122850287,3.7417461482024943,1.2305409095469866,0.0004860404357495341,0.0010144087172550336,WORSE than expected,13.0,3.0,False
"OPTUM BANK, INC.",915,15.0,12.22024946365403,1.639344262295082,1.2274708502975835,0.4965199418263509,0.5606520870338162,no clear signal,5.0,3.0,False
"SUN WEST MORTGAGE COMPANY, INC.",439,9.0,7.35579171070692,2.050113895216401,1.2235256725526646,0.6366672666843969,0.6962765544384828,no clear signal,1.0,0.0,False
LANIER COLLECTIONS AGENCY AND SERVICES INC,251,9.0,7.427857384046837,3.585657370517928,1.2116549274801274,0.6563012937124058,0.7154970966747012,no clear signal,1.0,0.0,False
MINTO FINANCIAL DBA MINTO MONEY,195,10.0,8.283511406701189,5.128205128205129,1.2072175082550387,0.6382339020783763,0.6968932630706544,no clear signal,,,
"CASCADE CISS HOLDINGS, LLC",1684,5.0,4.175979275112265,0.29691211401425177,1.1973239498094927,0.8110004237010843,0.8605271671332115,no clear signal,5.0,2.0,False
"CREDIT COUNSEL, INC.",124,5.0,4.18078353883451,4.032258064516129,1.195948068957874,0.8128703729990111,0.8618534084428875,no clear signal,,,
"MCNEIL & MEYERS ASSET MANAGEMENT GROUP, LLC",136,4.0,3.3555035183390864,2.9411764705882355,1.1920714665141903,0.8637811711781397,0.9088991884463392,no clear signal,,,
GUILD HOLDINGS COMPANY,798,17.0,14.306403519742972,2.130325814536341,1.1882790791228446,0.5423166356988092,0.6079194545333425,no clear signal,6.0,2.0,False
"MID-SOUTH ADJUSTMENT CO., INC.",168,5.0,4.221005464312677,2.9761904761904763,1.184551889892938,0.8285096561144327,0.8757630585544193,no clear signal,,,
"COMMONWEALTH FINANCIAL SYSTEMS, INC.",4125,199.0,170.4473925497052,4.824242424242424,1.167515659953369,0.03521078183660326,0.054746070193376434,no clear signal,11.0,4.0,False
TCF NATIONAL BANK,2491,60.0,51.51192395211043,2.408671216378964,1.1647788588867456,0.26758816977628774,0.3291571291938407,no clear signal,10.0,4.0,False
"DEINDE ONLINE SERVICES, LLC",298,10.0,8.59133349320854,3.3557046979865772,1.163963662672973,0.7178351297688553,0.7728821304250263,no clear signal,2.0,1.0,False
HOLLIS COBB ASSOCIATES,243,11.0,9.531753533367876,4.526748971193416,1.1540373931713848,0.7171928177408811,0.7727891602014144,no clear signal,1.0,1.0,False
"MERCURY TECHNOLOGIES, INC.",292,3.0,2.6035960960978426,1.0273972602739727,1.1522524574745947,0.9649456596876052,1.0,no clear signal,3.0,1.0,False
"EAGLE ACCOUNTS GROUP, INC.",165,5.0,4.378936639442855,3.0303030303030303,1.141829720705017,0.889547558013701,0.9331857401049393,no clear signal,1.0,0.0,False
COMMERCE BANK,1049,19.0,16.648767144880164,1.8112488083889418,1.141225643596252,0.6269408220560052,0.6878040589248992,no clear signal,11.0,4.0,False
SOURCE RECEIVABLES MANAGEMENT LLC,4132,122.0,107.26248763341651,2.952565343659245,1.1373967049594342,0.17331338398581417,0.22285439753957603,no clear signal,10.0,3.0,False
"FARRELL HOLDINGS, LLC",122,3.0,2.650582192102651,2.459016393442623,1.1318268148554047,0.9883868338449427,1.0,no clear signal,,,
EAST WEST BANK,475,9.0,7.972204503157801,1.894736842105263,1.1289223697705055,0.8071456882223711,0.8570912961261236,no clear signal,3.0,2.0,False
MORTGAGE LENDERS INVESTMENT TRADING CORP,103,2.0,1.7721743461608161,1.941747572815534,1.128557133406619,1.0,1.0,no clear signal,,,
CITY NATIONAL BANK,238,4.0,3.576947140807206,1.680672268907563,1.1182720466753457,0.9597530899712836,0.9970529111061914,no clear signal,,,
"LD HOLDINGS GROUP, LLC",3003,55.0,49.25528897826572,1.8315018315018314,1.116631353523663,0.448457526493572,0.5130501743424405,no clear signal,12.0,5.0,False
D2 MANAGEMENT LLC,217,10.0,8.958341211316704,4.608294930875576,1.1162780881093715,0.814206304212053,0.8626118619319768,no clear signal,,,
LENDINGPOINT HOLDINGS LLC,758,21.0,18.835258603627743,2.770448548812665,1.1149302720991217,0.677259367435592,0.7354613443245882,no clear signal,6.0,1.0,False
NVR INC.,213,4.0,3.608064695079586,1.8779342723004695,1.1086275713001783,0.9729924680602322,1.0,no clear signal,,,
"PROPERTY RECEIVABLES, CORP",450,13.0,11.754642542404602,2.888888888888889,1.1059460084050026,0.7919948349562815,0.8442276231512511,no clear signal,3.0,1.0,False
"CEDARS BUSINESS SERVICES, LLC",1098,36.0,32.60574204211038,3.278688524590164,1.1041000064806354,0.5971556459200719,0.6608649266153662,no clear signal,7.0,2.0,False
NETSPEND CORPORATION,5795,130.0,118.78631056072221,2.243313201035375,1.094402203303936,0.325193111282834,0.3877641186568792,no clear signal,12.0,2.0,False
LOBEL FINANCIAL CORPORATION,923,17.0,15.542144244549844,1.8418201516793067,1.093800168915649,0.7774214006629245,0.8299660114604187,no clear signal,6.0,1.0,False
ORACLE FINANCIAL GROUP LLC.,197,14.0,12.837521109209865,7.106598984771574,1.0905532213657785,0.8181972430871213,0.8655206757162089,no clear signal,1.0,0.0,False
"FIRST FINANCIAL RESOURCES, INC.",256,8.0,7.338481867831086,3.125,1.0901437305539639,0.9031737549931068,0.9446286827994119,no clear signal,1.0,0.0,False
WORLD ACCEPTANCE CORPORATION,4599,112.0,103.5758130031991,2.43531202435312,1.0813335348527817,0.4323440095167288,0.4975949300672156,no clear signal,13.0,5.0,False
"OLIPHANT UNITED, INC.",603,17.0,15.822244964518276,2.8192371475953566,1.0744366578903857,0.8328139931973791,0.8796439593802104,no clear signal,2.0,1.0,False
"ADVANCE AMERICA, CASH ADVANCE CENTERS, INC.",1118,64.0,59.98104384758004,5.724508050089446,1.0670037714354,0.6373667123572603,0.696493498566503,no clear signal,10.0,1.0,False
"COMMUNITY CHOICE FINANCIAL, INC.",1190,79.0,74.35559624020419,6.638655462184874,1.0624620606200528,0.6202887224485095,0.6821436396570942,no clear signal,9.0,2.0,False
FREEDOM FINANCIAL NETWORK,1140,38.0,35.784496181115614,3.3333333333333335,1.0619123937828014,0.754842882714364,0.8095922893309923,no clear signal,8.0,3.0,False
"EAGLE HOME MORTGAGE, LLC",118,2.0,1.8852127814073958,1.694915254237288,1.060888203031867,1.0,1.0,no clear signal,,,
FIRSTPOINT COLLECTION RESOURCES,1551,45.0,42.633067098563934,2.9013539651837523,1.0555187102997756,0.7571030024035993,0.8113902647193546,no clear signal,8.0,2.0,False
"COLLECTION INFORMATION BUREAU, INC.",325,17.0,16.155709083998104,5.230769230769231,1.052259601334252,0.8989655319235956,0.9416443778250173,no clear signal,4.0,2.0,False
BANK OF HAWAII CORPORATION,357,6.0,5.713245346239881,1.680672268907563,1.0501912024395808,1.0,1.0,no clear signal,,,
KIRSCHENBAUM & PHILLIPS P.C,141,6.0,5.765096779958523,4.25531914893617,1.040745754842847,1.0,1.0,no clear signal,,,
"MID-ATLANTIC FINANCE CO., INC.",503,9.0,8.770481167468834,1.7892644135188867,1.0261694687154097,1.0,1.0,no clear signal,3.0,0.0,False
"MARLETTE FUNDING, LLC",1209,27.0,26.338878404479765,2.2332506203473947,1.025100597883006,0.9490109122463972,0.9881087400917543,no clear signal,6.0,2.0,False
TEXAS GUARANTEED,333,14.0,13.683005957268538,4.2042042042042045,1.0231669885784909,1.0,1.0,no clear signal,1.0,0.0,False
"BRAVIANT HOLDINGS, LLC",347,13.0,12.801576686681452,3.7463976945244957,1.0154999120948114,1.0,1.0,no clear signal,2.0,1.0,False
"RECEIVABLES PERFORMANCE MANAGEMENT, LLC",2442,112.0,110.476419536804,4.586404586404586,1.0137910014606188,0.9099645527652501,0.9510155852208253,no clear signal,10.0,6.0,False
"NATIONAL CONSUMER TELECOM & UTILITIES EXCHANGE, INC.",2005,4.0,3.9461339490486935,0.19950124688279303,1.0136503351499997,1.0,1.0,no clear signal,4.0,0.0,False
STATE EMPLOYEES’ CREDIT UNION,2085,30.0,29.684212748527152,1.4388489208633093,1.0106382222142145,1.0,1.0,no clear signal,8.0,3.0,False
"UNITED BANKSHARES, INC.",238,3.0,2.976400714390148,1.2605042016806722,1.007928799874209,1.0,1.0,no clear signal,,,
"LOVE, BEAL & NIXON, P.C.",199,8.0,7.975534177514534,4.0201005025125625,1.0030676092586304,1.0,1.0,no clear signal,,,
"DESIGNED RECEIVABLE SOLUTIONS, INC.",513,18.0,17.948877899344513,3.508771929824561,1.0028482059403476,1.0,1.0,no clear signal,2.0,0.0,False
"RGS FINANCIAL, INC.",263,11.0,11.135299965316747,4.182509505703422,0.9878494548204209,1.0,1.0,no clear signal,,,
CATHAY BANK,140,2.0,2.0274264666315434,1.4285714285714286,0.9864722755261695,1.0,1.0,no clear signal,,,
"AR RESOURCES, INC.",1294,42.0,42.60024098864665,3.2457496136012365,0.9859099156550167,1.0,1.0,no clear signal,11.0,6.0,False
REVERSE MORTGAGE INVESTMENT TR,130,2.0,2.037493723996313,1.5384615384615385,0.981598115589395,1.0,1.0,no clear signal,,,
LCS FINANCIAL SERVICES CORPORATION,105,3.0,3.096039387484141,2.857142857142857,0.9689799206455887,1.0,1.0,no clear signal,,,
"AVADYNE HEALTH HOLDINGS, INC",387,12.0,12.414241685223177,3.10077519379845,0.9666317366999344,1.0,1.0,no clear signal,2.0,1.0,False
"BLOCK, INC.",70370,982.0,1037.7522846920508,1.3954810288475203,0.9462759219955896,0.08443714401465614,0.11795741726670556,no clear signal,8.0,2.0,False
"HEALTHCARE COLLECTIONS-I, LLC",198,8.0,8.49002605814865,4.040404040404041,0.9422821491014944,1.0,1.0,no clear signal,,,
EXTO INC.,232,3.0,3.186438352880891,1.293103448275862,0.941490048689525,1.0,1.0,no clear signal,2.0,1.0,False
"MOUNTAIN RUN SOLUTIONS, LLC",325,8.0,8.542416579875647,2.4615384615384617,0.9365031458248617,1.0,1.0,no clear signal,2.0,1.0,False
"COLLECTION ASSOCIATES, LTD.",108,3.0,3.2069662585006933,2.7777777777777777,0.9354635372442449,1.0,1.0,no clear signal,,,
XOOM CORPORATION,295,6.0,6.446510396640289,2.0338983050847457,0.9307361085040683,1.0,1.0,no clear signal,1.0,0.0,False
"RECEIVABLE MANAGEMENT GROUP, INC. (GA)",351,10.0,10.784056334708099,2.849002849002849,0.9272948591538194,0.9718107558096618,1.0,no clear signal,1.0,0.0,False
"PARAMOUNT RECOVERY SYSTEMS, L.P.",1190,31.0,33.74941013706288,2.6050420168067228,0.91853457213335,0.7169794065735677,0.7727891602014144,no clear signal,9.0,2.0,False
"AMERICAN PROFIT RECOVERY, INC., MARLBOROUGH, MA BRANCH",490,12.0,13.13308420438034,2.4489795918367347,0.9137229163578791,0.897102317211766,0.9404013732461197,no clear signal,3.0,2.0,False
"NATIONAL RECOVERY SOLUTIONS, LLC",178,6.0,6.603976406408119,3.3707865168539324,0.9085435245010787,1.0,1.0,no clear signal,,,
"BULL CITY FINANCIAL SOLUTIONS, INC",2623,63.0,69.39141313960727,2.4018299656881434,0.9078933134457357,0.485628260090796,0.551489609090038,no clear signal,10.0,3.0,False
FIRSTBANK PUERTO RICO,866,13.0,14.376397760478731,1.5011547344110854,0.9042598999130017,0.8502906817757155,0.8960606881487829,no clear signal,11.0,5.0,False
"SECOND ALLIANCE, INC.",173,6.0,6.6431046919574195,3.468208092485549,0.9031921485843803,1.0,1.0,no clear signal,2.0,1.0,False
CREDIT INTERNATIONAL CORPORATION,132,4.0,4.429305640691961,3.0303030303030303,0.9030760856175882,1.0,1.0,no clear signal,,,
HEARTLAND PAYMENT SYSTEMS INC,1417,61.0,68.03585472268557,4.304869442484121,0.8965860758071793,0.4324422126051773,0.4975949300672156,no clear signal,11.0,1.0,False
"GALAXY CAPITAL ACQUISITIONS, LLC",220,7.0,7.8112173860288685,3.1818181818181817,0.8961471245852394,0.9592161506273107,0.9970529111061914,no clear signal,,,
ADVANCED RESOLUTION SERVICES INC.,2481,4.0,4.474417284325298,0.16122531237404272,0.8939711577667848,1.0,1.0,no clear signal,6.0,0.0,False
"CONSOLIDATED RECOVERY GROUP, LLC",118,3.0,3.3889315570642675,2.542372881355932,0.8852347559945449,1.0,1.0,no clear signal,,,
"VOLVO CAR FINANCIAL SERVICES U.S., LLC",403,4.0,4.523536739372048,0.9925558312655087,0.8842638471761977,1.0,1.0,no clear signal,3.0,2.0,False
FIRST PORTFOLIO SERVICING INC,1590,13.0,14.767721567808508,0.8176100628930818,0.8802982870653598,0.7715216207582613,0.8249346560415255,no clear signal,5.0,2.0,False
ROUNDPOINT MORTGAGE SERVICING LLC,3029,43.0,49.11388406147044,1.419610432485969,0.8755161767735908,0.42791525454526214,0.4932024907279555,no clear signal,14.0,7.0,False
FIRST ASSOCIATES LOAN SERVICING LLC,386,7.0,8.147009897829127,1.8134715025906736,0.8592109360104297,0.8652710048919355,0.9097781367623226,no clear signal,4.0,0.0,False
TCF FINANCIAL CORPORATION,130,2.0,2.338502894547508,1.5384615384615385,0.8552480326893043,1.0,1.0,no clear signal,,,
"CB1, INC.",104,3.0,3.522708170292775,2.8846153846153846,0.851617521229602,1.0,1.0,no clear signal,,,
OLIVER ADJUSTMENT CO.,204,6.0,7.05816958597647,2.9411764705882355,0.8500787529844996,0.8821602630611265,0.9261350193768624,no clear signal,1.0,1.0,False
FINANCIAL CORPORATION OF AMERICA,165,7.0,8.245325383952745,4.242424242424242,0.848965889645007,0.8385451049060536,0.8850248259828507,no clear signal,,,
CONTRACT CALLERS INC,1927,47.0,55.384391425223384,2.4390243902439024,0.8486145426632795,0.2877041900608537,0.3495706505110023,no clear signal,10.0,5.0,False
VERISK ANALYTICS INC,435,1.0,1.1805132525759157,0.22988505747126436,0.8470891773709187,1.0,1.0,no clear signal,4.0,0.0,False
"NRA GROUP, LLC",4200,103.0,122.76501599178937,2.4523809523809526,0.8390012347401049,0.07639750923176361,0.10780968307832631,no clear signal,13.0,5.0,False
CAC FINANCIAL CORP,364,10.0,11.919787829875526,2.7472527472527473,0.8389411072348278,0.7113889365002479,0.76772563799328,no clear signal,2.0,2.0,True
ASTA FUNDING INC.,203,9.0,10.73536755884379,4.433497536945813,0.838350429146304,0.7398119989225881,0.794083921623473,no clear signal,,,
"DLC, LLC",142,5.0,5.967809641792049,3.5211267605633805,0.8378283323558844,0.9017278557170676,0.9438265959689186,no clear signal,,,
"JH PORTFOLIO DEBT EQUITIES, LLC",866,39.0,46.754176656360904,4.503464203233256,0.8341500757600028,0.28680470523037876,0.3487826249083346,no clear signal,6.0,0.0,False
TSC ACCOUNTS RECEIVABLE SOLUTIONS,127,4.0,4.796700709084174,3.1496062992125986,0.8339065208768702,0.9537189693510408,0.9922674905673255,no clear signal,,,
TRUIST FINANCIAL CORPORATION,24657,249.0,298.82872655986773,1.0098552135296264,0.833253224569476,0.0034104179120559783,0.006270477377986521,BETTER than expected,7.0,1.0,False
"FORIS DAX, INC.",1109,17.0,20.5826951660831,1.532912533814247,0.825936538574074,0.5094947258987811,0.5748357702916442,no clear signal,6.0,2.0,False
CNG FINANCIAL CORPORATION,2722,102.0,123.66009166306169,3.7472446730345332,0.8248416981439798,0.051664153122544035,0.07639699238333639,no clear signal,14.0,3.0,False
POSSIBLE FINANCIAL INC,2722,41.0,49.82371726695158,1.5062454077883909,0.8229012656828716,0.23396947836781898,0.29063232790998067,no clear signal,6.0,1.0,False
"DUVERA BILLING SERVICES, LLC",822,19.0,23.316125927287864,2.3114355231143553,0.8148866608137282,0.4367272289857701,0.5019793043828655,no clear signal,5.0,1.0,False
MODERN ADJUSTMENT BUREAU,108,3.0,3.6900443160440575,2.7777777777777777,0.8129983661595086,0.9924662928314127,1.0,no clear signal,,,
"PARADIGM ASSETS, LLC",162,3.0,3.6930061129080727,1.8518518518518519,0.8123463401574599,0.9912279455020456,1.0,no clear signal,2.0,0.0,False
"NORTHERN TRUST COMPANY, THE",135,2.0,2.4635547022973716,1.4814814814814814,0.8118350277080972,1.0,1.0,no clear signal,,,
"CREDIT BUREAU OF THE SOUTH, INC.",120,3.0,3.696620795269424,2.5,0.8115520000967122,0.9897175548262969,1.0,no clear signal,,,
FCI LENDER SERVICES INC.,486,8.0,9.870460636846433,1.646090534979424,0.8104991544301384,0.6951858512433207,0.7514061689177416,no clear signal,1.0,0.0,False
INNOVIS,1502,9.0,11.144314851244427,0.5992010652463382,0.8075866592188946,0.650112857083667,0.7093068063942677,no clear signal,6.0,2.0,False
AMERICAN PACIFIC MORTGAGE,151,2.0,2.4773002170049296,1.3245033112582782,0.8073304907783893,1.0,1.0,no clear signal,,,
"TIDEWATER FINANCE COMPANY, INC.",390,8.0,9.93963854360585,2.051282051282051,0.8048582415651708,0.6793143544955687,0.7371170591325842,no clear signal,2.0,1.0,False
METRO COLLECTION SERVICE INC.,181,5.0,6.234831660378815,2.7624309392265194,0.8019462709432976,0.8174693261793862,0.8654092638151918,no clear signal,,,
"WELTMAN, WEINBERG & REIS CO., L.P.A.",984,32.0,40.16351836333091,3.252032520325203,0.7967429474310159,0.2210254216209958,0.2772791841635236,no clear signal,9.0,3.0,False
RJM ACQUISITION LLC,165,7.0,8.822390828499454,4.242424242424242,0.7934357178314426,0.6902079603134337,0.7466062761367104,no clear signal,1.0,0.0,False
REVENUE RECOVERY CORPORATION,197,11.0,13.9418670517162,5.583756345177665,0.7889904529426663,0.5299489164683364,0.5950153423998285,no clear signal,2.0,2.0,True
"GVA HOLDINGS, LLC",769,35.0,44.39975412129345,4.551365409622887,0.7882926537022089,0.1743249473851213,0.22394794534687487,no clear signal,8.0,3.0,False
"HALSTED FINANCIAL SERVICES, LLC.",2247,58.0,73.74353547592086,2.5812194036493104,0.7865096191236786,0.06844979979161049,0.09808785743333875,no clear signal,11.0,4.0,False
"C.TECH COLLECTIONS, INC.",130,4.0,5.1185444410426495,3.076923076923077,0.7814721638296841,0.8398896254882197,0.8857713045740707,no clear signal,,,
"SUNBIT, INC.",954,12.0,15.404159589570353,1.2578616352201257,0.7790103660133982,0.4709710154807084,0.5365981241952335,no clear signal,4.0,1.0,False
"LOCKHART, MORRIS & MONTGOMERY INC.",2663,51.0,65.57854074782229,1.915133308298911,0.7776934255996477,0.07416444255206461,0.10487138875622565,no clear signal,7.0,4.0,False
"LENTEGRITY MANAGEMENT, LLC",162,1.0,1.2861419891677632,0.6172839506172839,0.7775191296313092,1.0,1.0,no clear signal,1.0,0.0,False
UNITED CREDIT AND COLLECTIONS INC.,155,3.0,3.8624780939951484,1.935483870967742,0.7767034341667824,0.9215759166757176,0.9617045977321677,no clear signal,,,
ADVANCE BUREAU OF COLLECTIONS,117,3.0,3.8821661855415583,2.5641025641025643,0.772764445574991,0.9136460183630708,0.9541457291695481,no clear signal,,,
"EASTERN REVENUE, INC.",276,7.0,9.074095937381681,2.536231884057971,0.7714267127331961,0.6305817265843568,0.6907081165896423,no clear signal,1.0,0.0,False
"COLLECTIONS ACQUISITION COMPANY, INC.",269,7.0,9.090457045138503,2.6022304832713754,0.7700382901807493,0.6268199545173839,0.6878040589248992,no clear signal,,,
"AUTOMATED COLLECTION SERVICES, INC.",300,7.0,9.128197898979662,2.3333333333333335,0.7668545399067707,0.6181964471803598,0.6819728830677133,no clear signal,,,
GARRISON INVESTMENT GROUP,179,4.0,5.2173335520560675,2.2346368715083798,0.7666751531390329,0.8064414429249054,0.8569981694691272,no clear signal,1.0,0.0,False
"UPLIFT, INC",354,4.0,5.226469607014914,1.1299435028248588,0.7653349776742682,0.8033861770729017,0.8550587948938235,no clear signal,3.0,0.0,False
"COMMUNITY LOAN SERVICING, LLC (FORMERLY KNOWN AS BAYVIEW LOAN SERVICING, LLC)",4016,55.0,72.58118768744409,1.3695219123505975,0.7577721135791571,0.038262482717799765,0.05893503892793887,no clear signal,12.0,3.0,False
CREDIT SERVICE INTERNATIONAL CORP,369,7.0,9.295402672626706,1.897018970189702,0.7530604371356332,0.5809046663554119,0.645965988987218,no clear signal,3.0,0.0,False
"STATE FARM BANK, FSB",927,14.0,18.6996124861963,1.5102481121898597,0.7486786162191614,0.33158221915245006,0.39494368862202706,no clear signal,8.0,2.0,False
"FEIN, SUCH, KAHN & SHEPARD, P.C.",158,5.0,6.6955951284989,3.1645569620253164,0.7467596089730952,0.6825196439291646,0.7394406118951978,no clear signal,,,
MIDCOUNTRY FINANCIAL CORP,177,5.0,6.70413108738848,2.824858757062147,0.7458088057683989,0.6801552650486398,0.737453836519196,no clear signal,1.0,1.0,False
FACTUAL DATA CORP.,304,2.0,2.682251366101864,0.6578947368421053,0.7456422709951361,0.9959644491055173,1.0,no clear signal,2.0,1.0,False
"NATIONAL COMMERCIAL SERVICES, INC",217,6.0,8.04967300100527,2.7649769585253456,0.7453718926533661,0.6146901039633713,0.6786491219293774,no clear signal,,,
SCOTTRADE BANK,195,2.0,2.6839261885125363,1.0256410256410255,0.7451769756412056,0.9951403334057503,1.0,no clear signal,1.0,0.0,False
VELOCITY PORTFOLIO GROUP,2841,43.0,58.44616415623728,1.5135515663498769,0.735719796513132,0.042783688039991885,0.06485204621111093,no clear signal,6.0,0.0,False
SUN LOAN COMPANY INC.,736,14.0,19.097231503456197,1.9021739130434783,0.7330905528095156,0.28964052362396875,0.3513091865945171,no clear signal,4.0,1.0,False
"F.H. CANN & ASSOCIATES, INC.",499,12.0,16.432178526110054,2.404809619238477,0.7302744417566116,0.3321395356077058,0.3952687966564307,no clear signal,3.0,0.0,False
"ABILITY RECOVERY SERVICES, LLC",4427,93.0,127.55719552210229,2.10074542579625,0.729084702900085,0.0016230225276230583,0.0031160239135304573,BETTER than expected,11.0,1.0,False
REVOLUT TECHNOLOGIES INC.,476,5.0,6.893803210047051,1.050420168067227,0.725289052741306,0.6289531150077717,0.6894675314359643,no clear signal,3.0,0.0,False
MERCHANTS CREDIT CORPORATION,154,5.0,6.902417877573306,3.2467532467532467,0.7243838447170136,0.6266888532312017,0.6878040589248992,no clear signal,,,
OCWEN FINANCIAL CORPORATION,37673,544.0,751.5528544359726,1.4440049903113636,0.7238346535298075,2.0172208530186878e-15,7.920725948293719e-15,BETTER than expected,16.0,4.0,False
GATEWAY FIRST BANK,297,3.0,4.158397621358498,1.0101010101010102,0.7214317324036792,0.8063045421384863,0.8569981694691272,no clear signal,,,
"TOTAL CARD, INC.",618,9.0,12.541473903245848,1.4563106796116505,0.7176190031118047,0.3965522789875324,0.46242254009452194,no clear signal,5.0,1.0,False
"PARAMOUNT GR HOLDINGS, LLC",2193,57.0,80.06727606669499,2.5991792065663475,0.7119013259864087,0.00835417157721651,0.01462506107346467,BETTER than expected,5.0,1.0,False
USI SOLUTIONS INC.,131,4.0,5.628486516912556,3.053435114503817,0.7106706195316882,0.6757022317028515,0.7343440985668206,no clear signal,,,
"URS HOLDING, LLC",1046,39.0,55.02074736351918,3.72848948374761,0.7088235232852992,0.02919709594733124,0.04622319290067246,BETTER than expected,7.0,1.0,False
"DAILYPAY, INC",248,5.0,7.056643677365041,2.0161290322580645,0.7085521430022107,0.5870650965139759,0.6512068630288839,no clear signal,2.0,1.0,False
"HAYT HAYT & LANDAU, P.L. (FL)",212,5.0,7.073448964950668,2.358490566037736,0.7068687460353892,0.5828524108044905,0.6476137897827672,no clear signal,,,
CONSUMER ADJUSTMENT COMPANY INCORPORATED,2456,38.0,54.217097296847456,1.5472312703583062,0.7008859178119367,0.02583931734747169,0.04109456649083026,BETTER than expected,7.0,1.0,False
UMPQUA HOLDINGS CORPORATION,401,6.0,8.58109554051319,1.4962593516209477,0.6992114202286545,0.4952753709392945,0.5605338009554877,no clear signal,2.0,1.0,False
"WINN LAW GROUP, APC",155,5.0,7.153741102241718,3.225806451612903,0.6989349947865998,0.563011063506883,0.6280781527083205,no clear signal,,,
WSFS FINANCIAL CORPORATION,575,6.0,8.590117364402692,1.0434782608695652,0.6984770691101269,0.4934006517864366,0.5594020440319305,no clear signal,6.0,2.0,False
TERRILL OUTSOURCING GROUP,177,4.0,5.818009957624083,2.2598870056497176,0.6875203083415641,0.6203090363500483,0.6821436396570942,no clear signal,,,
SMITH DEBNAM NARRON DRAKE SAINTSING & MYERS LLP,124,3.0,4.370085887178505,2.4193548387096775,0.6864853637778078,0.729373477221927,0.7834846470931055,no clear signal,,,
"LDF HOLDINGS, LLC",1008,36.0,52.58788941420475,3.5714285714285716,0.6845682608869995,0.020091398403840763,0.032586982241935424,BETTER than expected,9.0,1.0,False
NISSAN MOTOR ACCEPTANCE COMPANY LLC,5423,63.0,92.22251717822041,1.161718605937673,0.6831303452523664,0.0016202964567569576,0.0031150927730182174,BETTER than expected,14.0,2.0,False
VILLAGE CAPITAL & INVESTMENT LLC,864,11.0,16.18118610427391,1.2731481481481481,0.6798018346191933,0.23651625468113657,0.2932717163307581,no clear signal,6.0,1.0,False
"ATG CREDIT, LLC",600,15.0,22.106852659318257,2.5,0.678522638711185,0.14764854406250463,0.193068180853134,no clear signal,3.0,0.0,False
KEYBRIDGE MEDICAL REVENUE MANAGEMENT,172,4.0,5.9099927799900795,2.3255813953488373,0.676819777774198,0.5945697821143302,0.6585274877600947,no clear signal,,,
"CREDITNINJA LENDING, LLC",289,7.0,10.439300746022727,2.422145328719723,0.6705429961548844,0.36644871987205657,0.43093377379201236,no clear signal,2.0,0.0,False
REGIONS FINANCIAL CORPORATION,10147,109.0,163.1739455961548,1.0742091258500048,0.6679988009223489,8.305028550547039e-06,2.1027303616139134e-05,BETTER than expected,15.0,1.0,False
"CREDIT SYSTEMS INTERNATIONAL, INC.",2407,47.0,70.72508973674023,1.9526381387619443,0.664544932709848,0.0035327486737475153,0.006461211390143482,BETTER than expected,11.0,4.0,False
HIGHER EDUCATION STUDENT ASSISTANCE AUTHORITY (HESAA),318,6.0,9.064350379524043,1.8867924528301887,0.6619338119975733,0.40196371410240894,0.4675561193325092,no clear signal,,,
"HIRERIGHT SOLUTIONS, INC.",461,1.0,1.5113027853032552,0.21691973969631237,0.6616807761651428,1.0,1.0,no clear signal,2.0,0.0,False
"UPSTART HOLDINGS, INC.",3498,48.0,73.24518503659736,1.3722126929674099,0.6553331795942154,0.0022005139505027987,0.004184287812857579,BETTER than expected,7.0,3.0,False
SECURITY FINANCE CORP,2099,37.0,56.559157648305906,1.7627441638875656,0.6541823028919923,0.00741412515259527,0.013054911627194521,BETTER than expected,13.0,4.0,False
"CENTRAL BANCOMPANY, INC",135,1.0,1.5386210302181662,0.7407407407407407,0.6499326217179071,1.0,1.0,no clear signal,,,
MASSACHUSETTS EDUCATIONAL FINANCING AUTHORITY,187,4.0,6.158469518357715,2.1390374331550803,0.6495120237384375,0.5288095817828244,0.5942161024075392,no clear signal,,,
"SF VAGO, LLC",136,1.0,1.5576690251461276,0.7352941176470589,0.6419849042746345,1.0,1.0,no clear signal,,,
LENDUP LOANS LLC,198,5.0,7.819061094870741,2.525252525252525,0.6394629661200589,0.4167569204894131,0.48314605461241383,no clear signal,1.0,1.0,False
"FAIR COLLECTIONS & OUTSOURCING, INC.",6434,114.0,178.55234307037048,1.771837115324837,0.638468238722976,3.0446886809588915e-07,8.498227442837067e-07,BETTER than expected,13.0,2.0,False
360 MORTGAGE GROUP LLC,105,1.0,1.5664031171777562,0.9523809523809523,0.6384052668394425,1.0,1.0,no clear signal,,,
"KRAMER & FRANK, P.C.",136,4.0,6.296914611990628,2.9411764705882355,0.6352317359335272,0.4945516495403298,0.560250034931588,no clear signal,,,
"SYNERPRISE CONSULTING SERVICES, INC.",896,16.0,25.27438713837124,1.7857142857142858,0.633051947507325,0.06742212985224147,0.09691495397581762,no clear signal,7.0,0.0,False
"SELECT MANAGEMENT RESOURCES, LLC",374,12.0,18.958287286605373,3.2085561497326203,0.6329685703454013,0.12329918190084606,0.16369232363149572,no clear signal,,,
GLACIER BANCORP INC.,118,1.0,1.5847284781146531,0.847457627118644,0.6310229252582733,1.0,1.0,no clear signal,,,
POPULAR BANK,653,10.0,15.914621181174196,1.5313935681470139,0.628353002321491,0.1607084019336124,0.2085757970940441,no clear signal,5.0,1.0,False
THE ALIGNED COMPANY DBA EXTRA,168,1.0,1.5921397506831358,0.5952380952380952,0.6280855682241036,1.0,1.0,no clear signal,,,
HUNT & HENRIQUES,432,10.0,16.038755775852692,2.314814814814815,0.6234897606618338,0.1521682044061841,0.1986045109151135,no clear signal,1.0,0.0,False
"ALDRIDGE PITE HAAN, LLP",223,4.0,6.419999475843833,1.7937219730941705,0.6230530103702614,0.46551154661446453,0.5308130022921294,no clear signal,,,
"AVANT HOLDING COMPANY, INC.",3096,22.0,35.33750593466853,0.710594315245478,0.6225679888295819,0.022308699033100277,0.03584866087399929,BETTER than expected,6.0,2.0,False
"MEDICAL DATA SYSTEMS, INC.",2976,58.0,93.44853645523987,1.9489247311827957,0.6206624758407098,0.00011027651037769325,0.00024803292787215793,BETTER than expected,13.0,3.0,False
"LOANCARE, LLC",8333,83.0,133.75988465721716,0.9960398415936638,0.6205148891440947,3.213667449627557e-06,8.39661232139531e-06,BETTER than expected,15.0,3.0,False
VIVA FINANCE INC.,111,1.0,1.6120230894203265,0.9009009009009009,0.6203385091460407,1.0,1.0,no clear signal,1.0,0.0,False
"CHARLES SCHWAB CORPORATION, THE",1421,11.0,17.77260168784414,0.7741027445460943,0.6189302046601105,0.1214314546922176,0.16152126509299758,no clear signal,9.0,3.0,False
FORSTER & GARBUS LLP,284,8.0,13.02389292918677,2.816901408450704,0.6142556640704455,0.19734061738716288,0.25115548402413646,no clear signal,,,
KINGS CREDIT SERVICES,159,4.0,6.518558781756073,2.5157232704402515,0.6136325733834093,0.44320786640373744,0.5074620546138344,no clear signal,,,
"UHG, LLC",175,3.0,4.910301075545279,1.7142857142857142,0.6109604999458931,0.5556876308867958,0.6209049894956963,no clear signal,,,
"AMSHER COLLECTION SERVICES, INC.",5120,82.0,134.25698688405387,1.6015625,0.6107689581236937,1.60601384355018e-06,4.268373312685947e-06,BETTER than expected,13.0,2.0,False
"AUTO TRAKK, LLC",249,3.0,4.9193973706479435,1.2048192771084338,0.6098307930763609,0.5530465480166308,0.6184510874844061,no clear signal,,,
"SOLOMON AND SOLOMON, P.C.",200,6.0,9.844638601484997,3.0,0.6094687923937544,0.2804922184379812,0.342906054202985,no clear signal,,,
OKLAHOMA STUDENT LOAN AUTHORITY,195,3.0,4.931047321602486,1.5384615384615385,0.6083900243376823,0.5496776834623659,0.6156744399779924,no clear signal,,,
"ARS NATIONAL SERVICES, INC.",556,12.0,19.94190195466503,2.158273381294964,0.6017480191849417,0.08009590858161401,0.1124578918469126,no clear signal,3.0,0.0,False
"COMPLETE CREDIT SOLUTIONS, INC.",428,6.0,9.991253928938262,1.4018691588785046,0.6005252236280217,0.2613877475431882,0.3223859530479429,no clear signal,4.0,0.0,False
"PRIMELENDING, A PLAINSCAPITAL COMPANY",207,2.0,3.3352120997546475,0.966183574879227,0.5996620125440084,0.7048078915803148,0.7612144283579158,no clear signal,,,
"LEVY & ASSOCIATES, LLC",207,4.0,6.691540884452083,1.932367149758454,0.5977696421603091,0.4060695521532875,0.47154275479788604,no clear signal,1.0,0.0,False
HANCOCK WHITNEY BANK,592,6.0,10.049691395020616,1.0135135135135136,0.5970332584513847,0.2540782353891564,0.3139277752808244,no clear signal,2.0,2.0,True
"FIRST HAWAIIAN, INC.",331,3.0,5.032131701154815,0.9063444108761329,0.5961688163510378,0.521088834178865,0.5866643402113018,no clear signal,,,
"COAST PROFESSIONAL, INC.",466,10.0,16.850771635623303,2.1459227467811157,0.5934446336486776,0.10532728052656153,0.14311331371644234,no clear signal,2.0,0.0,False
FIRST MERCHANTS CORPORATION,152,1.0,1.6862598051080582,0.6578947368421053,0.5930284271562284,0.9950494889023012,1.0,no clear signal,,,
SYNCHRONY FINANCIAL,83349,672.0,1138.4803131720098,0.8062484252960443,0.5902605361068456,1.390412968446169e-50,1.1302187287369444e-49,BETTER than expected,16.0,1.0,False
SPECIALIZED LOAN SERVICING HOLDINGS LLC,8753,86.0,146.0794951007961,0.9825202787615674,0.5887205452117648,1.0144483678256188e-07,2.9194269798708285e-07,BETTER than expected,13.0,1.0,False
"U.S. COLLECTIONS WEST, INC.",415,9.0,15.303205862781962,2.1686746987951806,0.5881120649293738,0.12121109375935078,0.16144413333443722,no clear signal,1.0,0.0,False
"MOUNTAIN LAND COLLECTIONS, INC.",247,5.0,8.52712551029877,2.0242914979757085,0.5863640676991527,0.29513587849723705,0.3567294531401387,no clear signal,1.0,0.0,False
KOHN LAW FIRM S.C.,238,5.0,8.607689823812143,2.100840336134454,0.5808759495687332,0.2833469831541046,0.34578780209324445,no clear signal,,,
"LENNAR FINANCIAL SERVICES, LLC",293,3.0,5.185005374028148,1.023890784982935,0.5785914928896877,0.480020280762967,0.5460132489856989,no clear signal,2.0,1.0,False
FIRST HERITAGE CREDIT LLC,175,4.0,6.9151763234753,2.2857142857142856,0.5784378897788907,0.3617426760424784,0.4268440744474066,no clear signal,,,
"STATES RECOVERY SYSTEMS, INC.",208,4.0,6.923585229551095,1.9230769230769231,0.5777353592654985,0.3601549396121757,0.4256933384871805,no clear signal,,,
OPORTUN FINANCIAL CORPORATION,2171,23.0,39.84034292471509,1.0594196222938739,0.5773042677735556,0.005492709444637618,0.009876929014290154,BETTER than expected,7.0,3.0,False
"ALDOUS & ASSOCIATES, PLLC",5964,92.0,159.52888281978608,1.5425888665325285,0.5766980773251513,8.9160634817685e-09,2.6883575357176173e-08,BETTER than expected,8.0,1.0,False
NEWPORT INTERMEDIATE INC.,380,9.0,15.7574007671438,2.3684210526315788,0.5711601889802888,0.09750151026860322,0.1337878571306599,no clear signal,4.0,1.0,False
"A.R.M. SOLUTIONS, INC.",368,8.0,14.014085775310916,2.1739130434782608,0.5708542196947208,0.12325555939782872,0.16369232363149572,no clear signal,1.0,0.0,False
"TILT FINANCE, INC.",288,4.0,7.011315750937576,1.3888888888888888,0.5705063274985308,0.3439236317501861,0.40720089278769905,no clear signal,2.0,1.0,False
PERFORMANT FINANCIAL CORPORATION,670,18.0,31.55281298068851,2.6865671641791047,0.5704721164168997,0.012852987635330564,0.021734370818867987,BETTER than expected,6.0,1.0,False
FIRST NATIONAL BANK OF OMAHA,4218,29.0,50.901292908494554,0.687529634898056,0.5697301255615139,0.00122476493509833,0.002393591093388581,BETTER than expected,15.0,4.0,False
PHOENIX FINANCIAL SERVICES LLC,2913,51.0,89.70642785083703,1.7507723995880535,0.5685211330095798,1.2510663973336057e-05,3.108877450221284e-05,BETTER than expected,9.0,2.0,False
"MIDWEST FIDELITY SERVICES, LLC",220,4.0,7.042034887884095,1.8181818181818181,0.5680176346303037,0.338382700291686,0.40132419232546374,no clear signal,1.0,0.0,False
SELENE FINANCE LP,1691,16.0,28.205993302897607,0.9461856889414547,0.5672553286168552,0.018425680736173997,0.030096000262375855,BETTER than expected,7.0,1.0,False
"CULLEN/FROST BANKERS, INC.",588,4.0,7.055329438844556,0.6802721088435374,0.5669473034068663,0.3360073880254924,0.39918826440635424,no clear signal,5.0,1.0,False
"AMERICAN COLLECTIONS ENTERPRISE, INC.",402,9.0,15.890772225853901,2.2388059701492535,0.5663664340589577,0.09136484351189735,0.12636530595177842,no clear signal,,,
"RAY KLEIN, INC.",657,15.0,26.5544510488423,2.2831050228310503,0.564877051022825,0.021868804553429644,0.035223219385014146,BETTER than expected,6.0,2.0,False
FROST-ARNETT COMPANY,555,11.0,19.570426065845545,1.981981981981982,0.5620725866156426,0.05278782761556046,0.07781026552028529,no clear signal,5.0,1.0,False
"BIG PICTURE LOANS, LLC",1291,58.0,103.55596926485575,4.492641363284275,0.5600835993496294,1.5201282435651594e-06,4.055620457880176e-06,BETTER than expected,6.0,1.0,False
FIRST HORIZON BANK,1599,14.0,25.022743548468686,0.8755472170106317,0.5594910075660651,0.024535521510647296,0.03920043091931005,BETTER than expected,15.0,2.0,False
"MONEY SOURCE, INC., THE",920,8.0,14.465243828884876,0.8695652173913043,0.5530497857232952,0.09847050554856847,0.1348512341995174,no clear signal,6.0,1.0,False
HSBC NORTH AMERICA HOLDINGS INC.,12404,157.0,286.1477784891718,1.2657207352466946,0.5486675480373896,9.673883546347143e-17,4.0380474863130716e-16,BETTER than expected,15.0,1.0,False
THE J. G. WENTWORTH COMPANY,319,8.0,14.67317102537832,2.5078369905956115,0.5452127550454783,0.08861426401828838,0.12280541075316136,no clear signal,2.0,0.0,False
"APPLIED DATA FINANCE, LLC",575,8.0,14.73854588217363,1.391304347826087,0.5427943885343569,0.08570231801931899,0.11936495195075492,no clear signal,4.0,1.0,False
"KEY 2 RECOVERY, INC.",365,6.0,11.140437097496065,1.643835616438356,0.5385785088583791,0.14604881457682373,0.1916976886324693,no clear signal,2.0,2.0,True
FIDELITY PROPERTIES INC.,165,3.0,5.612541983597896,1.8181818181818181,0.534517159741024,0.3785377765153884,0.442901943902685,no clear signal,,,
ZUNTAFI CORP,144,5.0,9.44722167488436,3.4722222222222223,0.5292561318099062,0.1822157545681052,0.2334376947923191,no clear signal,,,
"NELSON AND KENNARD, LLP",229,5.0,9.459728598227583,2.183406113537118,0.5285563901840505,0.1809816127954492,0.23207051825246713,no clear signal,,,
"TRIVERITY, INC.",174,3.0,5.678438600105172,1.7241379310344827,0.5283142446841701,0.36457243912074533,0.4291504065974327,no clear signal,,,
FAIRWAY INDEPENDENT MORTGAGE CORPORATION,370,3.0,5.685453200677519,0.8108108108108109,0.5276624209381406,0.3631111527311767,0.42809542179502597,no clear signal,2.0,1.0,False
"CALIBER HOME LOANS, INC.",4728,41.0,77.79752420238567,0.8671742808798646,0.5270090587117003,6.800862609212362e-06,1.7313551331145026e-05,BETTER than expected,12.0,1.0,False
"R.M. GALICIA, INC.",992,19.0,36.43964366990382,1.9153225806451613,0.5214101480276673,0.002282202515509916,0.004321882147900249,BETTER than expected,11.0,1.0,False
"GOLDEN 1 CREDIT UNION, THE",985,6.0,11.541163684967914,0.6091370558375635,0.519878251775846,0.11788643643312322,0.15754147554389478,no clear signal,7.0,3.0,False
SYNERGETIC COMMUNICATION INC,1150,17.0,32.89961602187519,1.4782608695652173,0.5167233559411933,0.0035200832917724805,0.0064550340047015145,BETTER than expected,5.0,1.0,False
QC HOLDINGS INC,224,6.0,11.714240957458149,2.6785714285714284,0.5121970789050534,0.10729007111955292,0.1453539949865288,no clear signal,,,
SECURITY CREDIT SYSTEMS INC,238,4.0,7.826025289816276,1.680672268907563,0.5111151385116344,0.22007103637223555,0.27633129228311415,no clear signal,,,
"RAUSCH, STURM, ISRAEL, ENERSON & HORNIK, LLP",253,6.0,11.82846147314206,2.3715415019762847,0.5072510920903551,0.10077058794649103,0.13786527287954972,no clear signal,1.0,0.0,False
UNION HOME MORTGAGE CORP,238,2.0,3.9851722288634375,0.8403361344537815,0.5018603676685752,0.48056802027328666,0.5461893280293283,no clear signal,,,
AMERICAN HONDA FINANCE CORP,5007,44.0,87.77399544398395,0.8787697223886559,0.5012874231990515,3.6126016620825884e-07,9.983133817683495e-07,BETTER than expected,14.0,2.0,False
KNIGHT ADJUSTMENT BUREAU,294,4.0,8.075339022104478,1.3605442176870748,0.4953352409169291,0.19079909158825362,0.2437598688489637,no clear signal,,,
"HUNTINGTON NATIONAL BANK, THE - FIRSTMERIT BANK, N.A. BRANCH",364,4.0,8.147443879423683,1.098901098901099,0.4909515253123712,0.18299269481597388,0.23421716923959823,no clear signal,4.0,0.0,False
"AMERIHOME MORTGAGE COMPANY, LLC",2096,17.0,34.91541745177142,0.8110687022900763,0.4868909278682421,0.0012260696823688272,0.002393591093388581,BETTER than expected,10.0,1.0,False
"PLS GROUP, INC",244,4.0,8.299287646469777,1.639344262295082,0.48196907618950385,0.16746392203671584,0.2167363609227514,no clear signal,,,
"PROFESSIONAL FINANCE COMPANY, INC.",768,13.0,26.98121319377064,1.6927083333333333,0.4818167332446493,0.0045229686484669525,0.008186102111157636,BETTER than expected,6.0,2.0,False
"PEOPLE'S UNITED BANK, NATIONAL ASSOCIATION",784,7.0,14.600155872567703,0.8928571428571429,0.47944693612157463,0.04523980632456786,0.06790856456927573,no clear signal,9.0,2.0,False
"AXOS FINANCIAL, INC.",1227,7.0,14.695017783299905,0.5704971475142624,0.4763519243886266,0.04286992369952785,0.06491153430955675,no clear signal,7.0,1.0,False
CREDIT PLUS INC,771,3.0,6.3185665478029405,0.38910505836575876,0.4747912326796882,0.2499192514267386,0.30933905563950725,no clear signal,6.0,0.0,False
"GOLD KEY CREDIT, INC.",273,7.0,14.868647420963795,2.5641025641025643,0.4707892925169824,0.03882615186709158,0.05943651001680319,no clear signal,2.0,0.0,False
GREAT LAKES,1570,16.0,34.092894457070365,1.019108280254777,0.469306002168491,0.0008999383262470916,0.0017921407929562426,BETTER than expected,4.0,0.0,False
PRESTIGE FINANCIAL SERVICES INC,830,9.0,19.260185809799538,1.0843373493975903,0.4672852115175764,0.015288890769012539,0.02542052412551128,BETTER than expected,9.0,2.0,False
"CHOICE RECOVERY, INC.",844,15.0,32.18415286628933,1.7772511848341233,0.4660678832317957,0.0011914951540742853,0.0023359354924728584,BETTER than expected,7.0,1.0,False
"PROFESSIONAL ADJUSTMENT CORP. OF S.W. FL., INC.",153,3.0,6.449679109281796,1.9607843137254901,0.46513941998799146,0.2307192202593405,0.2871177424265636,no clear signal,,,
"RSH & ASSOCIATES, LLC",112,2.0,4.309534316550825,1.7857142857142858,0.4640872663013665,0.39232347983804233,0.4578754298697556,no clear signal,,,
PERFECTION COLLECTION,333,6.0,12.938283978907801,1.8018018018018018,0.46374001450125046,0.05367558128473749,0.07903501905273846,no clear signal,3.0,0.0,False
CONCORD SERVICING CORPORATION,700,8.0,17.331074836467963,1.1428571428571428,0.4615986068657692,0.020842852903863254,0.0337270844428055,BETTER than expected,3.0,1.0,False
MIRAMED REVENUE GROUP LLC,241,4.0,8.774621473513198,1.6597510373443984,0.45586012024271094,0.1261205353224114,0.1671187264996681,no clear signal,,,
"CASH AMERICA INTERNATIONAL, INC.",135,4.0,8.777077125909903,2.962962962962963,0.45573257960694147,0.12593310520614906,0.1670295956455603,no clear signal,,,
"ARVEST BANK GROUP, INC.",1678,12.0,26.439833278481686,0.7151370679380215,0.4538606531141146,0.002803678400546338,0.005252173823125889,BETTER than expected,15.0,2.0,False
"NATIONAL CREDIT SYSTEMS,INC.",21390,255.0,569.0226130495066,1.1921458625525947,0.4481368475558532,2.934828171784133e-49,2.291804021786486e-48,BETTER than expected,14.0,6.0,False
GLOBAL LENDING SERVICES LLC,5102,23.0,51.74004828453711,0.4508036064288514,0.4445299291858937,1.2043498730600229e-05,3.0054691625734864e-05,BETTER than expected,8.0,1.0,False
"PROGRESSIVE FINANCIAL SERVICES, INC.",219,6.0,13.514906634457905,2.73972602739726,0.443954232336483,0.038165019183543765,0.058878331481826675,no clear signal,3.0,0.0,False
"ASSOCIATED CREDIT SERVICES, INC.",665,9.0,20.34254250422572,1.3533834586466165,0.4424225731926305,0.008175672326231431,0.014330623623533024,BETTER than expected,5.0,1.0,False
WESTERN-SHAMROCK CORPORATION,385,6.0,13.57025108724094,1.5584415584415585,0.4421436244198412,0.03691899076895587,0.05714632201430808,no clear signal,2.0,0.0,False
"MEDIA COLLECTIONS, INC",343,6.0,13.605996894515135,1.749271137026239,0.4409820203926937,0.036134407927418524,0.055994233020191464,no clear signal,2.0,0.0,False
"UNITED SHORE FINANCIAL SERVICES, LLC",2344,18.0,40.85303696741054,0.7679180887372014,0.44060371850345026,9.858758944561047e-05,0.00022318688815862957,BETTER than expected,7.0,2.0,False
"S & S RECOVERY, INC.",171,2.0,4.544680489761457,1.1695906432748537,0.4400749413530228,0.3372289895288162,0.40029743419731384,no clear signal,1.0,0.0,False
FIRST FINANCIAL BANCORP,146,1.0,2.2768122118045717,0.684931506849315,0.439210574686532,0.6724725621727664,0.7319787481755249,no clear signal,,,
"MIDWEST LOAN SERVICES, INC.",129,1.0,2.306536805711929,0.7751937984496124,0.43355041962633795,0.6586992211370101,0.7175485245928245,no clear signal,,,
UNLIMITED PROGRESS CORP,185,3.0,6.941083026239193,1.6216216216216217,0.4322092083698148,0.16977777512109202,0.21932259053747016,no clear signal,,,
"LAW OFFICE OF MICHAEL J. SCOTT, PC",646,9.0,20.82825748078643,1.3931888544891642,0.4321052785285704,0.006130089685578798,0.010966312307534786,BETTER than expected,4.0,0.0,False
FIRSTBANK,291,2.0,4.724927395476483,0.6872852233676976,0.42328692752289604,0.2996282857121804,0.3615306572395232,no clear signal,,,
"VALON TECHNOLOGIES, INC.",435,4.0,9.49953495156407,0.9195402298850575,0.42107324415301106,0.08054899514526088,0.11286603150394418,no clear signal,3.0,1.0,False
REGIONAL MANAGEMENT CORPORATION,1705,20.0,47.6727230698823,1.1730205278592376,0.41952711555164324,1.0056678401755514e-05,2.5278088568607893e-05,BETTER than expected,10.0,0.0,False
"BCA FINANCIAL SERVICES, INC.",182,3.0,7.166440576139877,1.6483516483516483,0.41861785751608316,0.1469821548000986,0.19237777323176747,no clear signal,,,
TRUSTMARK CORPORATION,430,3.0,7.1716840200951335,0.6976744186046512,0.4183117928221557,0.1464862499207399,0.19201983405357764,no clear signal,2.0,0.0,False
MEDIATION RECOVERY CENTER,130,2.0,4.782388157383705,1.5384615384615385,0.41820110249983083,0.28843507640772054,0.3501526255080625,no clear signal,,,
"NATIONAL CREDIT ADJUSTERS, LLC",11068,120.0,287.4288519768006,1.084206722081677,0.41749462232025897,8.005648120824281e-29,4.363863093312059e-28,BETTER than expected,13.0,4.0,False
"AMERICAN FIRST FINANCE, INC.",1402,13.0,31.201551619177295,0.927246790299572,0.4166459462871666,0.00039817277766678207,0.000838576001449738,BETTER than expected,8.0,0.0,False
"CREDITOR'S COLLECTION SERVICE, INC.",108,2.0,4.826530291899171,1.8518518518518519,0.4143763488559871,0.28008671613764724,0.34271173893602963,no clear signal,,,
"CONTINENTAL FINANCE COMPANY, LLC",3551,18.0,43.58462176931602,0.5068994649394537,0.41298970300281845,1.972225954473523e-05,4.751116250811433e-05,BETTER than expected,13.0,2.0,False
IDAHO HOUSING AND FINANCE ASSOCIATION,382,3.0,7.2843733911450785,0.7853403141361257,0.41184050280108037,0.13618728093195065,0.17909207237030406,no clear signal,2.0,0.0,False
HYUNDAI CAPITAL AMERICA,8177,53.0,129.17820593152294,0.6481594716888834,0.41028592724143553,4.8677214381819316e-14,1.799503404008746e-13,BETTER than expected,13.0,4.0,False
"WHEELS FINANCIAL GROUP, LLC.",875,11.0,26.932169841153033,1.2571428571428571,0.40843348548885666,0.00088871928702717,0.0017748847829996642,BETTER than expected,9.0,2.0,False
FMS INC.,155,3.0,7.503923767573935,1.935483870967742,0.3997908418211341,0.11798609787136291,0.15754147554389478,no clear signal,,,
DELBERT SERVICES,982,23.0,57.64498002624603,2.3421588594704685,0.39899397986655544,3.6702991375257435e-07,1.0122451986430126e-06,BETTER than expected,3.0,1.0,False
U.S. BANK NATIONAL ASSOCIATION - SAN FRANCISCO MAIN BRANCH,905,7.0,17.724021113152247,0.7734806629834254,0.3949442372761334,0.006898903483231664,0.012200350943628516,BETTER than expected,8.0,1.0,False
"ROZLIN FINANCIAL GROUP, INC.",488,5.0,12.732071249025902,1.0245901639344261,0.3927090810446523,0.025540548164857176,0.04066593579513342,BETTER than expected,4.0,0.0,False
ARMADA CORP.,144,2.0,5.101270559157418,1.3888888888888888,0.3920591893346551,0.23275528338488755,0.2893826868559872,no clear signal,,,
ABSOLUTE RESOLUTIONS CORP.,2524,22.0,56.35332190111913,0.8716323296354992,0.39039402217676716,3.1925315455260944e-07,8.875237696562542e-07,BETTER than expected,6.0,1.0,False
"SHERLOQ GROUP, INC",107,2.0,5.132046659877841,1.8691588785046729,0.3897080702005165,0.22792408438177014,0.28439360618551207,no clear signal,,,
"ATLAS CREDIT COMPANY, INC.",162,2.0,5.155673086006884,1.2345679012345678,0.38792219107690135,0.22427629846499297,0.28059770915062127,no clear signal,,,
"GREEN & SONS AGENCY, INC.",179,2.0,5.165112158652577,1.1173184357541899,0.3872132760272412,0.22283363423726338,0.27929553795292705,no clear signal,,,
"FINANCIAL MANAGEMENT SOLUTIONS, LLC",331,4.0,10.342168333875238,1.2084592145015105,0.38676608916702765,0.04681093793713133,0.06996473519635757,no clear signal,1.0,0.0,False
BTH MANAGEMENT,2570,27.0,69.96941703947995,1.0505836575875487,0.3858828777259265,7.854171135357697e-09,2.388905443795886e-08,BETTER than expected,9.0,1.0,False
AMERICAN RECOVERY SERVICE INCORPORATED,141,2.0,5.184861997441732,1.4184397163120568,0.3857383284235573,0.21984194904276108,0.27629322709714094,no clear signal,,,
"PORTFOLIO RECOVERY ASSOCIATES, LLC",65117,722.0,1873.1538028001064,1.1087734385797872,0.385446191829368,4.767020060888326e-203,1.3252315769269547e-201,BETTER than expected,14.0,1.0,False
"LENDKEY TECHNOLOGIES, INC.",160,5.0,13.008167564744628,3.125,0.3843738924113527,0.0213538235196152,0.034433659735806414,BETTER than expected,,,
"CAPIO PARTNERS, LLC",3816,43.0,111.92057825844233,1.1268343815513626,0.38420101708826226,1.6723910089372817e-13,6.053707037559432e-13,BETTER than expected,13.0,1.0,False
"PINNACLE RECOVERY, INC.",240,4.0,10.429985034178449,1.6666666666666667,0.38350965863251335,0.04418288712976043,0.06646559860429328,no clear signal,,,
"AMERICAN ACCOUNTS & ADVISERS, INC.",300,4.0,10.463559275305474,1.3333333333333333,0.3822790978439049,0.04321508857310009,0.06529236208327079,no clear signal,2.0,0.0,False
"STALLINGS FINANCIAL GROUP, INC.",125,2.0,5.2549120298833945,1.6,0.3805962856516895,0.20951933504560835,0.264997157155046,no clear signal,,,
"ACRA INTERMEDIATE HOLDINGS, LLC",135,1.0,2.635402136758456,0.7407407407407407,0.3794487323403326,0.5212449353675954,0.5866643402113018,no clear signal,,,
USCB CORPORATION,551,6.0,15.892714132100279,1.0889292196007259,0.37753148707816586,0.008594018523004766,0.014988313358816343,BETTER than expected,3.0,0.0,False
"UNITED COLLECTION BUREAU, INC.",1912,23.0,60.99993638317792,1.202928870292887,0.3770495735523875,4.553652305123073e-08,1.3438591728494846e-07,BETTER than expected,12.0,0.0,False
NATIONSTAR MORTGAGE LLC,19134,129.0,343.52840291868625,0.674192536845406,0.37551480140794796,5.678742677883226e-40,3.758786820122707e-39,BETTER than expected,7.0,1.0,False
"RFNA, LP",1124,11.0,29.375643472592067,0.9786476868327402,0.37445988239417366,0.00019130388280915822,0.0004154881204761405,BETTER than expected,9.0,2.0,False
"LAKEVIEW LOAN SERVICING, LLC",2938,19.0,50.8619436846958,0.6466984343090538,0.37356024216819383,5.547384315972786e-07,1.5060281639066745e-06,BETTER than expected,10.0,1.0,False
BANNER CORPORATION,167,1.0,2.704724811489401,0.5988023952095808,0.36972338026852114,0.4956086628592046,0.5605338009554877,no clear signal,,,
RANDOLPH-BROOKS FEDERAL CREDIT UNION,718,3.0,8.121603894552733,0.4178272980501393,0.3693851656582439,0.07805686793388342,0.10981684861143517,no clear signal,6.0,0.0,False
VIKING CLIENT SERVICES,374,5.0,13.561583499275384,1.3368983957219251,0.3686885089980206,0.014835511319701683,0.024725852199502803,BETTER than expected,1.0,0.0,False
"MANDARICH LAW GROUP, LLP",565,7.0,19.28251294283381,1.238938053097345,0.3630232232050176,0.002512591698232014,0.004745247908345788,BETTER than expected,4.0,0.0,False
"COLLECTION RECEIVABLES, INC.",209,2.0,5.532463002915311,0.9569377990430622,0.3615026433879644,0.17278084631070473,0.22237534849248108,no clear signal,2.0,0.0,False
"HARPETH FINANCIAL SERVICES, LLC",789,13.0,35.988675010333,1.6476552598225602,0.3612247462922007,1.9609845392075664e-05,4.732236995657148e-05,BETTER than expected,7.0,1.0,False
OLD NATIONAL BANCORP,567,3.0,8.317775117471344,0.5291005291005291,0.3606733721014591,0.0682717892908348,0.09793373283205405,no clear signal,5.0,1.0,False
"BLITT AND GAINES, P.C.",633,8.0,22.260968409678767,1.263823064770932,0.3593734042819857,0.0009712616229584856,0.0019258967987336591,BETTER than expected,3.0,0.0,False
FOREST RECOVERY SERVICES LLC,190,2.0,5.581520359054526,1.0526315789473684,0.3583253076835121,0.16693257070063833,0.21625002169048207,no clear signal,1.0,0.0,False
"CREDIT BUREAU COLLECTION SERVICES, INC.",272,5.0,14.040007705823617,1.838235294117647,0.35612516066683236,0.010769701971708378,0.01841314359246574,BETTER than expected,1.0,1.0,False
LOUISIANA RECOVERY SERVICES INC.,262,3.0,8.460829661641919,1.1450381679389312,0.3545751563349423,0.06187050323720259,0.08977035438383257,no clear signal,,,
"CASHREPUBLIC HOLDINGS, INC.",281,2.0,5.687268772180438,0.7117437722419929,0.35166264864834607,0.1549361042544252,0.20146041619611882,no clear signal,3.0,1.0,False
"AAA AUTO TITLE LOANS, LLC",146,2.0,5.703668118919282,1.36986301369863,0.35065153832599844,0.1531480665207155,0.199619350235391,no clear signal,,,
SQUARETWO FINANCIAL CORPORATION,487,11.0,31.446359839733784,2.2587268993839835,0.3498020138439376,4.9337849259031574e-05,0.0001144901677296392,BETTER than expected,4.0,0.0,False
"RELIANT CAPITAL SOLUTIONS, LLC",857,10.0,28.613355504654336,1.1668611435239207,0.3494871476494034,0.00011384058028563006,0.0002552232364468158,BETTER than expected,3.0,0.0,False
MERCEDES BENZ FINANCIAL SERVICES,3308,15.0,43.00954264302533,0.4534461910519952,0.3487598118514865,1.541634488592068e-06,4.10511865736202e-06,BETTER than expected,11.0,1.0,False
REEL TIME CAPITAL LLC,102,1.0,2.875771761898784,0.9803921568627451,0.3477327419543652,0.43697479014623547,0.5019793043828655,no clear signal,,,
"BOUNCE AI, INC.",1517,13.0,37.439829562389384,0.8569545154911009,0.3472238028844902,7.533896566388469e-06,1.9109701144671483e-05,BETTER than expected,3.0,1.0,False
PHH MORTGAGE SERVICES CORPORATION,2434,16.0,46.20151882206522,0.657354149548069,0.34630896143523787,5.340317775661061e-07,1.4583578994437865e-06,BETTER than expected,8.0,0.0,False
LOAN TO LEARN,117,1.0,2.918777400426353,0.8547008547008547,0.3426092033787597,0.42322534878045087,0.4894203284565946,no clear signal,,,
"ALTISOURCE PORTFOLIO SOLUTIONS, S.À R.L.",370,5.0,14.981625446247165,1.3513513513513513,0.333742157547563,0.005656434558592883,0.010145089079282719,BETTER than expected,4.0,0.0,False
UNIFIN INC.,1143,11.0,32.96646669868464,0.9623797025371829,0.3336723980929051,1.7746597004976392e-05,4.312547174286221e-05,BETTER than expected,6.0,0.0,False
"CROWN ASSET MANAGEMENT, LLC, DULUTH, GA BRANCH",709,7.0,21.020074612915504,0.9873060648801129,0.3330149929962163,0.0007783891932780947,0.0015749068102715452,BETTER than expected,4.0,0.0,False
"ORIONS MANAGEMENT GROUP, LLC",203,2.0,6.0781026005037,0.9852216748768473,0.3290500558240424,0.11714682981642952,0.15702419811459695,no clear signal,,,
THE MOORE LAW GROUP,198,2.0,6.103653712795478,1.0101010101010102,0.32767258663565274,0.11500127530357532,0.15429707786869662,no clear signal,,,
"DYNAMIC RECOVERY SOLUTIONS, LLC",1767,30.0,91.68858730897067,1.697792869269949,0.3271944838555152,1.2469008040232715e-13,4.5490606760954e-13,BETTER than expected,11.0,2.0,False
"MERCHANTS ADJUSTMENT SERVICE, INC.",486,4.0,12.400324381428081,0.823045267489712,0.3225722067392676,0.011472907291081101,0.019543310213973934,BETTER than expected,5.0,1.0,False
THE LAW OFFICES OF MITCHELL D. BLUHM & ASSOCIATES,855,8.0,24.93299274070912,0.935672514619883,0.3208599979631836,0.00015817166073379689,0.00034623402900783883,BETTER than expected,6.0,0.0,False
GRANT & WEBER,782,10.0,31.37481840434739,1.278772378516624,0.318726944364222,1.7357380981458214e-05,4.22535193769298e-05,BETTER than expected,9.0,0.0,False
"TRANSFINANCIAL COMPANIES, INC",420,4.0,12.60967507912058,0.9523809523809523,0.3172167383300226,0.009889757422482914,0.01703440249969176,BETTER than expected,2.0,0.0,False
"LCO FINANCIAL SERVICES, LLC",108,2.0,6.3464982817393105,1.8518518518518519,0.31513441132641157,0.09635732759764631,0.13234850332087783,no clear signal,,,
ACCESS RECEIVABLES OF NC INC.,159,2.0,6.371846349388122,1.2578616352201257,0.31388076396287506,0.09458314838536999,0.13016888738184584,no clear signal,,,
"VANDERBILT MORTGAGE & FINANCE, INC",838,5.0,16.112127699857375,0.5966587112171837,0.3103252464939351,0.002555343056518157,0.004812909008889212,BETTER than expected,7.0,0.0,False
"EMCC HOLDINGS, LLC",154,1.0,3.236523024252878,0.6493506493506493,0.3089735473860381,0.33299328568376807,0.395945823011495,no clear signal,,,
UNITED CONSUMERS INC,185,3.0,9.735769143238645,1.6216216216216217,0.3081420641617676,0.02506285897796001,0.039951116948812405,BETTER than expected,,,
"BROCK & SCOTT, PLLC",298,3.0,9.792093332484328,1.0067114093959733,0.30636962885635377,0.024058122626899332,0.03848192226857316,BETTER than expected,1.0,0.0,False
V AND H PORTFOLIO,3793,28.0,91.47461571683799,0.738201950962299,0.30609584725312994,1.452793396558451e-14,5.517439402230182e-14,BETTER than expected,7.0,1.0,False
"PULTEGROUP, INC.",177,1.0,3.267184039858497,0.5649717514124294,0.30607397312191525,0.3252755124848354,0.3877641186568792,no clear signal,,,
"CREDIT WORLD SERVICES, INC.",109,1.0,3.2730204274184236,0.9174311926605505,0.3055281878545269,0.323824910280352,0.3870306322353304,no clear signal,,,
"SEQUIUM ASSET SOLUTIONS, LLC",4937,39.0,128.13257403879513,0.7899534130038485,0.3043722511044837,4.9941165038336367e-20,2.2392974001060504e-19,BETTER than expected,9.0,1.0,False
VELO LAW OFFICE,123,1.0,3.3313223593643038,0.8130081300813008,0.3001810969115652,0.30965320890625336,0.37233387576097937,no clear signal,,,
"WESTERN UNION COMPANY, THE",4899,32.0,106.61752689830593,0.6531945294958155,0.30013826929715115,4.174052608159096e-17,1.7528498868100132e-16,BETTER than expected,14.0,1.0,False
FIRST REPUBLIC BANK,160,1.0,3.3337343069585654,0.625,0.29996391671426287,0.3090792601887772,0.3719655165908228,no clear signal,,,
"POPULUS FINANCIAL GROUP, INC. (F/K/A ACE CASH EXPRESS)",2125,36.0,121.59302270785881,1.6941176470588235,0.2960696197716388,1.3503168298580088e-19,5.977517176759975e-19,BETTER than expected,11.0,0.0,False
"BLATT, HASENMILLER, LEIBSKER & MOORE, LLC",104,2.0,6.759252057630361,1.9230769230769231,0.295890726214633,0.07100485980400338,0.10097790258152176,no clear signal,,,
SIGGI LLC,234,2.0,6.774994583748283,0.8547008547008547,0.29520318802874895,0.07017508485853888,0.09994197536205844,no clear signal,1.0,0.0,False
GLOBAL TRUST MANAGEMENT LLC,173,2.0,6.798134867157317,1.1560693641618498,0.2941983410276638,0.06897197453732914,0.0985313921961845,no clear signal,,,
"CAPITAL MANAGEMENT SERVICES, LP",763,9.0,30.69691244124949,1.1795543905635648,0.29318909571850293,8.649002615313168e-06,2.185838842779146e-05,BETTER than expected,7.0,1.0,False
MERCHANTS ACCEPTANCE CORP,138,1.0,3.4418792871352495,0.7246376811594203,0.29053895171097693,0.2843201017190422,0.34667100121883215,no clear signal,,,
"OPPORTUNITY FINANCIAL, LLC",2100,14.0,48.70059910993127,0.6666666666666666,0.2874707961681944,9.511142359566671e-09,2.8615774631596695e-08,BETTER than expected,6.0,0.0,False
CONTINENTAL CREDIT CONTROL,171,2.0,6.959577599836848,1.1695906432748537,0.2873737624603662,0.06110479718227603,0.08893787233860072,no clear signal,,,
AUTOMOBILE ACCEPTANCE CORPORATION,165,1.0,3.480365238366869,0.6060606060606061,0.287326165936895,0.27595609878720345,0.33852784150023996,no clear signal,,,
"EXPRESS RECOVERY SERVICES, INC.",407,4.0,13.921725561712256,0.9828009828009828,0.2873207047695913,0.003824794772528119,0.006967843687829732,BETTER than expected,2.0,1.0,False
"ADMIN RECOVERY, LLC",239,3.0,10.476759742133249,1.2552301255230125,0.28634807648926275,0.014543862008871544,0.024268869378549152,BETTER than expected,,,
FREEDOM MORTGAGE COMPANY,10208,48.0,167.72490869360277,0.4702194357366771,0.28618289539620884,1.9534203873435354e-27,1.0483607484198897e-26,BETTER than expected,14.0,1.0,False
RUSHMORE LOAN MANAGEMENT SERVICES LLC,3798,18.0,63.09845227980833,0.47393364928909953,0.28526848677966776,4.304871671518577e-11,1.4349572238395257e-10,BETTER than expected,11.0,0.0,False
UNITED STUDENT AID (USA) FUNDS,220,2.0,7.016447506305035,0.9090909090909091,0.2850445326075317,0.05854171815739555,0.08565577709345243,no clear signal,2.0,0.0,False
"GF SUNSTRONG MANAGEMENT HOLDINGS, LLC",106,1.0,3.5207105379244426,0.9433962264150944,0.28403357482195285,0.2674308696610204,0.3291571291938407,no clear signal,1.0,0.0,False
ASCENDIUM EDUCATION GROUP,315,5.0,17.70789609477165,1.5873015873015872,0.2823599129586194,0.0008039285327713778,0.0016195082036988624,BETTER than expected,2.0,0.0,False
NATIONWIDE ACCEPTANCE LLC,150,1.0,3.560373645764582,0.6666666666666666,0.28086939728632115,0.2592864341063595,0.3200782801135344,no clear signal,,,
THAXTON INVESTMENT CORPORATION,1622,11.0,39.19761484000017,0.6781750924784217,0.280629320046657,2.187783871495839e-07,6.206162410977992e-07,BETTER than expected,9.0,0.0,False
HARLEY DAVIDSON FINANCIAL SERVICES INC,885,5.0,17.893062854789925,0.5649717514124294,0.27943790510194927,0.0007013087091279391,0.0014272607696747223,BETTER than expected,6.0,1.0,False
VYSTAR CREDIT UNION,1239,4.0,14.314815351491795,0.3228410008071025,0.27943077865710275,0.002860236497822555,0.0053222606853726255,BETTER than expected,5.0,0.0,False
FIG TECH INC.,403,2.0,7.165948210674759,0.49627791563275436,0.279097746899803,0.05228125149726736,0.07722735343379558,no clear signal,3.0,0.0,False
"LEAFY FINANCIAL, LLC",565,4.0,14.333782554355556,0.7079646017699115,0.2790610213899564,0.0028202277636597537,0.0052641093744888795,BETTER than expected,3.0,0.0,False
"FIDELITY NATIONAL FINANCIAL, INC",338,2.0,7.200154495297478,0.591715976331361,0.27777181743894913,0.05094103646442393,0.07548831629589473,no clear signal,,,
GUARANTEED RATE INC.,820,4.0,14.429897379615445,0.4878048780487805,0.2772022485517218,0.0026256930639401736,0.004938719024190584,BETTER than expected,6.0,1.0,False
"GULF COAST COLLECTION BUREAU, INC.",401,5.0,18.06605249211706,1.2468827930174564,0.27676217603052466,0.0006170499686428891,0.0012650434460377816,BETTER than expected,1.0,0.0,False
"RENTDEBT AUTOMATED COLLECTIONS, LLC",2507,18.0,65.36274561622123,0.7179896290386917,0.2753862285052618,8.328372586094882e-12,2.858379727079478e-11,BETTER than expected,9.0,0.0,False
"CARRINGTON MORTGAGE SERVICES, LLC",7249,33.0,121.20714797431638,0.4552352048558422,0.27226117066126043,4.124972039173355e-21,1.9240641390775044e-20,BETTER than expected,15.0,2.0,False
NORTH AMERICAN CREDIT SERVICES,238,3.0,11.023602336029207,1.2605042016806722,0.2721433437593164,0.009658334400850229,0.016656432775659827,BETTER than expected,1.0,0.0,False
FOURLEAF FEDERAL CREDIT UNION,592,2.0,7.351059634384898,0.33783783783783783,0.2720696198198303,0.04540896776740645,0.06808895921973568,no clear signal,5.0,1.0,False
"J J MARSHALL & ASSOCIATES, INC",268,2.0,7.409740672065698,0.746268656716418,0.2699149792839426,0.043416362059551614,0.06552523698455673,no clear signal,2.0,0.0,False
"NATIONAL PRINCIPAL GROUP, LLC",146,3.0,11.15453757092926,2.0547945205479454,0.2689488453397245,0.00874872225385247,0.015239002422123978,BETTER than expected,1.0,0.0,False
"MERCHANTS AND PROFESSIONAL BUREAU, INC.",295,3.0,11.210769403469278,1.0169491525423728,0.26759983120084707,0.008384001777732422,0.014658820718299456,BETTER than expected,2.0,0.0,False
"PORSCHE FINANCIAL SERVICES, INC.",269,1.0,3.7502663963975698,0.37174721189591076,0.26664772426848926,0.22337160240072299,0.2797175921954999,no clear signal,1.0,0.0,False
AVANT CREDIT CORPORATION,632,7.0,26.391748886563487,1.1075949367088607,0.26523441209172105,1.636192334900456e-05,4.00406222801344e-05,BETTER than expected,6.0,1.0,False
NORTHWEST BANCSHARES INC,280,1.0,3.775425933958852,0.35714285714285715,0.2648707768321695,0.21897546604886275,0.27570280598543406,no clear signal,2.0,0.0,False
CIG FINANCIAL LLC,599,2.0,7.562944359619996,0.333889816360601,0.2644472714460762,0.03859972107590212,0.059155030094271165,no clear signal,3.0,0.0,False
"BRIDGE IT, INC.",357,2.0,7.568289560040245,0.5602240896358543,0.26426050220908365,0.03844125100328528,0.05910767576832582,no clear signal,3.0,0.0,False
"MONARCH RECOVERY HOLDINGS, INC.",652,6.0,22.917143140318213,0.9202453987730062,0.2618127383183368,5.9680223158335016e-05,0.00013757132701506747,BETTER than expected,4.0,0.0,False
M&T BANK CORPORATION,10199,45.0,172.50488881957688,0.4412197274242573,0.26086217212699153,1.2344082666319481e-30,6.863309962473631e-30,BETTER than expected,15.0,1.0,False
"OPTIO SOLUTIONS, LLC",906,7.0,26.935424748108638,0.7726269315673289,0.25988080995424173,1.0887063644494271e-05,2.731591780838815e-05,BETTER than expected,3.0,0.0,False
WORLD OMNI FINANCIAL CORP.,1735,7.0,27.07873407953092,0.4034582132564842,0.2585054374935263,9.774327782034457e-06,2.4612890610557783e-05,BETTER than expected,9.0,1.0,False
ASCENT HOLDING CO,159,7.0,27.104225203448184,4.40251572327044,0.25826231694346546,9.588485829085388e-06,2.418873920585969e-05,BETTER than expected,2.0,0.0,False
"FIRST NATIONAL COLLECTION BUREAU, INC.",1015,14.0,54.23326505181156,1.3793103448275863,0.25814414799892926,1.6341773571354945e-10,5.294887007968152e-10,BETTER than expected,6.0,1.0,False
NATIONAL BUSINESS FACTORS,246,2.0,7.788915278327807,0.8130081300813008,0.25677516426001973,0.0324170764958785,0.05080015369703621,no clear signal,1.0,0.0,False
ACCESS GROUP INC.,149,1.0,3.90316670551095,0.6711409395973155,0.25620222640966944,0.1978713390766869,0.25140873977750894,no clear signal,,,
"TODD, BREMER & LAWSON, INC.",107,1.0,3.9055814125392367,0.9345794392523364,0.2560438240486822,0.19749132664631736,0.25115548402413646,no clear signal,,,
"CARMAX, INC.",3964,12.0,46.923188302926256,0.30272452068617556,0.2557370978828318,2.6495460146330858e-09,8.220689643616047e-09,BETTER than expected,10.0,2.0,False
UNITED SERVICES AUTOMOBILE ASSOCIATION,19691,71.0,278.71102225929997,0.36057081915595957,0.25474414116979144,1.1525010846780828e-49,9.102139248309859e-49,BETTER than expected,15.0,1.0,False
"COLLECTION MANAGEMENT HOLDINGS, LLC",2958,19.0,74.5870444360286,0.6423258958755916,0.2547359282522022,3.380212974663837e-14,1.2562823622413725e-13,BETTER than expected,4.0,0.0,False
"BYRIDER FRANCHISING, LLC",1568,8.0,31.41361497255728,0.5102040816326531,0.25466664715247656,1.4179262178928336e-06,3.7902258516750747e-06,BETTER than expected,12.0,2.0,False
"CASH EXPRESS, LLC",136,2.0,7.855445820611622,1.4705882352941178,0.25460044479617844,0.03078557062413193,0.04846199679223486,BETTER than expected,,,
NINGO LENDING LLC DBA SPOTLOAN,952,14.0,55.17684715058156,1.4705882352941178,0.25372961165745844,8.053023604727846e-11,2.640024247776346e-10,BETTER than expected,8.0,1.0,False
"KLIMA, PETERS & DALY, P.A.",245,2.0,7.906409731183297,0.8163265306122449,0.25295931630154384,0.029589384796577457,0.04679094979208494,BETTER than expected,1.0,0.0,False
"MERCHANTS AND MEDICAL CREDIT CORPORATION, INC.",599,5.0,19.924075817623773,0.8347245409015025,0.2509526688097255,0.0001524059894792328,0.0003341393144733968,BETTER than expected,5.0,0.0,False
MERCURY FINANCIAL INTERMEDIATE LLC,402,1.0,3.9958867478599074,0.24875621890547264,0.25025734288780177,0.18376001410263584,0.234982906718182,no clear signal,3.0,0.0,False
"WINDHAM PROFESSIONALS, INC.",326,4.0,16.008637871196,1.2269938650306749,0.24986510608732765,0.0007955837194668239,0.0016050237591565823,BETTER than expected,2.0,0.0,False
MOVEMENT MORTGAGE LLC,528,2.0,8.010548021291392,0.3787878787878788,0.24967080837467812,0.027282367148414133,0.04329051408252928,BETTER than expected,4.0,0.0,False
SINGLEPOINT GI,676,5.0,20.0566542355198,0.7396449704142012,0.24929382245345452,0.0001377202830921245,0.000304826741238938,BETTER than expected,7.0,0.0,False
"JANUARY TECHNOLOGIES, INC",799,5.0,20.185573305523917,0.6257822277847309,0.24770165921577847,0.00012477524180585627,0.0002779448495354811,BETTER than expected,4.0,0.0,False
VAN RU CREDIT CORPORATION,217,3.0,12.395526015497795,1.3824884792626728,0.24202280695867043,0.0033729164200565834,0.006209740164077683,BETTER than expected,2.0,0.0,False
TULSA ADJUSTMENT BUREAU,106,1.0,4.17970784329634,0.9433962264150944,0.23925117196979653,0.1585299080785248,0.2059407217094855,no clear signal,,,
QUALITY ASSET RECOVERY LLC,360,3.0,12.61775440915301,0.8333333333333334,0.23776021490985577,0.002835841964798948,0.005283941462561043,BETTER than expected,1.0,0.0,False
"RMS-RECOVERY MANAGEMENT SERVICES, INC.",219,2.0,8.425998250618184,0.91324200913242,0.2373605999566007,0.01968569918793955,0.03211634022445537,BETTER than expected,,,
CEANNATE,233,3.0,12.757411375224345,1.2875536480686696,0.23515742432090722,0.0025419890843024983,0.004794253496852745,BETTER than expected,,,
"CREDIT MANAGEMENT CONTROL, INC.",231,2.0,8.554225556748632,0.8658008658008658,0.23380257940733776,0.01778565286788627,0.029148306549208903,BETTER than expected,1.0,0.0,False
"COINBASE, INC.",9672,42.0,180.12865299704075,0.43424317617866004,0.23316668004334656,5.933499565422009e-35,3.585897563450692e-34,BETTER than expected,10.0,1.0,False
"SELECT PORTFOLIO SERVICING, INC.",16416,68.0,294.12706627340214,0.4142300194931774,0.2311925959809202,1.389317205299712e-56,1.2145603241299369e-55,BETTER than expected,15.0,0.0,False
"R.A.ROGERS, INC.",291,2.0,8.651501150152983,0.6872852233676976,0.23117375415995112,0.016463717898046556,0.027211138975368268,BETTER than expected,1.0,0.0,False
RAUSCH STURM LLP,623,4.0,17.38140279602799,0.6420545746388443,0.23013102261884652,0.00027410279992383385,0.0005888761853077729,BETTER than expected,5.0,0.0,False
"STEEL RIVER SYSTEMS, LLC",192,1.0,4.397108646968967,0.5208333333333334,0.22742217222431477,0.1329080036492041,0.1751110190259656,no clear signal,2.0,0.0,False
"HELVEY & ASSOCIATES, INC., WARSAW, IN BRANCH",1083,6.0,26.387355331086138,0.554016620498615,0.22738163505652964,4.155779237461664e-06,1.0757044953578609e-05,BETTER than expected,8.0,0.0,False
"EXPRESS COLLECTIONS, INC.",173,1.0,4.402094722238102,0.5780346820809249,0.2271645802958966,0.13236913899629502,0.1747322917424977,no clear signal,,,
"TORRES CREDIT SERVICES, INC.",296,2.0,8.838922497772835,0.6756756756756757,0.22627192403869872,0.014179571545924129,0.023746511384138,BETTER than expected,1.0,0.0,False
SUBURBAN CREDIT CORPORATION,158,2.0,8.851305064118616,1.2658227848101267,0.22595538008373384,0.014039987752982307,0.02354111336145405,BETTER than expected,,,
"CENTRAL STATES RECOVERY, INC.",247,2.0,8.890184517505434,0.8097165991902834,0.2249672091801752,0.013610312321721085,0.022848229622212935,BETTER than expected,,,
"CREDIT SERVICE COMPANY, INC",235,2.0,8.911582011918604,0.851063829787234,0.22442704306880001,0.013379303046633026,0.02254209846644837,BETTER than expected,,,
AMERICOLLECT,2478,17.0,76.00813414454538,0.6860371267150929,0.22366027256597223,6.646427915993988e-16,2.662401960585488e-15,BETTER than expected,12.0,1.0,False
TRUEACCORD CORP.,5702,35.0,156.99475206511272,0.6138197123816205,0.2229373882859724,1.1731868149259199e-31,6.710821698547443e-31,BETTER than expected,7.0,1.0,False
"CONSUMER PORTFOLIO SERVICES, INC.",3848,12.0,54.29120171919871,0.31185031185031187,0.22103028888668905,9.221725226634463e-12,3.157191641631011e-11,BETTER than expected,13.0,0.0,False
"CONN'S, INC.",2593,16.0,72.60295570826348,0.6170458927882762,0.22037670290300485,2.1412081082055378e-15,8.383885268748443e-15,BETTER than expected,10.0,1.0,False
"FIGURE TECHNOLOGIES, INC",269,1.0,4.549047288720786,0.37174721189591076,0.21982624855966376,0.11738761692079597,0.1571953636993318,no clear signal,2.0,0.0,False
"LLOYD & MCDANIEL, PLC",440,3.0,13.775236288969602,0.6818181818181818,0.21778210820254484,0.0011354446508981212,0.0022355071738645728,BETTER than expected,3.0,0.0,False
NICHOLAS FINANCIAL INC.,236,1.0,4.593078308998663,0.423728813559322,0.2177189093512342,0.11322239337468683,0.15264706769235178,no clear signal,,,
"HW HOLDING, INC",9073,59.0,271.49344723598966,0.6502810536757412,0.2173164789082941,8.882915653044178e-55,7.483183489534186e-54,BETTER than expected,14.0,3.0,False
MNET FINANCIAL INC,108,1.0,4.606752752141161,0.9259259259259259,0.21707264396493006,0.11195773424809238,0.15123542332832693,no clear signal,,,
"NPAS, INC.",143,1.0,4.610152672164438,0.6993006993006993,0.2169125560717073,0.11164539370021011,0.15096021132615958,no clear signal,,,
"FIRST CITIZENS BANCSHARES, INC.",1589,5.0,23.056622704113902,0.3146633102580239,0.21685743242473537,1.3266940292706929e-05,3.28132509018908e-05,BETTER than expected,12.0,1.0,False
"ASH LAW GROUP, P.C.",164,2.0,9.223612403971106,1.2195121951219512,0.2168347836406185,0.010413100862641949,0.017869395307496677,BETTER than expected,,,
"FREDERICK J. HANNA & ASSOCIATES, P.C. (CLOSED)",217,3.0,13.926125369628547,1.3824884792626728,0.21542244668733865,0.0010063458999398495,0.001992622223527622,BETTER than expected,2.0,0.0,False
DRIVEWAY FINANCE CORPORATION,368,1.0,4.668636205211185,0.2717391304347826,0.21419531444403156,0.1064009829330626,0.14429011344093368,no clear signal,3.0,0.0,False
"ROCKET MORTGAGE, LLC",9056,41.0,192.6952241728125,0.45273851590106007,0.2127712307142105,7.464075723438472e-40,4.917092538189325e-39,BETTER than expected,15.0,4.0,False
PNC BANK N.A.,32289,110.0,518.9927053482048,0.340673294310756,0.21194902908355587,2.987749097118402e-105,4.2814136546335866e-104,BETTER than expected,15.0,1.0,False
"STILLMAN, P.C. D.B.A. STILLMAN LAW OFFICE",239,2.0,9.630368190439818,0.8368200836820083,0.20767637959942425,0.007490436013392721,0.013162713095595299,BETTER than expected,1.0,0.0,False
"JON BARRY AND ASSOCIATES, INC.",870,6.0,28.933701685081218,0.6896551724137931,0.20737063184327076,5.531416189982434e-07,1.5046318011889595e-06,BETTER than expected,10.0,1.0,False
CREDIT FRESH HOLDINGS INC,836,5.0,24.291620478238443,0.5980861244019139,0.20583229531678346,4.9468558824325e-06,1.2733573475150324e-05,BETTER than expected,4.0,0.0,False
"FINANCIAL RECOVERY SERVICES, INC.",445,3.0,14.730372872799208,0.6741573033707865,0.2036608323432013,0.0005262962238516386,0.0010902410598416954,BETTER than expected,2.0,0.0,False
AAA COLLECTIONS,121,1.0,4.928491946702679,0.8264462809917356,0.20290182287282268,0.08581384733740044,0.11940064844743405,no clear signal,,,
"EQUIFAX, INC.",4657771,1774.0,8745.26022308652,0.038086887483304785,0.20285274019826605,0.0,0.0,BETTER than expected,15.0,1.0,False
"BSI FINANCIAL HOLDINGS, INC.",1559,5.0,24.697664324242442,0.3207184092366902,0.2024482936668695,3.567258608131145e-06,9.28556079644624e-06,BETTER than expected,7.0,0.0,False
21ST MORTGAGE CORP.,1106,4.0,19.816102953914857,0.3616636528028933,0.20185603644180514,3.9333713590069804e-05,9.219875529544186e-05,BETTER than expected,12.0,0.0,False
"AMERICAS CAR-MART, INC.",627,2.0,10.013387918662444,0.3189792663476874,0.19973259962020462,0.00547833474412514,0.009863841054836715,BETTER than expected,3.0,0.0,False
"WESTLAKE SERVICES, LLC",13925,44.0,221.61116429572616,0.31597845601436264,0.19854595385494553,8.579879146057368e-48,6.516957384163794e-47,BETTER than expected,13.0,2.0,False
"CITIBANK, N.A.",140973,369.0,1921.026791738841,0.2617522504309336,0.19208477548925548,0.0,0.0,BETTER than expected,16.0,2.0,False
POST LAKE LENDING INC.,121,1.0,5.261881914077704,0.8264462809917356,0.19004607407182356,0.06494243815150505,0.09364106745912035,no clear signal,,,
SOUTHSTATE BANK CORPORATION,404,1.0,5.2913665009706525,0.24752475247524752,0.18898709809962308,0.06335249278780634,0.09153842512999046,no clear signal,5.0,0.0,False
"FAIRWAY CAPITAL RECOVERY, LLC",189,1.0,5.296439741599234,0.5291005291005291,0.18880607517268855,0.06308273199868386,0.09124349373378832,no clear signal,1.0,0.0,False
WLCC,787,7.0,37.31127574812723,0.8894536213468869,0.18761084577364934,3.051929563733477e-09,9.427071319087851e-09,BETTER than expected,4.0,0.0,False
GOLDMAN SACHS BANK USA,21093,37.0,197.35941623543715,0.17541364433698384,0.1874752201124337,2.9125709411406025e-44,2.097654719267066e-43,BETTER than expected,10.0,0.0,False
"DELTA MANAGEMENT ASSOCIATES, INC.",247,2.0,10.76111943687518,0.8097165991902834,0.18585427024874293,0.00295481930054204,0.00546739143915445,BETTER than expected,,,
"FIRSTSOURCE BUSINESS PROCESS SERVICES, LLC",1463,10.0,53.81923580724017,0.683526999316473,0.18580717191556118,5.812694355137012e-13,2.0717038855488324e-12,BETTER than expected,13.0,0.0,False
"THE BEST SERVICE CO.,INC",511,3.0,16.303336057045563,0.5870841487279843,0.1840114188594877,0.00014498239258036198,0.0003188695026688341,BETTER than expected,4.0,0.0,False
DATA MORTGAGE INC.,397,1.0,5.470506180878865,0.2518891687657431,0.18279844075404095,0.05447002874853964,0.08011993646610592,no clear signal,4.0,0.0,False
SELENE HOLDINGS LLC,3197,11.0,60.501275333170845,0.3440725680325305,0.1818143491922238,1.2858955445880576e-14,4.910425293893957e-14,BETTER than expected,7.0,1.0,False
"SERVICE FINANCE HOLDINGS, LLC",170,1.0,5.575304355322924,0.5882352941176471,0.1793624053985981,0.04984503890503133,0.07410118083207866,no clear signal,,,
DIVERSE FUNDING ASSOCIATES LLC,920,4.0,22.51635328582403,0.43478260869565216,0.17764866047462233,4.290758129502432e-06,1.1085787732357582e-05,BETTER than expected,5.0,0.0,False
CREDICO. INC,126,1.0,5.629306690488441,0.7936507936507936,0.17764176922349073,0.04761253163415218,0.07101010619256602,no clear signal,,,
"EOS HOLDINGS, INC.",2818,22.0,124.31695723959857,0.7806955287437899,0.17696700827063325,2.651275814685467e-29,1.4566297954200787e-28,BETTER than expected,11.0,2.0,False
"REMEX, INC.",340,2.0,11.319921566640993,0.5882352941176471,0.17667966939752114,0.0018530552248572506,0.0035332603052833722,BETTER than expected,2.0,0.0,False
"FLEXIBLE FINANCE, INC.",245,1.0,5.6611365653348065,0.40816326530612246,0.1766429741552894,0.04634234025926074,0.0693389159960952,no clear signal,2.0,0.0,False
"MST FINANCIAL SERVICES, L.L.C.",125,1.0,5.680449014946811,0.8,0.17604242153546792,0.04558773211191921,0.0682833487452238,no clear signal,,,
AMERICAN EXPRESS COMPANY,59616,146.0,834.5952674599388,0.24490069779924853,0.17493509212476827,2.4532201294905774e-190,5.879268931020522e-189,BETTER than expected,16.0,0.0,False
"DRB-40, LLC",186,1.0,5.734074180270767,0.5376344086021505,0.17439606962893867,0.04355430784947038,0.06566213439345318,no clear signal,,,
TURNING POINT SOLUTIONS LLC,231,2.0,11.480474073827018,0.8658008658008658,0.17420883381110233,0.0016193282840397324,0.0031150927730182174,BETTER than expected,1.0,0.0,False
LINCOLN EDUCATIONAL SERVICES CORPORATION,175,1.0,5.75139990825,0.5714285714285714,0.17387071251393363,0.04291633095718177,0.06491153430955675,no clear signal,,,
"VENGROFF WILLIAMS, INC",140,1.0,5.792719083574343,0.7142857142857143,0.17263050142299657,0.0414312195275374,0.06293922966478359,no clear signal,,,
"JAVITCH, BLOCK & RATHBONE LLC",318,2.0,11.614012973153818,0.6289308176100629,0.17220576596763473,0.00144719057268201,0.0027977675883560415,BETTER than expected,1.0,0.0,False
CREDIT ACCEPTANCE CORPORATION,14298,35.0,205.14861334673034,0.2447894810463002,0.17060802619633125,1.5667864633232476e-48,1.2099073244551745e-47,BETTER than expected,14.0,0.0,False
"ANDREU, PALMA & ANDREU, PL",161,1.0,5.867342235567472,0.6211180124223602,0.17043491922766338,0.03887445651511824,0.05944498851046684,no clear signal,,,
"PROFESSIONAL CREDIT MANAGEMENT, INC",403,2.0,11.779026639307128,0.49627791563275436,0.16979331665028352,0.0012591590782766431,0.0024547421021101456,BETTER than expected,2.0,0.0,False
"ROOSEN, VARCHETTI & OLIVIER, PLLC",151,1.0,5.8958636308127925,0.6622516556291391,0.16961043582721771,0.037938278408141714,0.058600144807025835,no clear signal,,,
BYL COLLECTION SERVICES,288,2.0,11.830532456825052,0.6944444444444444,0.16905409856225,0.0012055480846730547,0.002360157517881051,BETTER than expected,1.0,0.0,False
BANCO POPULAR DE PUERTO RICO,1880,5.0,29.624730220332328,0.26595744680851063,0.16877790828178926,6.184166102011402e-08,1.8135001860328797e-07,BETTER than expected,15.0,0.0,False
"GLA COLLECTION COMPANY, INC.",1013,6.0,35.710020857954795,0.5923000987166831,0.16802006428017627,2.1326930906853517e-09,6.676674315433872e-09,BETTER than expected,11.0,0.0,False
EVEREST RECEIVABLE SERVICES INC.,149,1.0,5.962061854067959,0.6711409395973155,0.1677272098942906,0.035849021749444814,0.055613995794339614,no clear signal,,,
"CBC COMPANIES, INC.",58090,12.0,72.31285179911883,0.02065760027543467,0.16594560581479137,4.014533048349923e-18,1.7276163892279857e-17,BETTER than expected,7.0,1.0,False
FULTON FINANCIAL CORPORATION,480,1.0,6.026391751678386,0.20833333333333334,0.16593677298219023,0.03392607923446517,0.05298567431000739,no clear signal,5.0,1.0,False
"SETERUS, INC.",4471,14.0,84.50775998706818,0.31312905390293,0.16566525964174594,5.168895009917575e-21,2.4029311250118493e-20,BETTER than expected,7.0,0.0,False
"FIDELITY NATIONAL INFORMATION SERVICES, INC. (FNIS)",20217,13.0,78.5931930835583,0.06430231982984617,0.16540872676058252,1.2343114829616688e-19,5.481447160756293e-19,BETTER than expected,14.0,0.0,False
NEW YORK COMMUNITY BANCORP INC,2007,4.0,24.37062614453606,0.19930244145490783,0.16413201598830515,9.085831456021479e-07,2.4475398689670267e-06,BETTER than expected,5.0,0.0,False
"THE BUREAUS, INC.",2187,9.0,56.06545600109715,0.411522633744856,0.16052665298617885,1.6029554116555928e-14,6.071139025071591e-14,BETTER than expected,9.0,0.0,False
COTTONWOOD FINANCIAL LTD.,450,4.0,25.00038543498461,0.8888888888888888,0.1599975332541293,5.336424651573059e-07,1.4583578994437865e-06,BETTER than expected,1.0,0.0,False
2288984 ONTARIO INC.,508,3.0,19.123273604536184,0.5905511811023622,0.15687690622636793,1.3556694130479487e-05,3.3470346077027505e-05,BETTER than expected,3.0,0.0,False
EARNEST INC.,305,5.0,32.4510521611807,1.639344262295082,0.15407820908750713,5.684530150529596e-09,1.7365927273046455e-08,BETTER than expected,3.0,0.0,False
"ALLIANCE ONE, INC.",1073,8.0,51.962151034227595,0.7455731593662628,0.15395821459989947,8.414606600745537e-14,3.0942600992159513e-13,BETTER than expected,9.0,1.0,False
"ROWLAND AVENUE MANAGEMENT, INC. A/KA COLUMBIA DEBT RECOVERY, LLC D/B/A GENESIS",8180,29.0,188.44885118002298,0.3545232273838631,0.1538879107959997,3.671896935074403e-47,2.7738786629094674e-46,BETTER than expected,7.0,2.0,False
NCSPLUS INCORPORATED,157,1.0,6.613304009497778,0.6369426751592356,0.1512103478932524,0.020440039432455457,0.03311381679616909,BETTER than expected,,,
"RECOVERY ONE, LLC",167,1.0,6.645991215394559,0.5988023952095808,0.15046664486760566,0.019867649000326167,0.03233727413402034,BETTER than expected,,,
"EVERGREEN PROFESSIONAL RECOVERIES, INC.",187,1.0,6.650766674637018,0.5347593582887701,0.15035860509338608,0.0197853476609462,0.03224107063155359,BETTER than expected,,,
FIRST CREDIT SERVICES INC.,1761,8.0,53.73278328641721,0.4542873367404884,0.1488848987657461,1.8621092234231224e-14,7.014449378206341e-14,BETTER than expected,10.0,1.0,False
"BANKUNITED, NATIONAL ASSOCIATION",313,1.0,6.777072735950258,0.3194888178913738,0.1475563327947348,0.01772559669634319,0.029089231886560846,BETTER than expected,1.0,0.0,False
"AMA ADVISORS, LLC.",459,1.0,6.781836884638734,0.2178649237472767,0.14745267646661625,0.017652157054820154,0.029002953080614673,BETTER than expected,3.0,0.0,False
KEYCORP,8231,21.0,144.48079556884423,0.25513303365326206,0.14534803686067485,1.8582767598043477e-37,1.163515628886506e-36,BETTER than expected,15.0,0.0,False
MONEYGRAM PAYMENT SYSTEMS WORLDWIDE INC,3332,11.0,76.18973572071407,0.33013205282112845,0.14437640314598674,2.3910364160188543e-20,1.0896854486118713e-19,BETTER than expected,14.0,1.0,False
"SELIP & STYLIANOU, LLP",322,2.0,13.893751444465524,0.6211180124223602,0.143949602668089,0.00020605447634827097,0.0004447449101305849,BETTER than expected,1.0,0.0,False
YAMAHA MOTOR FINANCE CORPORATION USA,451,1.0,6.969665096316689,0.22172949002217296,0.14347891701833385,0.014982454771751228,0.024940852853573902,BETTER than expected,6.0,0.0,False
DITECH FINANCIAL LLC,14813,42.0,292.7533576838761,0.2835347330047931,0.1434654766465663,4.701440363932372e-75,4.9885512258519054e-74,BETTER than expected,9.0,0.0,False
TORMEY BEWLEY CORPORATION,111,1.0,7.005414634417183,0.9009009009009009,0.1427467255238626,0.014521146512004117,0.02426008852366072,BETTER than expected,,,
"EXETER FINANCE, LLC.",9517,18.0,126.19588361440192,0.18913523169065882,0.14263539732405167,3.7454806142785385e-33,2.2060245990877833e-32,BETTER than expected,13.0,0.0,False
"PHILLIPS & COHEN ASSOCIATES, LTD.",379,2.0,14.269664647750673,0.5277044854881267,0.14015746335813575,0.00014868974781879463,0.00032650671321978597,BETTER than expected,1.0,0.0,False
"THE REGIONAL ADJUSTMENT BUREAU, INCORPORATED",142,1.0,7.259886823245854,0.704225352112676,0.13774319412226121,0.011616500240645356,0.019763690739898462,BETTER than expected,,,
"ATLANTIC CREDIT & FINANCE, INC.",256,2.0,14.675718641501847,0.78125,0.13627952735099103,0.00010438427689593416,0.0002351606886310348,BETTER than expected,2.0,0.0,False
"WEBER & OLCESE, PLC",194,1.0,7.349121443912592,0.5154639175257731,0.13607068649386897,0.010739594503683019,0.018384281231674134,BETTER than expected,,,
"TENAGLIA & HUNT, PA",253,1.0,7.351982081877589,0.3952569169960474,0.13601774172776745,0.01071258548083672,0.018360658222395857,BETTER than expected,2.0,0.0,False
FRESNO CREDIT BUREAU,207,1.0,7.403281253683164,0.4830917874396135,0.13507524106321042,0.010239404471830822,0.017613176471968285,BETTER than expected,,,
PAYFARE INTERNATIONAL INC.,311,1.0,7.489476157131656,0.3215434083601286,0.13352068676362316,0.0094901422281314,0.016407086687938614,BETTER than expected,2.0,0.0,False
CREDIGY USA CORP.,144,1.0,7.532371750642308,0.6944444444444444,0.1327603088515549,0.00913760284149827,0.01585676398212559,BETTER than expected,,,
PENTAGON FEDERAL CREDIT UNION,6439,12.0,92.86581648092087,0.18636434228917534,0.12921869913743106,9.186884209148798e-26,4.7120919006335165e-25,BETTER than expected,15.0,0.0,False
BB&T CORPORATION,5510,16.0,124.05040998086046,0.29038112522686027,0.12897982362548108,4.602166787859526e-34,2.7454986416844386e-33,BETTER than expected,9.0,0.0,False
"SOCIAL FINANCE, INC.",992,3.0,23.348946617196194,0.3024193548387097,0.12848545372023504,3.501486910207561e-07,9.695352201570736e-07,BETTER than expected,6.0,0.0,False
"WEBSTER BANK, NATIONAL ASSOCIATION",1627,3.0,23.535233883097163,0.18438844499078058,0.12746845920042368,2.9733403390467777e-07,8.315780827515133e-07,BETTER than expected,12.0,0.0,False
MESSERLI & KRAMER P.A.,400,2.0,15.750002975842325,0.5,0.12698410299144963,4.068511838694911e-05,9.504590681993153e-05,BETTER than expected,1.0,0.0,False
ALLIANT CREDIT UNION,1376,2.0,15.948819336404922,0.14534883720930233,0.12540113207218928,3.4143173371524475e-05,8.043900167189664e-05,BETTER than expected,8.0,0.0,False
VW CREDIT,2595,5.0,41.04714648604116,0.1926782273603083,0.12181114713297653,3.2851427896390473e-12,1.1444482399995679e-11,BETTER than expected,12.0,1.0,False
FINANCIAL CREDIT NETWORK INC,519,2.0,16.65735016778109,0.3853564547206166,0.1200671163093174,1.824091048298797e-05,4.424932909485738e-05,BETTER than expected,3.0,0.0,False
"HERBERT P. SEARS CO., INC.",518,2.0,16.787049226102095,0.3861003861003861,0.1191394612038315,1.625756524264262e-05,3.98554068558611e-05,BETTER than expected,3.0,0.0,False
"PENNYMAC LOAN SERVICES, LLC.",6396,13.0,110.51607117083279,0.2032520325203252,0.1176299506693913,1.3444037620958311e-31,7.627433589033491e-31,BETTER than expected,15.0,1.0,False
"CASHCALL, INC.",1237,8.0,68.07951752346553,0.6467259498787389,0.11750964594075707,7.021746981445261e-20,3.128278302631062e-19,BETTER than expected,6.0,0.0,False
U.S. BANCORP,49598,89.0,760.5080714233512,0.17944271946449453,0.11702702883012067,1.8667479536040445e-210,5.295468684713514e-209,BETTER than expected,16.0,1.0,False
ALLIANT CAPITAL MANAGEMENT LLC,412,2.0,17.187279093550707,0.4854368932038835,0.11636513197429096,1.1389534245335056e-05,2.8473835613337642e-05,BETTER than expected,1.0,0.0,False
LJ ROSS ASSOCIATES,2654,8.0,69.05736994530811,0.30143180105501133,0.11584570924632405,2.9548032552110954e-20,1.342214550569746e-19,BETTER than expected,10.0,0.0,False
FIFTH THIRD FINANCIAL CORPORATION,15318,30.0,259.5857166609795,0.19584802193497847,0.11556876235675241,4.190256180241743e-73,4.314411918915572e-72,BETTER than expected,15.0,0.0,False
CREDITORS BUREAU ASSOCIATES,666,2.0,17.731560917103465,0.3003003003003003,0.11279322837680043,7.009142273626216e-06,1.781116592383993e-05,BETTER than expected,6.0,0.0,False
BANKERS HEALTHCARE GROUP LLC,251,1.0,8.92313609092249,0.398406374501992,0.11206822240639144,0.0026449056091534646,0.0049681335090855615,BETTER than expected,3.0,0.0,False
"ACCOUNT CONTROL TECHNOLOGY, INC.",410,2.0,18.004292348417533,0.4878048780487805,0.11108462145005037,5.492112372250327e-06,1.4084937633630912e-05,BETTER than expected,3.0,0.0,False
"OXFORD LAW, LLC",147,1.0,9.120062117737495,0.6802721088435374,0.10964837597488646,0.0022152386575417567,0.004206532423474101,BETTER than expected,1.0,0.0,False
COMERICA,8603,23.0,212.67312450554823,0.26734859932581656,0.1081471862205136,1.295966220779754e-61,1.1851270045288539e-60,BETTER than expected,15.0,1.0,False
"CAPSTONE CREDIT & COLLECTION, LLC.",338,1.0,9.301411593165808,0.2958579881656805,0.10751056331436272,0.001880940278789804,0.003581516421257298,BETTER than expected,1.0,0.0,False
CHIME FINANCIAL INC,27900,32.0,300.41465732944874,0.11469534050179211,0.10651943644982444,5.600537316852505e-87,6.597243110529646e-86,BETTER than expected,7.0,2.0,False
MOUNTAIN AMERICA FEDERAL CREDIT UNION,758,1.0,9.421662443428668,0.13192612137203166,0.1061383812044201,0.001687294879062386,0.003226052107148166,BETTER than expected,5.0,0.0,False
"TOWER LOAN OF MISSISSIPPI, INC.",1501,5.0,47.1764404194358,0.3331112591605596,0.1059851051827152,1.410921087287377e-14,5.373096743368368e-14,BETTER than expected,13.0,0.0,False
ZIONS BANCORPORATION,1113,2.0,18.956868759573158,0.17969451931716082,0.10550265581123498,2.3356640372535833e-06,6.160480098258977e-06,BETTER than expected,12.0,0.0,False
INDEBTED CORPORATION,649,2.0,19.062390098173122,0.3081664098613251,0.10491863767868613,2.123988522292809e-06,5.612821380203431e-06,BETTER than expected,3.0,0.0,False
"M.A.R.S., INC.",290,1.0,9.550479755103055,0.3448275862068966,0.10470678182063844,0.0015016943506759345,0.002899104371443818,BETTER than expected,2.0,0.0,False
"DIVERSIFIED ADJUSTMENT SERVICE, INC.",2822,8.0,77.1016379974948,0.28348688873139616,0.10375914452375107,2.259815417447923e-23,1.1138806490257494e-22,BETTER than expected,13.0,0.0,False
"WILLIAMS & FUDGE, INC",1533,6.0,58.140234000591136,0.3913894324853229,0.10319875905451284,6.713670930290998e-18,2.871385413262919e-17,BETTER than expected,13.0,0.0,False
NATIONWIDE CREDIT CORPORATION,244,1.0,9.82338641851516,0.4098360655737705,0.10179788897596412,0.0011726020375251395,0.002305398631060741,BETTER than expected,,,
ACCOUNT RESOLUTION CORPORATION,338,1.0,9.898739893288507,0.2958579881656805,0.1010229595666025,0.0010950606421407474,0.0021621225746813054,BETTER than expected,1.0,0.0,False
"MARINER FINANCE, LLC",2766,7.0,70.06965521215079,0.2530730296456978,0.09990059147295659,1.3533686783398351e-21,6.3985798057563625e-21,BETTER than expected,11.0,0.0,False
BMO BANK NATIONAL ASSOCIATION,7089,9.0,90.77412964249821,0.12695725772323319,0.09914719133573958,9.660496368681929e-28,5.204686028088326e-27,BETTER than expected,15.0,1.0,False
REVENUE ASSISTANCE CORPORATION DBA REVENUE GROUP,202,1.0,10.121525051072572,0.49504950495049505,0.09879934050986028,0.0008942765896779076,0.001783421032499701,BETTER than expected,,,
"BERLIN-WHEELER, INC. (KANSAS)",424,1.0,10.200544477565987,0.2358490566037736,0.09803398261723142,0.0008322023764313881,0.0016692082297830152,BETTER than expected,3.0,0.0,False
"SECURITY CREDIT SERVICES, LLC",4051,10.0,102.22669459580037,0.24685262898049865,0.09782180710762035,3.0523194161364603e-31,1.710775801786161e-30,BETTER than expected,10.0,1.0,False
"DIVERSIFIED CONSULTANTS, INC.",4912,24.0,246.0872114109989,0.48859934853420195,0.09752640075195439,1.160111465838677e-73,1.2124473214404219e-72,BETTER than expected,8.0,1.0,False
"FLAGSTAR BANK, NATIONAL ASSOCIATION",499,1.0,10.367122859070445,0.20040080160320642,0.09645877777218352,0.0007149839597303882,0.0014529644795690639,BETTER than expected,6.0,0.0,False
COOLING & WINTER LLC,236,1.0,10.39214828103756,0.423728813559322,0.09622649455692324,0.0006988483936136468,0.0014243391013533272,BETTER than expected,,,
"KANSAS COUNSELORS, INC.",318,1.0,10.499457254371219,0.31446540880503143,0.09524301835541756,0.0006336522631536614,0.0012952597732111607,BETTER than expected,1.0,0.0,False
"UPGRADE, INC.",4875,8.0,86.07471671014194,0.1641025641025641,0.09294250746058375,6.832045828167573e-27,3.5836013966614815e-26,BETTER than expected,6.0,0.0,False
"CREDIT BUREAU SYSTEMS, INC., PADUCAH, KY BRANCH",352,1.0,10.890546973086325,0.2840909090909091,0.09182275256433747,0.0004431261435204559,0.0009276285233334844,BETTER than expected,2.0,0.0,False
FC HOLDCO LLC,3612,4.0,43.948614404137345,0.11074197120708748,0.09101538363001128,2.7949252315549353e-14,1.0415405018395068e-13,BETTER than expected,10.0,0.0,False
"COLLECTION BUREAU OF THE HUDSON VALLEY, INC.",693,2.0,21.989956051338293,0.2886002886002886,0.0909506137861645,1.49204054679412e-07,4.258596221855908e-07,BETTER than expected,6.0,0.0,False
STELLANTIS FINANCIAL SERVICES US CORP.,1066,1.0,11.055642421373026,0.09380863039399624,0.09045155060973903,0.00038090428314725537,0.0008046458261013449,BETTER than expected,5.0,0.0,False
"CAINE & WEINER COMPANY, INC.",14414,33.0,367.3738839168695,0.2289440821423616,0.08982674448210734,3.1857783499309963e-112,4.761539684305468e-111,BETTER than expected,12.0,0.0,False
"STELLAR RECOVERY, INC.",1199,7.0,78.34459242545478,0.5838198498748958,0.08934885973987969,7.449156490176648e-25,3.7515679425165005e-24,BETTER than expected,5.0,0.0,False
LINEBARGER GOGGAN BLAIR & SAMPSON LLP,859,3.0,34.13269153472174,0.3492433061699651,0.08789227761157445,2.1749420342763784e-11,7.337789872922733e-11,BETTER than expected,10.0,0.0,False
"FMA ALLIANCE, LTD.",338,1.0,11.393679576370683,0.2958579881656805,0.08776795883165758,0.0002792660169226874,0.0005990428449421844,BETTER than expected,2.0,0.0,False
MERCHANTS' CREDIT GUIDE COMPANY,728,2.0,23.203744794582605,0.27472527472527475,0.08619298383539115,4.911877388610371e-08,1.4434481120863455e-07,BETTER than expected,8.0,0.0,False
FINANCIAL ASSET MANAGEMENT SYSTEMS INC,256,1.0,11.655124090943652,0.390625,0.08579917229513045,0.00021955347994049302,0.00047314625909656633,BETTER than expected,,,
SYNOVUS BANK,4630,4.0,46.70177425490549,0.08639308855291576,0.0856498508636392,2.2584493821014335e-15,8.81810292449717e-15,BETTER than expected,12.0,0.0,False
"STENGER & STENGER, P.C",390,1.0,12.108407155300075,0.2564102564102564,0.08258724596672333,0.00014453249702387519,0.0003183837890066347,BETTER than expected,2.0,0.0,False
"PINNACLE FINANCIAL PARTNERS, INC.",741,1.0,12.276812733118875,0.1349527665317139,0.08145436618922458,0.00012370059824101234,0.00027599330907705804,BETTER than expected,1.0,0.0,False
GRANT MERCANTILE AGENCY,360,1.0,12.368103930270038,0.2777777777777778,0.08085313687836762,0.00011368430744915949,0.0002552232364468158,BETTER than expected,,,
TEKCOLLECT INC.,2178,5.0,62.41337098086545,0.2295684113865932,0.08011103905175845,1.3430253015859431e-20,6.16107316569129e-20,BETTER than expected,8.0,0.0,False
HOLLOWAY CREDIT SOLUTIONS,402,1.0,12.671626769576404,0.24875621890547264,0.0789164657533098,8.582871425635135e-05,0.00019493776603975226,BETTER than expected,3.0,0.0,False
"GENERAL MOTORS FINANCIAL COMPANY, INC.",9650,11.0,142.10217750928837,0.11398963730569948,0.0774090882546891,5.0004401202270735e-46,3.7368880468363616e-45,BETTER than expected,14.0,0.0,False
SUNCOAST CREDIT UNION,1313,1.0,13.790587407808605,0.07616146230007616,0.07251322735054584,3.0327695053126595e-05,7.181515523653487e-05,BETTER than expected,6.0,1.0,False
"GREENSKY OPERATIONS, LLC",535,1.0,13.873476755611398,0.18691588785046728,0.07207998525643765,2.80716599893899e-05,6.658636072568594e-05,BETTER than expected,3.0,0.0,False
CLARK COUNTY COLLECTION SERVICE,445,1.0,13.890595621305675,0.2247191011235955,0.07199115338626516,2.7626956049289343e-05,6.564353659574734e-05,BETTER than expected,3.0,0.0,False
ERC,12397,38.0,528.2509965029354,0.3065257723642817,0.07193550083494984,4.637698537806665e-171,9.917539950078868e-170,BETTER than expected,11.0,0.0,False
BOK FINANCIAL CORP,828,1.0,13.922624333242178,0.12077294685990338,0.07182553921334807,2.6813671237163687e-05,6.403952408875863e-05,BETTER than expected,12.0,0.0,False
NCB MANAGEMENT SERVICES INC.,6929,11.0,165.2076040075209,0.15875306682060902,0.06658289166580514,2.3943077764083445e-55,2.0543751908688882e-54,BETTER than expected,11.0,0.0,False
"STATE COLLECTION SERVICE, INC.",774,2.0,30.96454612484663,0.25839793281653745,0.06458999889538689,3.647794941630659e-11,1.2188545598237058e-10,BETTER than expected,9.0,0.0,False
CREDIT CORP SOLUTIONS INC.,3211,5.0,77.80721781372804,0.15571473061351604,0.06426139040172461,8.206355528142063e-27,4.28828352786371e-26,BETTER than expected,6.0,0.0,False
"SHEPHERD OUTSOURCING, LLC",551,1.0,15.85513157766969,0.18148820326678766,0.06307106283547949,4.384963561385759e-06,1.1308162059974407e-05,BETTER than expected,3.0,0.0,False
"ACIMA CREDIT, LLC",3872,5.0,83.7822901935793,0.12913223140495866,0.05967848322655636,3.004737534092771e-29,1.6443248710192724e-28,BETTER than expected,9.0,0.0,False
"SPRING OAKS CAPITAL, LLC",10798,15.0,257.25629607116423,0.13891461381737358,0.058307610849884055,4.3753385777106945e-88,5.288452715667709e-87,BETTER than expected,6.0,0.0,False
"GOAL STRUCTURED SOLUTIONS, LLC",713,3.0,55.67810030416281,0.42075736325385693,0.05388114866727418,4.00721857722649e-20,1.8143432646074337e-19,BETTER than expected,3.0,0.0,False
"HUNTINGTON NATIONAL BANK, THE",8880,7.0,130.88412097749728,0.07882882882882883,0.053482423595170116,3.964909165255205e-46,2.9790398592998565e-45,BETTER than expected,15.0,0.0,False
"UPROVA CREDIT, LLC",412,1.0,18.892536806886067,0.24271844660194175,0.05293095417633453,2.4819651639032266e-07,7.012056052490824e-07,BETTER than expected,3.0,0.0,False
"GURSTEL LAW FIRM, P.C.",585,1.0,19.96767093681158,0.17094017094017094,0.050080953515537006,8.927521064662365e-08,2.5798865446737397e-07,BETTER than expected,4.0,0.0,False
CLIMB CREDIT INC.,746,7.0,141.65642731999716,0.938337801608579,0.049415336334773095,1.4404323466487058e-50,1.1640703266521517e-49,BETTER than expected,3.0,0.0,False
"PAYPAL HOLDINGS, INC",41925,39.0,807.8443773410013,0.09302325581395349,0.048276624921705195,3.6002350055233994e-284,1.5638520805242266e-282,BETTER than expected,14.0,0.0,False
"KRIYA CAPITAL, LLC",18307,23.0,488.303216885698,0.1256350030043153,0.04710188097201055,4.807408701427298e-173,1.0441090773412414e-171,BETTER than expected,12.0,1.0,False
"SANTANDER HOLDINGS USA, INC.",17460,9.0,198.8916842443716,0.05154639175257732,0.0452507606549402,1.1783087416737651e-71,1.195510329143455e-70,BETTER than expected,5.0,0.0,False
CAPITAL ONE FINANCIAL CORPORATION,171009,86.0,1917.8476118759284,0.050289750831827566,0.044841936068048566,0.0,0.0,BETTER than expected,16.0,1.0,False
CENTRAL PORTFOLIO CONTROL INC.,3277,4.0,89.55495757734326,0.12206286237412267,0.044665310645091195,7.170776108013232e-33,4.135841821634188e-32,BETTER than expected,6.0,0.0,False
"ENOVA INTERNATIONAL, INC.",5918,10.0,224.75244675822756,0.16897600540723218,0.044493397710403025,4.669139806510277e-81,5.233955105684907e-80,BETTER than expected,14.0,0.0,False
"ONEMAIN FINANCIAL HOLDINGS, LLC.",2645,5.0,113.75579597883636,0.1890359168241966,0.04395380434883707,1.3108196401454304e-41,8.93156519510857e-41,BETTER than expected,7.0,0.0,False
"PINNACLE CREDIT SERVICES, LLC",1041,3.0,69.33709077147775,0.2881844380403458,0.04326688597142684,8.953272505200583e-26,4.62641218670216e-25,BETTER than expected,5.0,0.0,False
"HARRIS & HARRIS, LTD.",5413,7.0,165.4447033375582,0.1293183077775725,0.04231020914412619,1.9774405830170103e-60,1.7733176841249318e-59,BETTER than expected,12.0,0.0,False
JPMORGAN CHASE & CO.,174985,96.0,2402.2387081143,0.0548618453010258,0.03996272296992404,0.0,0.0,BETTER than expected,16.0,1.0,False
IQOR US INC,1909,4.0,100.69547512728231,0.20953378732320588,0.0397237313289785,1.6549744667297692e-37,1.040911542422796e-36,BETTER than expected,9.0,0.0,False
T.S. HOLDINGS,7202,7.0,176.95582292550233,0.09719522354901416,0.039557895774624895,3.16330355633736e-65,3.0324082367647795e-64,BETTER than expected,7.0,0.0,False
"TRANSUNION INTERMEDIATE HOLDINGS, INC.",4759485,324.0,8275.915799526043,0.0068074592103977635,0.039149745822517346,0.0,0.0,BETTER than expected,15.0,0.0,False
NORTHLAND GROUP INC,443,1.0,25.860290717302185,0.22573363431151242,0.038669325528151784,3.1561609748755293e-10,1.0108441831974621e-09,BETTER than expected,5.0,0.0,False
"COLLEGE AVE STUDENT LOAN SERVICING, LLC",222,1.0,26.73477604230359,0.45045045045045046,0.03740446519610476,1.3592174731494094e-10,4.414281045975886e-10,BETTER than expected,1.0,0.0,False
FISERV FINXACT CORE,3486,3.0,82.66858270573235,0.08605851979345955,0.036289481466965756,2.4448051046942887e-31,1.3758214961639924e-30,BETTER than expected,7.0,0.0,False
THE RECEIVABLE MANAGEMENT SERVICES LLC,1953,2.0,55.1572260762069,0.10240655401945725,0.03625998155231264,3.50324139031323e-21,1.6451032204511452e-20,BETTER than expected,10.0,0.0,False
"EARLY WARNING SERVICES, LLC",36728,12.0,335.92338473775106,0.0326726203441516,0.03572243120069825,1.1525297208161032e-124,1.9071622761123612e-123,BETTER than expected,10.0,0.0,False
ONEMAIN FINANCE CORPORATION,12672,8.0,229.83870369206207,0.06313131313131314,0.03480701845028852,6.088775208438886e-86,7.052831283108376e-85,BETTER than expected,8.0,0.0,False
"AFFIRM HOLDINGS, INC",17224,12.0,346.8200524061379,0.06967022758941012,0.0346000755052871,3.127195202636501e-129,5.502280166664223e-128,BETTER than expected,6.0,0.0,False
"EXPERT GLOBAL SOLUTIONS, INC.",1772,3.0,86.83586038408889,0.16930022573363432,0.03454793891291594,4.382575942131184e-33,2.559571663681658e-32,BETTER than expected,3.0,0.0,False
"FRANKLIN COLLECTION SERVICE, INC.",1716,2.0,63.068197990904366,0.11655011655011654,0.0317117035798048,1.6719390350037115e-24,8.389874579982523e-24,BETTER than expected,12.0,0.0,False
MIDFIRST BANK,2104,1.0,32.159768521337924,0.04752851711026616,0.031094751174483813,7.15865574137452e-13,2.5384008878853525e-12,BETTER than expected,11.0,0.0,False
"MCCARTHY, BURGESS & WOLFF, INC.",882,1.0,32.288594839509926,0.11337868480725624,0.030970688101185202,6.317814813298339e-13,2.245975087080484e-12,BETTER than expected,9.0,0.0,False
"ECMC GROUP, INC.",1300,2.0,64.58449841154768,0.15384615384615385,0.03096718328995183,3.8460248151923556e-25,1.958232415061309e-24,BETTER than expected,11.0,0.0,False
PENN CREDIT CORPORATION,2849,3.0,98.99797291158717,0.1053001053001053,0.03030365078969073,3.3783926359891967e-38,2.134529892738629e-37,BETTER than expected,13.0,0.0,False
DISCOVER BANK,44422,15.0,508.24664280150415,0.03376705236144253,0.02951322987067571,1.147940730797998e-192,2.8493528853736023e-191,BETTER than expected,16.0,1.0,False
"SUNTRUST BANKS, INC.",9607,6.0,206.94087463093703,0.062454460289372335,0.028993788736519713,3.007525796157694e-79,3.3178260767136465e-78,BETTER than expected,9.0,0.0,False
"ONLINE INFORMATION SERVICES, INC.",3941,3.0,110.72083601322589,0.07612281146917026,0.027095171135102722,3.818898877948705e-43,2.6809441617922728e-42,BETTER than expected,13.0,0.0,False
MR. COOPER GROUP INC.,15430,6.0,222.88624715244575,0.03888528839922229,0.026919561330745665,5.568346901281598e-86,6.504203523345732e-85,BETTER than expected,9.0,0.0,False
"NELNET, INC.",27675,71.0,2671.6475499106386,0.2565492321589883,0.02657536170980892,0.0,0.0,BETTER than expected,11.0,0.0,False
CCF INTERMEDIATE HOLDINGS LLC,2681,2.0,78.83849845657912,0.07459903021260723,0.025368316738065663,3.6759365603545367e-31,2.052028842928838e-30,BETTER than expected,5.0,0.0,False
"FIRST FEDERAL CREDIT CONTROL, INC.",1207,1.0,39.850709014707256,0.08285004142502071,0.025093656417278325,4.029828549293616e-16,1.6378542934263527e-15,BETTER than expected,10.0,0.0,False
"THE OUTSOURCE GROUP, INC",1338,1.0,40.32350548953773,0.07473841554559044,0.024799431196760865,2.5406873564006935e-16,1.0417567626539716e-15,BETTER than expected,9.0,0.0,False
"I.C. SYSTEM, INC.",24651,17.0,685.6329784190015,0.0689627195651292,0.024794606641005273,1.6135731601950948e-264,5.607166731677954e-263,BETTER than expected,14.0,0.0,False
TRANSWORLD SYSTEMS INC,21676,17.0,689.0562603172331,0.07842775419819155,0.024671425221756794,5.7252211456375934e-266,2.1508263222800686e-264,BETTER than expected,13.0,0.0,False
"SOFI TECHNOLOGIES, INC.",7083,4.0,163.1845309799162,0.05647324579980234,0.024512127319790484,8.167775814803227e-64,7.671086744984112e-63,BETTER than expected,3.0,0.0,False
SANTANDER CONSUMER USA HOLDINGS INC.,12439,7.0,298.0138482576665,0.056274620146314014,0.0234888413438684,3.182525509355259e-116,4.86122028352067e-115,BETTER than expected,11.0,0.0,False
AES/PHEAA,16529,10.0,431.2983275183234,0.06049972775122512,0.023185807507160244,6.147870308494191e-168,1.2384840186676703e-166,BETTER than expected,15.0,0.0,False
"SUNRISE CREDIT SERVICES, INC",7004,4.0,187.65801640213246,0.05711022272986865,0.021315369717158247,3.347746215006495e-74,3.5252782112568396e-73,BETTER than expected,12.0,0.0,False
BBVA FINANCIAL CORPORATION,5170,2.0,99.65314374014106,0.03868471953578337,0.020069612708007167,5.3319629469141784e-40,3.563186777024379e-39,BETTER than expected,10.0,0.0,False
TOYOTA MOTOR CREDIT CORPORATION,9272,3.0,151.59944656228268,0.032355478861087146,0.019788990448375343,1.7170807130870485e-60,1.5498325916824659e-59,BETTER than expected,14.0,0.0,False
TD BANK US HOLDING COMPANY,37484,9.0,493.54621378846235,0.024010244370931598,0.018235374415935583,4.413632956616018e-196,1.1575376999426915e-194,BETTER than expected,15.0,0.0,False
NAVY FEDERAL CREDIT UNION,48934,10.0,556.0851287210734,0.020435688887072385,0.017982858169573346,4.964132015818439e-221,1.4681156387207727e-219,BETTER than expected,15.0,1.0,False
SLM CORPORATION,6026,8.0,447.02900612900606,0.13275804845668768,0.017895930443697687,5.804823750382559e-178,1.3227385267265176e-176,BETTER than expected,15.0,0.0,False
"ORG GC GP BUYER, LLC",1254,1.0,57.11462837989754,0.07974481658692185,0.017508649331455108,1.822835673691301e-23,9.01687397306373e-23,BETTER than expected,9.0,0.0,False
"CONVERGENT RESOURCES, INC.",9095,6.0,348.3379496451455,0.06597031335898845,0.0172246521118708,2.642265907621332e-139,4.8325652784126996e-138,BETTER than expected,13.0,0.0,False
"CONTINENTAL SERVICES GROUP, INC. D/B/A CONSERVE",1880,1.0,59.51055801439327,0.05319148936170213,0.016803740938845495,1.728837574595412e-24,8.64418787297706e-24,BETTER than expected,13.0,0.0,False
"CITIZENS FINANCIAL GROUP, INC.",18100,5.0,303.8270820923434,0.027624309392265192,0.016456729155172316,4.917431668095008e-122,7.94794188215356e-121,BETTER than expected,15.0,0.0,False
BARCLAYS BANK DELAWARE,28497,5.0,314.59839849464885,0.017545706565603395,0.015893278617834565,1.228055799116596e-126,2.1074043960148994e-125,BETTER than expected,16.0,1.0,False
ENCORE CAPITAL GROUP INC.,66597,31.0,1996.5382609431779,0.04654864333228224,0.015526874994799947,0.0,0.0,BETTER than expected,14.0,0.0,False
CURO INTERMEDIATE HOLDINGS,3532,2.0,142.43503183107822,0.056625141562853906,0.014041489472701585,2.848283559469e-58,2.5057684478872848e-57,BETTER than expected,11.0,0.0,False
EXPERIAN INFORMATION SOLUTIONS INC.,4217043,93.0,7418.53923882242,0.0022053367727101667,0.012536160692298546,0.0,0.0,BETTER than expected,15.0,0.0,False
"MRS BPO, LLC",2953,1.0,88.59774048458085,0.033863867253640365,0.01128696956074219,5.967841108377635e-37,3.7198650854909924e-36,BETTER than expected,13.0,0.0,False
"EASTERN ACCOUNT SYSTEMS OF CONNECTICUT, INC.",3673,1.0,93.16401253087385,0.027225701061802342,0.010733758377663345,6.520762731544088e-39,4.1768940999291623e-38,BETTER than expected,11.0,0.0,False
"CAVALRY INVESTMENTS, LLC",6313,2.0,196.77025393937762,0.03168065895770632,0.010164137922067093,1.3680360981733757e-81,1.5459920133829205e-80,BETTER than expected,14.0,0.0,False
"THE CMI GROUP, INC.",3080,1.0,101.8084708708042,0.032467532467532464,0.009822365383220502,1.2537235540586653e-42,8.713378700707725e-42,BETTER than expected,11.0,0.0,False
RESURGENT CAPITAL SERVICES L.P.,71076,14.0,1650.334091825155,0.01969722550509314,0.008483130821418694,0.0,0.0,BETTER than expected,14.0,0.0,False
RADIUS GLOBAL SOLUTIONS LLC,8770,2.0,244.66079621569236,0.02280501710376283,0.008174583059219693,3.356179435510021e-102,4.618900411246465e-101,BETTER than expected,12.0,0.0,False
CL HOLDINGS LLC,52439,9.0,1374.4343398185572,0.017162798680371478,0.006548148383129102,0.0,0.0,BETTER than expected,13.0,0.0,False
"BREAD FINANCIAL HOLDINGS, INC.",48937,4.0,630.9543893876311,0.008173774444694198,0.006339602461411158,1.2692833626910003e-264,4.523856087539719e-263,BETTER than expected,10.0,0.0,False
ALLY FINANCIAL INC.,30047,2.0,430.9074776723408,0.006656238559589976,0.00464136758731485,1.3490995902305679e-182,3.1254140507008157e-181,BETTER than expected,15.0,0.0,False
CENTRAL RESEARCH INC,1474,1.0,222.16138311845452,0.06784260515603799,0.0045012323292334235,1.4661765183711326e-94,1.9046592154540881e-93,BETTER than expected,2.0,0.0,False
"NAVIENT SOLUTIONS, LLC.",43557,3.0,1295.9977711409088,0.00688752668916592,0.0023148187958371277,0.0,0.0,BETTER than expected,15.0,0.0,False
DOLLAR MUTUAL BANCORP,172,0.0,1.6115832217143276,0.0,0.0,0.39914279610041226,0.464663724103495,no clear signal,,,
"NATIONAL ENTERPRISE SYSTEMS, INC.",939,0.0,36.91239716711429,0.0,0.0,1.8628573177928242e-16,7.6835954650801945e-16,BETTER than expected,10.0,0.0,False
"MORTGAGE RESEARCH CENTER, LLC",663,0.0,10.845674003439653,0.0,0.0,3.8977467980620445e-05,9.151804137341625e-05,BETTER than expected,7.0,0.0,False
"NATIONAL COLLECTION SYSTEMS, INC.",527,0.0,16.777216808057496,0.0,0.0,1.0346115305503675e-07,2.9713017096384525e-07,BETTER than expected,3.0,0.0,False
"DEBT RECOVERY SOLUTIONS, LLC",3196,0.0,101.2460966420271,0.0,0.0,2.1399760347815631e-44,1.5492534835137358e-43,BETTER than expected,13.0,0.0,False
SERVATUS CORPORATION,173,0.0,5.413297121784637,0.0,0.0,0.008913841895861821,0.015507184274402919,BETTER than expected,,,
FIRST AMERICAN FINANCIAL CORPORATION,256,0.0,4.925450609642644,0.0,0.0,0.01451890872511084,0.02426008852366072,BETTER than expected,,,
"PROSPER MARKETPLACE, INC.",1563,0.0,35.719894171387956,0.0,0.0,6.138709230888152e-16,2.473277052444792e-15,BETTER than expected,10.0,0.0,False
"PROFESSIONAL PLACEMENT SERVICES, LLC",225,0.0,7.807810039247609,0.0,0.0,0.0008130947929753513,0.0016356031291399975,BETTER than expected,1.0,0.0,False
PROFESSIONAL COLLECTORS CORP.,101,0.0,2.2828447845667457,0.0,0.0,0.20398728734687194,0.2587065049380949,no clear signal,,,
"FLAGSTAR BANK, N.A.",4198,0.0,82.58534782183646,0.0,0.0,2.7206279197346828e-36,1.6840079392352726e-35,BETTER than expected,11.0,0.0,False
GARCADIA FINANCIAL LLC,108,0.0,1.8271037256094145,0.0,0.0,0.3217576858809047,0.38489086348920615,no clear signal,,,
"RABOBANK, NATIONAL ASSOCIATION",104,0.0,2.5110884478184374,0.0,0.0,0.16235966225143994,0.210522323255132,no clear signal,,,
"CREDIT CONTROL, LLC",4009,0.0,104.26324938812873,0.0,0.0,1.0473120999104288e-45,7.784833256018696e-45,BETTER than expected,7.0,0.0,False
FUEL CAPITAL GROUP,122,0.0,1.8193779646170936,0.0,0.0,0.3242531360731108,0.38720950098077667,no clear signal,,,
"SERVICEMAC, LLC",527,0.0,11.206214118764285,0.0,0.0,2.717897291539031e-05,6.468967868560365e-05,BETTER than expected,5.0,0.0,False
"SHERMETA LAW GROUP, PLLC",130,0.0,5.630224520362047,0.0,0.0,0.00717553941908481,0.012657360142801886,BETTER than expected,,,
"CUSTOMERS BANCORP, INC",215,0.0,3.665557511999111,0.0,0.0,0.051179801258789674,0.07576136714559921,no clear signal,1.0,0.0,False
DEBT CO LLC,215,0.0,5.80216890955431,0.0,0.0,0.0060419907377618305,0.010822638048310495,BETTER than expected,2.0,0.0,False
FORD MOTOR CREDIT CO.,3704,0.0,61.34252291084389,0.0,0.0,4.574154077577838e-27,2.4083614272095436e-26,BETTER than expected,14.0,0.0,False
"FIRST INVESTORS SERVICING CORPORATION, ATLANTA, GA BRANCH",300,0.0,7.000742703943692,0.0,0.0,0.0018224099173229664,0.0034796013531303888,BETTER than expected,3.0,0.0,False
"FIRST MIDWEST BANCORP, INC.",181,0.0,3.3375501090495288,0.0,0.0,0.07104776167246639,0.10097790258152176,no clear signal,,,
MONTEREY FINANCIAL SERVICES LLC,2500,0.0,78.01274904438289,0.0,0.0,2.633440847075056e-34,1.5777943006182447e-33,BETTER than expected,12.0,0.0,False
"NATHAN & NATHAN, P.C.",116,0.0,3.4935326141831364,0.0,0.0,0.060786628898816995,0.0886604555816953,no clear signal,,,
"AMERICAN COLLECTION SERVICES, INC. (OK, TX)",114,0.0,3.6378238189527234,0.0,0.0,0.0526190720532831,0.0776438536667341,no clear signal,,,
"AMERICAN ADJUSTMENT BUREAU,INC.",211,0.0,8.344371211068466,0.0,0.0,0.0004754617929562069,0.00099382239429944,BETTER than expected,,,
"VALENTINE AND KEBARTAS, INC.",204,0.0,8.475385684531023,0.0,0.0,0.00041707749922576497,0.0008757367430873313,BETTER than expected,,,
"NCP HOLDINGS, L.P.",115,0.0,2.8682992520825272,0.0,0.0,0.11359087841942749,0.1528651236439241,no clear signal,,,
NBT BANCORP INC.,198,0.0,3.312601510821777,0.0,0.0,0.07284259998722936,0.10331756528800899,no clear signal,,,
ZIONS DEBT HOLDINGS,1627,0.0,36.526338694551455,0.0,0.0,2.740581088235009e-16,1.1204140331313714e-15,BETTER than expected,4.0,0.0,False
"ADVANTAGE CREDIT, INC.",365,0.0,1.354386601423929,0.0,0.0,0.5162111349844201,0.5819411821803276,no clear signal,3.0,0.0,False
"WILBER AND ASSOCIATES, P.C.",260,0.0,10.328476983988427,0.0,0.0,6.53776694563518e-05,0.00014977829684971594,BETTER than expected,1.0,0.0,False
"MUTUAL OF OMAHA MORTGAGE, LLC",178,0.0,2.814316398135566,0.0,0.0,0.11989136743560716,0.15993186251007097,no clear signal,,,
MUTUAL MANAGEMENT SERVICES LLC,192,0.0,4.785466439912254,0.0,0.0,0.016700455919682212,0.02753693206210946,BETTER than expected,,,
MULLOOLY JEFFREY ROONEY & FLYNN,146,0.0,5.366944350820136,0.0,0.0,0.00933674890549094,0.016182145858643898,BETTER than expected,,,
MUFG AMERICAS HOLDINGS CORPORATION,434,0.0,6.452270234466233,0.0,0.0,0.0031538761654625017,0.005821896241690408,BETTER than expected,3.0,0.0,False
WOLF RIVER DEVELOPMENT COMPANY,360,0.0,14.893701886876087,0.0,0.0,6.804205960935874e-07,1.843634753547927e-06,BETTER than expected,3.0,0.0,False
WESTERN ALLIANCE BANCORPORATION,115,0.0,1.7716201081436185,0.0,0.0,0.34011450876641064,0.40303424312473213,no clear signal,,,
AFNI INC.,5014,0.0,215.92307753303032,0.0,0.0,3.3637902505736997e-94,4.329322637312447e-93,BETTER than expected,14.0,0.0,False
"CERTEGY HOLDINGS, LLC",647,0.0,6.35241238237706,0.0,0.0,0.003485076785685489,0.006399282340954861,BETTER than expected,8.0,0.0,False
"STERLING JEWELERS, INC.",1470,0.0,42.470031896473174,0.0,0.0,7.186699679421348e-19,3.131508637741591e-18,BETTER than expected,9.0,0.0,False
"HAUGE ASSOCIATES, INC.",106,0.0,3.9558031300482503,0.0,0.0,0.03828657564886964,0.05893503892793887,no clear signal,,,
FIRST HORIZON BANK - WEST CONGRESS STREET BRANCH,255,0.0,5.0291979366096955,0.0,0.0,0.013088114429826514,0.02207825128332385,BETTER than expected,1.0,0.0,False
RENASANT CORPORATION,226,0.0,2.60365460180694,0.0,0.0,0.14800526652141333,0.193352744797711,no clear signal,,,
"HATFIELD, INC.",136,0.0,2.8630207254700517,0.0,0.0,0.11419205616458611,0.1533593797765939,no clear signal,1.0,0.0,False
"COLLECTECH DIVERSIFIED, INC.",194,0.0,6.133804672551348,0.0,0.0,0.004336631033006041,0.007869343519423495,BETTER than expected,1.0,0.0,False
"CLIENT SERVICES, INC.",791,0.0,27.889850029518765,0.0,0.0,1.5439101655403853e-12,5.433000329369963e-12,BETTER than expected,4.0,0.0,False
EASTERN BANKSHARES INC,134,0.0,1.8456288457578383,0.0,0.0,0.3158519571514908,0.37815178332521293,no clear signal,,,
HUNTINGTON DEBT HOLDING LLC,104,0.0,2.4576467167998404,0.0,0.0,0.17127248070942383,0.22104804845505954,no clear signal,,,
SANTANDER BANCORP,164,0.0,2.9542878340620087,0.0,0.0,0.10423152486779147,0.14190188008445656,no clear signal,,,
SCHOOLSFIRST FEDERAL CREDIT UNION,688,0.0,11.20704224253372,0.0,0.0,2.715647467883819e-05,6.468967868560365e-05,BETTER than expected,6.0,0.0,False
SECURITY NATIONAL AUTOMOTIVE ACCEPTANCE,111,0.0,4.044072116355544,0.0,0.0,0.03505191832868748,0.05462126286645247,no clear signal,,,
SECURITY SERVICE FEDERAL CREDIT UNION,304,0.0,3.4566797771496742,0.0,0.0,0.06306857852650048,0.09124349373378832,no clear signal,4.0,0.0,False
"SECURUS J HOLDINGS, LLC",282,0.0,7.84606847868228,0.0,0.0,0.0007825746050933932,0.001581073693429966,BETTER than expected,2.0,0.0,False
FIRST COMMONWEALTH FINANCIAL CORPORATION,113,0.0,1.0177799952467217,0.0,0.0,0.722792703788089,0.7772385157194753,no clear signal,,,
"HOME BANCSHARES, INC.",141,0.0,1.8525045047935869,0.0,0.0,0.3136877156079521,0.37613861394922743,no clear signal,,,
"HILLTOP HOLDINGS, INC",169,0.0,2.568942930119483,0.0,0.0,0.1532329832382462,0.199619350235391,no clear signal,,,
"SPARROW FINANCIAL, INC.",310,0.0,3.245137711709918,0.0,0.0,0.07792639659829512,0.10974436805636292,no clear signal,2.0,0.0,False
"SOUTHERN OREGON CREDIT SERVICE, INC.",108,0.0,3.9486277546604605,0.0,0.0,0.03856228417462156,0.059155030094271165,no clear signal,,,
CORNERSTONE HOME LENDING INC.,172,0.0,2.7584264963661917,0.0,0.0,0.12678287316146933,0.16783637494708795,no clear signal,,,
SOUTHERN MANAGEMENT SYSTEMS INC.,866,0.0,26.969602047630364,0.0,0.0,3.875079771775761e-12,1.346590220692077e-11,BETTER than expected,7.0,0.0,False
"CORNERSTONE HOLDINGS, INC.",163,0.0,4.396930452380526,0.0,0.0,0.024630167362135583,0.039306466858057935,BETTER than expected,,,
"COMMERCIAL TRADE, INC.",108,0.0,4.15179923526997,0.0,0.0,0.0314721561841344,0.049486761420754324,BETTER than expected,,,
PREMIER AUTO CREDIT,140,0.0,2.0944413211148305,0.0,0.0,0.2462780392210766,0.3051038097302108,no clear signal,,,
"PRESSLER & PRESSLER, LLP",988,0.0,45.31533803121607,0.0,0.0,4.176656346073089e-20,1.8849195847537644e-19,BETTER than expected,10.0,0.0,False
"COMMUNITY HEALTH INVESTMENT COMPANY, LLC.",212,0.0,9.733256453526582,0.0,0.0,0.00011855788057515957,0.00026494445980622476,BETTER than expected,,,
PREFERRED CREDIT INC,413,0.0,9.97993562602916,0.0,0.0,9.26401017808793e-05,0.0002100648311181439,BETTER than expected,3.0,0.0,False
STARMARK FINANCIAL LLC,334,0.0,8.786444303703334,0.0,0.0,0.00030558055759120954,0.0006524684716617224,BETTER than expected,2.0,0.0,False
HANWHA QCELLS USA CORP,123,0.0,4.827530336147741,0.0,0.0,0.016012539329494258,0.026528521654346864,BETTER than expected,1.0,0.0,False
"COLLEGE FOUNDATION, INC.",142,0.0,4.5536720422535515,0.0,0.0,0.02105694463852736,0.03399437055464928,BETTER than expected,,,
"COLUMBIA BANKING SYSTEM, INC.",310,0.0,3.9499223413221443,0.0,0.0,0.038512394256264224,0.05915163316707986,no clear signal,4.0,0.0,False
"GFS II, LLC",328,0.0,5.596764107346472,0.0,0.0,0.007419697975168109,0.013054911627194521,BETTER than expected,2.0,0.0,False
"SMITH, ROUCHON & ASSOCIATES, INC.",316,0.0,10.3280317938456,0.0,0.0,6.540678143005581e-05,0.00014977829684971594,BETTER than expected,1.0,0.0,False
"GLASSER AND GLASSER, PLC",325,0.0,11.553921051333452,0.0,0.0,1.9196667325885896e-05,4.64058566660546e-05,BETTER than expected,1.0,0.0,False
GLOBAL CREDIT UNION,289,0.0,3.163303346415265,0.0,0.0,0.08457165076607615,0.11802670137032716,no clear signal,4.0,0.0,False
PROVIDENT FUNDING ASSOCIATES,505,0.0,10.743731605770058,0.0,0.0,4.31605175935436e-05,0.00010049098736185193,BETTER than expected,2.0,0.0,False
SOLAR SERVICING HOLDINGS LLC,173,0.0,7.669703750746407,0.0,0.0,0.0009335121587262808,0.0018563403442482548,BETTER than expected,1.0,0.0,False
"SPECIAL FINANCING COMPANY, LLC",113,0.0,5.055212916815204,0.0,0.0,0.012752018116511724,0.021589896689343843,BETTER than expected,,,
CONTEMPORARY INFORMATION CORP,475,0.0,0.7571558468532978,0.0,0.0,0.9379968705394615,0.9773730510118827,no clear signal,3.0,0.0,False
DREAM CENTER EDUCATION HOLDINGS,107,0.0,3.0749367429500074,0.0,0.0,0.09238510058745317,0.1275226313967824,no clear signal,,,
"DATA AND CONTACT MANAGEMENT SOLUTIONS, LLC",208,0.0,7.083277468410594,0.0,0.0,0.0016780375592394478,0.0032172030446108034,BETTER than expected,,,
CHECK INTO CASH INC.,541,0.0,30.68063064499921,0.0,0.0,9.475484057035996e-14,3.475177530153044e-13,BETTER than expected,6.0,0.0,False
"PERPAY, INC.",278,0.0,3.7222791821958863,0.0,0.0,0.048357594227199034,0.07196686935311206,no clear signal,2.0,0.0,False
"PETER ROBERTS & ASSOCIATES, INC.",131,0.0,4.857338558268559,0.0,0.0,0.015542277652328821,0.0258109509399487,BETTER than expected,,,
TORRIERE HOLDINGS INC,375,0.0,10.753264732252696,0.0,0.0,4.275101792761312e-05,9.970455523386281e-05,BETTER than expected,4.0,0.0,False
BLOCKFI INC,182,0.0,2.8798987413920485,0.0,0.0,0.11228089449973828,0.15152470228605458,no clear signal,1.0,0.0,False
"THE SAVINGS GROUP, INC.",141,0.0,1.2685914726857141,0.0,0.0,0.5624549189940913,0.6279617167885838,no clear signal,1.0,0.0,False
IOWA STUDENT LOAN LIQUIDITY CORPORATION,236,0.0,11.883417169604819,0.0,0.0,1.3807895537052706e-05,3.4030097156920676e-05,BETTER than expected,,,
"INTEGRITY SOLUTION SERVICES, INC.",163,0.0,8.79807754633059,0.0,0.0,0.0003020462623382875,0.0006459143148464917,BETTER than expected,1.0,0.0,False
PARK HILL HOLDINGS,482,0.0,0.9608577938009676,0.0,0.0,0.765129167318129,0.81936020228983,no clear signal,6.0,0.0,False
"PAVILION PAYMENTS US BUYERCO, LLC",287,0.0,2.172030930195368,0.0,0.0,0.22789193090921933,0.28439360618551207,no clear signal,2.0,0.0,False
KASHABLE LLC,371,0.0,5.735784437496556,0.0,0.0,0.006456697873715066,0.01149143411583091,BETTER than expected,3.0,0.0,False
TFS FINANCIAL CORPORATION,374,0.0,6.622454407215935,0.0,0.0,0.0026603243523302166,0.004990352023939273,BETTER than expected,,,
"THE CBE GROUP, INC.",4719,0.0,161.3304363707548,0.0,0.0,1.7223115610271283e-70,1.7223115610271283e-69,BETTER than expected,14.0,0.0,False
"JNR ADJUSTMENT COMPANY, INC",102,0.0,4.199583127383829,0.0,0.0,0.030003658737970843,0.04739214277929485,BETTER than expected,,,
"TEXAS CAPITAL BANCSHARES, INC.",180,0.0,1.6905695449458877,0.0,0.0,0.3688289235047111,0.4333661907620866,no clear signal,,,
CADENCE BANK,320,0.0,3.534008536398669,0.0,0.0,0.058375362343759854,0.0855023747711551,no clear signal,3.0,0.0,False
"I.Q. DATA INTERNATIONAL, INC.",1698,0.0,82.58340742895258,0.0,0.0,2.7259121318556573e-36,1.6840079392352726e-35,BETTER than expected,7.0,0.0,False
"IDEAL COLLECTION SERVICES, INC.",434,0.0,11.976904677280505,0.0,0.0,1.2575532502892635e-05,3.115862777009049e-05,BETTER than expected,3.0,0.0,False
INFORMATIVE RESEARCH,229,0.0,1.0174938335950423,0.0,0.0,0.7229995689390515,0.7772385157194753,no clear signal,,,
PENDRICK CAPITAL PARTNERS,230,0.0,5.910444008577295,0.0,0.0,0.00542196584090204,0.009775009752080201,BETTER than expected,2.0,0.0,False
"PENDRICK CAPITAL PARTNERS HOLDING, LLC",315,0.0,15.25128964742716,0.0,0.0,4.758598461810933e-07,1.3072039252800783e-06,BETTER than expected,3.0,0.0,False
"SUNSET MANAGEMENT, INC",273,0.0,7.665317532530545,0.0,0.0,0.000937615739783573,0.0018618369689988093,BETTER than expected,2.0,0.0,False
"MADISON AUTO, LLC",100,0.0,1.5944193625252006,0.0,0.0,0.4060527580180965,0.47154275479788604,no clear signal,1.0,0.0,False
"TROMBERG, MILLER, MORRIS & PARTNERS, PLLC",107,0.0,2.986329161181596,0.0,0.0,0.10094474605281122,0.1379677453425837,no clear signal,,,
BANK OZK,291,0.0,4.039802410532146,0.0,0.0,0.035201899668745824,0.054746070193376434,no clear signal,1.0,0.0,False
"BANKMOBILE TECHNOLOGIES, INC",257,0.0,3.4803690155469567,0.0,0.0,0.06159208943284243,0.08945977462032495,no clear signal,3.0,0.0,False
"KINUM, INC., INDIANAPOLIS, IN BRANCH",594,0.0,15.791950477207424,0.0,0.0,2.7712330188364874e-07,7.797598980126959e-07,BETTER than expected,3.0,0.0,False
KIKOFF INC.,6951,0.0,93.4707840146443,0.0,0.0,5.095470351333101e-41,3.4215960330207784e-40,BETTER than expected,6.0,0.0,False
KOVO,1064,0.0,10.803461425677913,0.0,0.0,4.065802822672193e-05,9.504590681993153e-05,BETTER than expected,4.0,0.0,False
"TROJAN PROFESSIONAL SERVICES, INC.",118,0.0,4.8446173065385345,0.0,0.0,0.015741257833881025,0.026110200941640363,BETTER than expected,,,
PACIFIC CREDIT EXCHANGE CORPORATION,157,0.0,3.363428336380379,0.0,0.0,0.06923275738001136,0.09880239502896898,no clear signal,,,
"OUT TECH, INC.",114,0.0,3.4919659678150374,0.0,0.0,0.06088193468594988,0.08870638282334416,no clear signal,,,
"BRANCH MESSENGER, INC.",341,0.0,7.366529660603736,0.0,0.0,0.0012641156653538873,0.002460953466165131,BETTER than expected,2.0,0.0,False
BONNEVILLE BILLING AND COLLECTIONS,576,0.0,20.641535580445307,0.0,0.0,2.1703261093353713e-09,6.779220880845318e-09,BETTER than expected,3.0,0.0,False
"BILL.COM, LLC",122,0.0,1.9819950373509587,0.0,0.0,0.2755881172252029,0.3383988365221131,no clear signal,,,
"LAW OFFICES OF HAYT, HAYT & LANDAU, LLC",150,0.0,5.222094466247282,0.0,0.0,0.0107920310204544,0.01842865247964572,BETTER than expected,,,
LENDBUZZ INC.,322,0.0,4.129523477833564,0.0,0.0,0.032181088994268754,0.05048726151471057,no clear signal,2.0,0.0,False
ORION CAPITAL SOLUTIONS LLC,118,0.0,3.5570621761935053,0.0,0.0,0.05704499163151305,0.08373024114868337,no clear signal,,,
OFG BANCORP,149,0.0,1.8518284719924631,0.0,0.0,0.31389985049000274,0.37613861394922743,no clear signal,2.0,0.0,False
"NORTHSTAR LOCATION SERVICES, LLC",739,0.0,29.219602636847974,0.0,0.0,4.084301624062176e-13,1.4669713843530812e-12,BETTER than expected,7.0,0.0,False
"NORTH SHORE AGENCY, LLC",325,0.0,19.297176265400633,0.0,0.0,8.324781190567064e-09,2.5265165622026676e-08,BETTER than expected,3.0,0.0,False
"MAXIMUS FEDERAL SERVICES, INC.",12596,0.0,1543.2152620520153,0.0,0.0,0.0,0.0,BETTER than expected,5.0,0.0,False
"ATLANTIC UNION BANKSHARES, INC.",251,0.0,3.151925442312557,0.0,0.0,0.08553939390255472,0.11925753011489575,no clear signal,,,
"LYONS, DOUGHTY & VELDHUIS, PC",185,0.0,6.339723101692854,0.0,0.0,0.003529581673560269,0.006461211390143482,BETTER than expected,1.0,0.0,False
"ASCENSION POINT RECOVERY SERVICES, LLC",173,0.0,7.584815675534444,0.0,0.0,0.0010162168729522692,0.0020093050546282423,BETTER than expected,,,
"M. G. CREDIT, INC.",247,0.0,8.152453361983286,0.0,0.0,0.00057605571102077,0.0011844932519509915,BETTER than expected,1.0,0.0,False
ASTORIA BANK,289,0.0,5.730923728323929,0.0,0.0,0.0064881584025935565,0.011532660076221283,BETTER than expected,2.0,0.0,False
ASSOCIATED BANC-CORP,907,0.0,14.187091406113366,0.0,0.0,1.3792864943901965e-06,3.6940428269795244e-06,BETTER than expected,6.0,0.0,False
ARCON CREDIT SOLUTIONS LLC,145,0.0,3.402466428298101,0.0,0.0,0.06658211721754768,0.09580656618259967,no clear signal,1.0,0.0,False
OPENROAD LENDING,124,0.0,2.903740823402336,0.0,0.0,0.10963554483679293,0.14838695941883365,no clear signal,,,
"LAW OFFICE OF BRETT M. BORLAND, P.C.",237,0.0,6.334745663857813,0.0,0.0,0.0035471937420507456,0.006479105520959969,BETTER than expected,2.0,0.0,False
"ASSET MANAGEMENT OUTSOURCING, INC.",674,0.0,28.38458707227614,0.0,0.0,9.413702279685046e-13,3.3210777078076682e-12,BETTER than expected,8.0,0.0,False
LARRY H. MILLER GROUP OF COMPANIES,830,0.0,10.251620951299225,0.0,0.0,7.0600468977999e-05,0.00016140567743325426,BETTER than expected,3.0,0.0,False
LAKE MICHIGAN CREDIT UNION,176,0.0,1.9112803117590134,0.0,0.0,0.29578183769999516,0.3571996128609846,no clear signal,1.0,0.0,False
SAN DIEGO COUNTY CREDIT UNION,249,0.0,2.8303902750686065,0.0,0.0,0.11797965383521836,0.15754147554389478,no clear signal,3.0,0.0,False
"RSI ENTERPRISES, INC.",261,0.0,9.883114793874247,0.0,0.0,0.00010205816997999092,0.00023066805897916645,BETTER than expected,,,
"RUBIN & ROTHMAN, LLC",390,0.0,13.61471496311588,0.0,0.0,2.444749773122547e-06,6.423822655274746e-06,BETTER than expected,2.0,0.0,False
"SA-VIT ENTERPRISES, INC.",233,0.0,7.733211629475133,0.0,0.0,0.0008760700986712647,0.0017521401973425292,BETTER than expected,,,
"ASPEN NATIONAL FINANCIAL, INC.",274,0.0,9.547722566120392,0.0,0.0,0.00014272720805182885,0.0003149060622095906,BETTER than expected,1.0,0.0,False
"RIDGE & VALLEY REALTY, INC.",129,0.0,4.603833913483289,0.0,0.0,0.02002674331429438,0.032520062157557456,BETTER than expected,,,
"ROADRUNNER ACCOUNT SERVICES, LLC",263,0.0,4.107818874035074,0.0,0.0,0.032887202012336435,0.05147884098777888,no clear signal,2.0,0.0,False
"ESCALLATE, LLC",114,0.0,7.911853491360698,0.0,0.0,0.0007327497564138041,0.0014847261828209732,BETTER than expected,,,
"APELLES, LLC",204,0.0,6.565202978100189,0.0,0.0,0.0028170760390329903,0.0052641093744888795,BETTER than expected,1.0,0.0,False
"AR RESOURCES, INC. (FL)",104,0.0,4.995943165177082,0.0,0.0,0.013530674516839494,0.022742004326973275,BETTER than expected,,,
"ARBOR PROFESSIONAL SOLUTIONS, INC.",191,0.0,5.690418424766277,0.0,0.0,0.00675635831957099,0.011978747530872037,BETTER than expected,,,
"NEW CENTURY FINANCIAL SERVICES, INC.",108,0.0,5.3514298103412825,0.0,0.0,0.009482733790315032,0.016407086687938614,BETTER than expected,,,
"EAGLE FINANCIAL SERVICES, INC.",211,0.0,6.121969760149039,0.0,0.0,0.004388259588506663,0.00795264775492081,BETTER than expected,1.0,0.0,False
UNITED REVENUE CORPORATION,1691,0.0,47.760237719172196,0.0,0.0,3.622615990865612e-21,1.695433073166061e-20,BETTER than expected,10.0,0.0,False
UNIVERSAL ACCEPTANCE CORPORATION (NE),378,0.0,8.709018782679337,0.0,0.0,0.00033018032870926474,0.0007017594142291713,BETTER than expected,2.0,0.0,False
AMSCOT CORPORATION,145,0.0,5.933990650893755,0.0,0.0,0.005295788111350989,0.009559929188023215,BETTER than expected,,,
"MERCANTILE ADJUSTMENT BUREAU, LLC",664,0.0,25.565203148230243,0.0,0.0,1.5783500910517564e-11,5.364074881569539e-11,BETTER than expected,4.0,0.0,False
MEDICAL-COMMERCIAL AUDIT INC,334,0.0,8.045431194353664,0.0,0.0,0.0006411263453772988,0.001308613245336924,BETTER than expected,3.0,0.0,False
MECHANICS BANK,601,0.0,7.164108976556703,0.0,0.0,0.0015477364101463057,0.002983846893347247,BETTER than expected,7.0,0.0,False
NEW YORK STATE HIGHER EDUCATION SERVICES CORPORATION (HESC)—,140,0.0,4.0661206918441914,0.0,0.0,0.03428753125081332,0.05349008803437768,no clear signal,,,
"ACCOUNT DISCOVERY SYSTEMS, LLC",139,0.0,8.314244460932862,0.0,0.0,0.0004900038643937139,0.0010211474835191338,BETTER than expected,,,
"MAURY COBB, ATTORNEY AT LAW, LLC",281,0.0,10.653805066624926,0.0,0.0,4.722165935137857e-05,0.00010976271989701708,BETTER than expected,,,
MIDWEST RECEIVABLE SOLUTIONS LLC,105,0.0,2.240509019004395,0.0,0.0,0.2128086575334445,0.26891275815589805,no clear signal,,,
"MERCARI, INC.",139,0.0,2.4227071401877662,0.0,0.0,0.17736243943442076,0.22763969604233136,no clear signal,,,
AMERICAN CORADIUS INTERNATIONAL LLC,1085,0.0,37.341526891512146,0.0,0.0,1.2128606912997839e-16,5.032466748975222e-16,BETTER than expected,9.0,0.0,False
ALBERT CORPORATION,743,0.0,14.605842979213117,0.0,0.0,9.073879054035115e-07,2.4475398689670267e-06,BETTER than expected,5.0,0.0,False
"ALLIANCE COLLECTION AGENCIES, INC.",223,0.0,8.722844509287935,0.0,0.0,0.00032564675792415624,0.0006931837572964428,BETTER than expected,,,
"ALL STATE CREDIT BUREAU, INC.",223,0.0,5.075936072838692,0.0,0.0,0.012490475410495753,0.0211728790494989,BETTER than expected,,,
"ALLIED INTERNATIONAL CREDIT CORP., (US)",233,0.0,10.236167531973274,0.0,0.0,7.169996120639351e-05,0.00016365015776171918,BETTER than expected,1.0,0.0,False
AD ASTRA RECOVERY SERVICES INC,1938,0.0,94.83731281353242,0.0,0.0,1.2992967801785795e-41,8.896662682010963e-41,BETTER than expected,7.0,0.0,False
"ADVANCED COLLECTION BUREAU, INC.",413,0.0,14.492890683609447,0.0,0.0,1.0158920107900356e-06,2.7313150773658597e-06,BETTER than expected,1.0,0.0,False
ZWICKER & ASSOCIATES,1054,0.0,36.63507418620919,0.0,0.0,2.4582125551822407e-16,1.01092173127317e-15,BETTER than expected,8.0,0.0,False
